job_title,company,date_posted,location,remote_status,employment_type,schedule,license_requirements,salary_range,job_description,apply_link,specialties,source_site,scraped_at
REVENUE INTEGRITY CLINICAL CHARGE ANALYST RN,HCA,2026-05-01,Remote,Remote,Full-time,Days,Must Be Licensed In: State Of Residency,,"This Work from Home position requires that you live and will perform the duties of the position; within 60 miles of an HCA Healthcare Hospital (Our hospitals are located in the following states: FL, GA, ID, KS, KY, MO, NV, NH, NC, SC, TN, TX, UT, VA). Do you want to join an organization that invests in you as a Revenue Integrity Clinical Charge Analyst RN? At Parallon, you come first. HCA Healthcare has committed up to $300 million in programs to support our incredible team members over the course of three years. Benefits Parallon offers a total rewards package that supports the health, life, career and retirement of our colleagues. The available plans and programs include: Comprehensive medical coverage that covers many common services at no cost or for a low copay. Plans include prescription drug and behavioral health coverage as well as free telemedicine services and free AirMed medical transportation. Additional options for dental and vision benefits, life and disability coverage, flexible spending accounts, supplemental health protection plans (accident, critical illness, hospital indemnity), auto and home insurance, identity theft protection, legal counseling, long-term care coverage, moving assistance, pet insurance and more. Free counseling services and resources for emotional, physical and financial wellbeing 401(k) Plan with a 100% match on 3% to 9% of pay (based on years of service) Employee Stock Purchase Plan with 10% off HCA Healthcare stock Family support through fertility and family building benefits with Progyny and adoption assistance. Referral services for child, elder and pet care, home and auto repair, event planning and more Consumer discounts through Abenity and Consumer Discounts Retirement readiness, rollover assistance services and preferred banking partnerships Education assistance (tuition, student loan, certification support, dependent scholarships) Colleague recognition program Time Away From Work Program (paid time off, paid family",https://app.nursefern.com,Quality,NurseFern,2026-05-02T09:59:03.434040
"RN, REGISTERED NURSE | TELEPHONE NURSE ADVISOR",Gundersen Health System,2026-05-01,Remote,Remote,Full-time,"Days, Evenings","Must Be Licensed In: Iowa, Minnesota, Wisconsin",,"Gundersen Telephone Nurse Advisors provide callers from our community with professional and compassionate communication to enrich the patient experience. If you enjoy helping patients with diverse situations and are skilled the coordination of care, then this job is for you! What you will do: 0.7 or .8 FTE, you pick! 8-hour shifts, Day/PM rotation, every 3rd weekend Every 3rd holiday Potential to work remotely after meeting competency criteria (must reside in WI, IA, or MN & live within 2 hours of Onalaska, WI) Use the nursing process to assess caller concerns using Schmitt-Thompson clinical protocols to assist in determining the appropriate care recommendations or level of care What you will need: 3 years' experience as a Registered Nurse, telehealth experience preferred RN licensure to work in the states of WI, MN, and IA required upon hire Strong critical thinking skills Ability to work autonomously What you will get: Gundersen's generous compensation and benefit package, including our top-rated retirement plan Growth opportunities and access to Gundersen's Career Development Center to help you navigate your career Applicants are encouraged to submit a cover letter and resume. Emplify Health is comprised of two of the Midwest's most respected healthcare systems, Bellin Health and Gundersen Health System. Once neighbors, we are now partners, united in our mission to provide exceptional care to our communities. As a not-for-profit, patient-centered healthcare network, we have headquarters in Green Bay and La Crosse, Wisconsin. Our extensive network includes 11 hospitals and more than 100 clinics, serving 67 cities and rural communities across Wisconsin, Iowa, Minnesota and Michigan's Upper Peninsula. With over 4,500 dedicated nurses and providers, we are committed to delivering primary, specialty and emergency care, along with innovative medical education programs. Join us in making a meaningful difference in the lives of our patients and communities.",https://app.nursefern.com,Triage,NurseFern,2026-05-02T09:59:05.555844
"INFECTION PREVENTIONIST , RN",Genesis Healthcare,2026-05-01,Remote,On-site,Full-time,Days,Must Be Licensed In: Washington,$40 - $43 Hourly,"Overview: At Genesis Healthcare, we are dedicated to improving the lives we touch through the delivery of high-quality care and exceptional service. As a leading provider in the long-term care industry, we believe in fostering a collaborative, inclusive and supportive work environment where every team member is valued and empowered to make a difference. Whether you're an experienced professional or just starting your career, we offer opportunities for growth, development, and advancement in a range of roles. Join us in our mission to enhance the well-being of our patients and residents while making a meaningful impact in the communities we serve. Responsibilities: The Infection Preventionist (IP) is responsible for the nursing center's Infection Prevention and Control Program (IPCP) and functions as a practitioner, resource, consultant, educator and facilitator for staff in multiple locations focusing on the following areas: Infection Prevention - Control Activities, Outcome - Process Surveillance, Outbreak Management, and Employee Health. *Support new hire orientation by providing infection prevention and control training for newly hired employees. *Create and implement education programs in response to identified infection control needs identified through QAPI, rounding, center quality measures, or other means. *Develop, implement, monitor, and maintain the IPCP to ensure the quality of patient care as it relates to the investigation, control, and prevention of infections and communicable diseases within the nursing center. Qualifications: *Must be a graduate of an accredited School of Nursing with current registered nurse licensure by the State Board of Nursing. 8 RN, Bachelor's Degree preferred. *Must complete specialized training in infection prevention and control within 90 days of hire. *A minimum of three years full-time or equivalent nursing experience is required. *Must be able to work flexible hours in order to meet with employees working evening and nigh",https://app.nursefern.com,Quality,NurseFern,2026-05-02T09:59:07.668647
"REGIONAL MDS MANAGER, RN",Genesis Healthcare,2026-05-01,Remote,Hybrid,Full-time,Days,Must Be Licensed In: West Virginia,"$90,000 - $95,000 Salary","Overview: At Genesis Healthcare, we are dedicated to improving the lives we touch through the delivery of high-quality care and exceptional service. As a leading provider in the long-term care industry, we believe in fostering a collaborative, inclusive and supportive work environment where every team member is valued and empowered to make a difference. Whether you're an experienced professional or just starting your career, we offer opportunities for growth, development, and advancement in a range of roles. Join us in our mission to enhance the well-being of our patients and residents while making a meaningful impact in the communities we serve. Responsibilities: Restrictions apply based on collective bargaining agreements, applicable state law and factors such as pay classification, job grade, location, and length of service. Within a defined geographic area, the Clinical Reimbursement Lead models the MDS process and capability standards providing direct guidance to MDS Coordinators and nursing center teams to position the Market for Clinical Reimbursement performance achievement. *Leverage knowledge and experience to enhance and improve center-level Quality Measure results to position the Market for Quality Measure success and improved Star Ratings *Identify MDS opportunities and partners with Nursing Home Administrators to create specific MDS training goals and provides on-going support for the MDS Coordinators to meet those goals. *Provide guidance, oversight, and direction for compliance of auditing activities and investigations related to MDS and reimbursement. Qualifications: *Must be a graduate of an approved school of nursing with a license as a Registered Nurse or equivalent professional license (i.e. Physical Therapist) *Must have Medicare and State-specific Medicaid experience (as applicable). *Must be willing to travel as this position requires an onsite presence the majority of the time. Benefits: *Variable compensation plans *Tuition, Travel, and Wir",https://app.nursefern.com,Quality,NurseFern,2026-05-02T09:59:09.819115
"CLINICAL SPECIALIST II (RN), QUALITY",OpenLoop,2026-05-01,Remote,Remote,Full-time,Days,Must Be Licensed In: State Of Residency,$0 - $0 Salary,"OpenLoop's mission is to bring care anywhere by powering telehealth solutions at scale. This is an incredible opportunity to support the Clinical Quality team in a fast-paced, innovative company that puts the patient at the center of everything we do. This role is for a clinical care professional with a demonstrated passion for clinical quality and exceptional attention to detail. This pivotal Registered Nurse role offers a unique opportunity to contribute to OpenLoop's commitment to clinical excellence. Supporting the Director of Quality, you will help drive key initiatives that optimize clinical outcomes, ensure adherence to best practices, and maintain high standards of patient care. This role leverages your clinical expertise and analytical skills to support continuous quality improvement across programs and enhance the safety and effectiveness of care delivery. What You'll Do Collaborate closely with the entire team to provide essential support in key areas. Conduct in-depth Root Cause Analyses (RCAs) of submitted incident reports, employing a meticulous and systematic approach to identify underlying factors. Develop actionable improvement strategies based on RCA findings. Provide targeted outreach to providers, focusing on education and feedback. Track individual provider quality metrics to support performance improvement initiatives. Assist the Director in overseeing all quality initiatives to ensure consistent high-quality care across the organization's diverse programs. Develop a comprehensive understanding of all program operations and their unique requirements. Conduct regular audits to verify clinical compliance with established treatment protocols. Monitor adherence to service level agreements to ensure quality standards are met. Monitor and analyze both provider and patient satisfaction data to identify areas for improvement in care delivery. Contribute to ensuring consistent adherence to established standards of care among all clinicians.",https://app.nursefern.com,Quality,NurseFern,2026-05-02T09:59:16.118610
TELEPHONIC RN NURSE CASE MANAGER I - AMERIBEN,Eleanor Health,2026-05-01,Remote,Remote,Full-time,Days,Must Be Licensed In: State Of Residency,$0 - $0 Salary,"Telephonic RN Nurse Case Manager I - AmeriBen Location: This role enables associates to work virtually full-time, with the exception of required in-person training sessions, providing maximum flexibility and autonomy. This approach promotes productivity, supports work-life integration, and ensures essential face-to-face onboarding and skill development. Please note that per our policy on hybrid/virtual work, candidates not within a reasonable commuting distance from the posting location(s) will not be considered for employment, unless an accommodation is granted as required by law. Hours: Monday thru Friday 8 am to 5 pm (local time) AmeriBen is a proud member of the Elevance Health family of companies. We are a third-party administrator (TPA) of medical benefits, including medical management. The Telephonic Nurse Case Manager I is responsible for performing care management within the scope of licensure for members with complex and chronic care needs by assessing, developing, implementing, coordinating, monitoring, and evaluating care plans designed to optimize member health care across the care continuum. Performs duties telephonically or on-site such as at hospitals for discharge planning. How you will make an impact: Ensures members understand benefits and assist in access of services appropriate to their health needs. Conducts assessments to identify individual needs and a specific care management plan to address objectives and goals as identified during assessment. Implements care plan through actions based on assessments including providing education, facilitating authorizations/referrals as appropriate within benefits structure or through extra-contractual arrangements. Coordinates internal and external resources to meet identified needs. Monitors and evaluates effectiveness of the care management plan and modifies as necessary. Interfaces with Medical Directors and other health professionals on the development of care management treatment plans. Assis",https://app.nursefern.com,Case Management (CM),NurseFern,2026-05-02T09:59:18.213074
"CASE MANAGER, REGISTERED NURSE",CVS Health,2026-05-01,Remote,Remote,Full-time,,Must Be Licensed In: State Of Residency,"$54,095 - $155,538 Salary","This is a remote work from home role anywhere in the US with virtual training. American Health Holding, Inc (AHH) is a medical management company that is a division within Aetna/CVS Health. Founded in 1993, AHH is URAC accredited in Case Management, Disease Management and Utilization Management. AHH delivers flexible medical management services that support cost-effective quality care for members. Key Responsibilities This position consists of working intensely as a telephonic case manager with patients and their care team for fully and/or self-insured clients. Application and/or interpretation of applicable criteria and clinical guidelines, standardized care management plans, polices, procedures and regulatory standards while assessing benefits and/or member's needs to ensure appropriate administration of benefits. Applies clinical judgment to the incorporation of strategies designed to reduce risk factors and barriers and address complex health and social indicators which impact care planning and resolution of member issues. Assessments utilize information from various sources to address all conditions including co-morbid and multiple diagnoses that impact functionality. Consults with supervisor and others in overcoming barriers in meeting goals and objectives, presents cases at case conferences for multidisciplinary focus to benefit overall claim management. Using a holistic approach, consults with clinical colleagues, supervisors, Medical Directors and/or other programs to overcome barriers to meeting goals and objectives. Utilizes case management processes in compliance with regulatory and company policies and procedures. Utilizes motivational interviewing skills to ensure maximum member engagement and discern their health status and health needs based on key questions and conversations. Identifies and escalates member's needs appropriately following set guidelines and protocols. Need to actively reach out to members to collaborate/guide their care.",https://app.nursefern.com,Case Management (CM),NurseFern,2026-05-02T09:59:20.314971
TELEPHONE TRIAGE RN CASE MANAGER - 10K SIGN ON BONUS FOR EXTERNAL CANDIDATES,UnitedHealth Group,2026-05-01,Remote,Remote,Full-time,"Days, Evenings",Must Be Licensed In: Nevada,$28.94 - $51.63 Hourly,"Requisition number: 2361226 Job category: Nursing Primary location: Las Vegas, NV Additional locations: Henderson, Nevada Date posted: 04/30/2026 Overtime status: Non-exempt Travel: No Share this job Facebook X LinkedIn Email $10,000 Sign-on Bonus for External Candidates At UnitedHealthcare, we're simplifying the health care experience, creating healthier communities and removing barriers to quality care. The work you do here impacts the lives of millions of people for the better. Come build the health care system of tomorrow, making it more responsive, affordable and optimized. Ready to make a difference? Join us to start Caring. Connecting. Growing together. When you join us as a RN Nurseline Case Manager, you'll be making a difference in peoples' lives by offering telephonic support and assistance to members seeking health education, program referrals or general health services. You will work with patients to manage their health conditions for ultimate outcomes by taking in-bound calls and placing out-bound calls as dictated by consumer and business needs. In this role you will provide telephonic triage and nurse advice based on protocols as well as various case management activities to include discharge planning, improved transitions of care and utilization management of health plan members. Ensure members receive quality medical care in the most appropriate setting. If you are located in Las Vegas, NV, you will have the flexibility to work remotely* as you take on some tough challenges. Primary Responsibilities: Perform thorough telephonic nursing assessment and clinical review to determine appropriate triage protocol to utilize for nurse care advice. Ensure members are directed to the most appropriate level of care at contracted facilities Assess, plan and implement care strategies that are individualized by patient and directed toward the most appropriate, least restrictive level of care Utilize both company and community based resources to establish a",https://app.nursefern.com,Triage,NurseFern,2026-05-02T09:59:22.413425
"REGISTERED NURSE, CASE MANAGER - REMOTE",UnitedHealth Group,2026-05-01,Remote,Remote,Full-time,Days,Must Be Licensed In: California,$28.94 - $51.63 Hourly,"Requisition number: 2353879 Job category: Nursing Primary location: Los Alamitos, Orange, CA Date posted: 04/30/2026 Overtime status: Non-exempt Travel: No Share this job Facebook X LinkedIn Email Optum is a global organization that delivers care, aided by technology to help millions of people live healthier lives. The work you do with our team will directly improve health outcomes by connecting people with the care, pharmacy benefits, data and resources they need to feel their best. Here, you will find a culture guided by inclusion, talented peers, comprehensive benefits and career development opportunities. Come make an impact on the communities we serve as you help us advance health optimization on a global scale. Join us to start Caring. Connecting. Growing together. Optum's Pacific West region is redefining health care with a focus on health equity, affordability, quality, and convenience. From California to Oregon and Washington, we are focused on helping more than 2.5 million patients live healthier lives and helping the health system work better for everyone. At Optum Pacific West, we care. We care for our team members, our patients, and our communities. Join our culture of caring and make a positive and lasting impact on health care for millions. Responsible for completing telephonic comprehensive nursing assessments, creating care plans, participating in interdisciplinary team meetings, evaluating patient care needs, and coordinating care and benefits. Delegates tasks as needed to professionals and para-professional employees. Coordinates activities and works closely with clinicians and staff to maintain efficient department functions and ensure the successful operation of the department. Responsible for performing operational duties as required under the supervision of the site administrator or designee. Familiar with the Model of Care and NCQA guidelines. You'll enjoy the flexibility to work remotely* from anywhere within the U.S. as you take o",https://app.nursefern.com,Case Management (CM),NurseFern,2026-05-02T09:59:24.514865
CLINICAL QUALITY COORDINATOR QOC RN - HYBRID,Blue Cross Blue Shield of Arizona,2026-05-01,Remote,Hybrid,Full-time,Days,Must Be Licensed In: Arizona,$0 - $0 Salary,"This position is hybrid within the state of AZ only. This hybrid work opportunity requires residency, and work to be performed, within the State of Arizona PURPOSE OF THE JOB Responsible for quality functions for the health services business unit, which includes processing complaints and providing professional oversight on vendor delegation and quality management activities. Provide clinical and operational analysis and project coordination support/leadership to the Health Services business unit. REQUIRED QUALIFICATIONS Required Work Experience 2 years of experience in a clinical field of practice, health insurance, or other health care related field Required Education Associate's Degree general field of study, or post high school nursing diploma Required Licenses Active, current, and unrestricted license to practice in the State of Arizona (a state in the United States) as a Registered Nurse Required Certifications N/A PREFERRED QUALIFICATIONS Preferred Work Experience 2+ years of experience in health insurance field 2+ years of experience processing potential quality inquiries 2 years of Medicare experience Preferred Education Bachelor's Degree in Nursing or related field of study Preferred Licenses N/A Preferred Certifications N/A ESSENTIAL JOB FUNCTIONS AND RESPONSIBILITIES Receive and document complaints received regarding potential quality of care concerns. Conduct clinical review of complaints received for quality of care concerns. Document and present cases to Medical Director for clinical review and decision. Track results of cases presented and outcomes of the clinical reviews. Review medical records as needed for quality of care and other corporate initiatives. Use clinical knowledge to provide assessment of data contained within medical record. Meet quality and timeliness standards to achieve individual and departmental performance goals as defined within the department guidelines. Consult and coordinate with various internal department",https://app.nursefern.com,Quality,NurseFern,2026-05-02T09:59:28.718089
INITIAL CLINICAL REVIEWER - REMOTE AZ,Blue Cross Blue Shield of Arizona,2026-05-01,Remote,Remote,Full-time,Days,Must Be Licensed In: Arizona,$0 - $0 Salary,"This remote work opportunity requires residency, and work to be performed, within the State of Arizona. PURPOSE OF THE JOB Responsible for identifying, researching, processing, resolving, and responding to inquiries from internal and external customers with emphasis on excellence, privacy, compliance and versatility within the health insurance industry. QUALIFICATIONS REQUIRED QUALIFICATIONS Required Work Experience 2 years of experience in clinical field of practice, health insurance, or other health care related field Required Education Associate's Degree in general field of study or Post High School Nursing Diploma or Certification (LPN only) from an approved program Required Licenses Active, current, and unrestricted license to practice in the State of Arizona (or an endorsement to work in Arizona) as a behavioral health professional such as LCSW, LPC, LISAC LMFT, or licensed psychologist (Psy.D. or Ph.D.), OR an active, current, and unrestricted license to practice nursing in either the State of Arizona or another state in the United States recognized by the Nursing Licensure Compact (NLC) as an RN, OR an active, current, and unrestricted license to practice in the State of Arizona as an LPN. Required Certifications N/A PREFERRED QUALIFICATIONS Preferred Work Experience 3 years of experience in clinical field of practice, health insurance, or other health care related field Preferred Education Bachelor's Degree in Nursing or related field of study Preferred Licenses Active, current, and unrestricted license to practice in the State of Arizona (a state in the United States) as a Registered Nurse Preferred Certifications N/A ESSENTIAL JOB FUNCTIONS AND RESPONSIBILITIES Identify, research, process, resolve and respond to customer inquiries and correspondence via telephone, written communication and/or in person. Answer a diverse and high volume of health insurance related customer calls or correspondence on a daily basis. Analyze medical records and app",https://app.nursefern.com,Utilization Review & Management (UR/UM),NurseFern,2026-05-02T09:59:30.811702
UTILIZATION REVIEW NURSE-LVN/LPN,Personify Health,2026-04-30,Remote,Remote,Full-time,Days,Must Be Licensed In: State Of Residency,$25 - $29 Hourly,"Under the supervision of a registered nurse the Utilization Review Nurse will provide professional assessment and review for the medical necessity of treatment requests and plans. The standard work schedule is Monday through Friday, 8:00 AM-5:00 PM Pacific Time, with rotating weekend coverage as required. What You'll Actually Do Essential Functions/Responsibilities/Duties:  Provide first level review for all outpatient and ancillary pre-certification requests for medical appropriateness; all inpatient hospital stays including mental health, substance abuse, skilled nursing and rehabilitation for medical necessity; and all post claim or post service reviews.  Ensure proper referral to medical director for denial authorizations through independent review organizations (IRO).  Work with hospital staff to prepare patients for discharge and ensure a smooth transition to the next level of care.  Refer requests that fall outside of established guidelines to advance review or senior care consultants.  Process appeals for non-certification of services; complete non-certification letters when appropriate.  Review plan document for benefit determinations; attempt to redirect providers and patients to PPO providers.  Identify and refer potential cases to case management, wellness, chronic disease and Nurturing Together program.  Complete documentation for all reviews in Eldorado/Episodes; maintain confidentiality.  Utilize MCG guidelines, medical policies, Medscape, and NCCN.  Ability to meet productivity, quality, and turnaround times daily.  Assists with department operations and implementations Qualifications What You Bring to Our Team Education and Experience:  Current LVN license in the United States or U.S. territory.  1+ years of clinical experience required. Required Knowledge, Skills, and Abilities:  Knowledge of medical claims and ICD-10, CPT, HCPCS coding.  Proficiency in software applications including, but no",https://app.nursefern.com,Utilization Review & Management (UR/UM),NurseFern,2026-05-02T09:59:32.916336
APRN - UTILIZATION MANAGEMENT/PHYSICIAN ADVISOR SERVICES - 150922,,2026-04-30,Remote,Remote,PRN/Per Diem,Days,Must Be Licensed In: Florida,$0 - $0 Salary,"Our network consists of 16 community-based hospitals, a long-term acute care facility, home health services, outpatient centers and thousands of physicians. With the support of more than 30,000 team members, we promote a forward-thinking philosophy that's built on a foundation of trust, dignity, respect, responsibility, and clinical excellence. Our team members focus on tomorrow by achieving personal and professional success today. That's why you'll thrive in our forward-thinking culture, where we combine the best technology with compassionate service. We blend high-tech with high touch in ways that are advancing superior health care throughout the communities we serve. Title: Advanced Practice RN -UM/PAS Responsibilities: Serving the health system through assisting Physician Advisors on a hospital and system level with clinical reviews and data analysis in collaboration with the Care Management, Utilization Review/Denials, Clinical Documentation Integrity, Coding, and Managed Care departments. Assists Physician Advisors to develop and implement methods to optimize use of hospital services for all patients while also ensuring the quality of care provided by efficient management of resources, ensuring patients are in the appropriate level of care, supporting documentation, coding improvements and compliance and monitoring the appropriate use of diagnostic and therapeutic modalities. Primary focus will be on assisting with denials prevention and management. The APRN - UM/PAS will also assist with the administration and functioning of the Physician Advisor program. Required qualifications includes Advanced Practice Registered Nurse obtaining graduate education at the masters, post-master's or doctoral level and obtain national board certification. Preferred qualifications include Non-Physician Member of the American College of Physician Advisors (ACPA); Familiarity with MCG/InterQual placement status criteria. BayCare offers a competitive total reward package inc",https://app.nursefern.com,Utilization Review & Management (UR/UM),NurseFern,2026-05-02T09:59:37.118120
CARE COORDINATOR REGISTERED NURSE - REMOTE IN MICHIGAN,,2026-04-30,Remote,Remote,Full-time,Days,Must Be Licensed In: Michigan,$0 - $0 Salary,"Department: Care Coordinator RN (Remote in Michigan) Position Summary: As an advocate for the patient, the RN care manager will assess, plan, implement, coordinate, monitor, and evaluate the options and services required to meet an individual's health needs, using clinical and community resources to promote quality, cost effective outcomes. Integrates evidenced based clinical guidelines, preventive guidelines, and protocols, in the development of individualized care plans that are patient centric. Provides targeted interventions to avoid hospitalization and emergency room visits. Essential Functions and Responsibilities: 1. Provides telephonic and face-to-face comprehensive assessment and care management services to patients as part of an interdisciplinary team. 2. Uses multi-dimensional assessment skills, risk assessment and screening tools to target high risk and vulnerable populations. 3. Assesses over time the health care, educational, and psychosocial needs of the patient/caregiver. Uses standardized assessment tools such as depression screening, functionality, and health risk assessment. 4. Provides follow up with patient/family when patient transitions from one setting to another. Completes timely post-hospital follow up: Medication reconciliation, PCP or specialist follow-up appointment, assess symptoms, teach warning signs, review discharge instructions, coordination of care, and problem solve barriers. 5. Uses clinical judgment to determine level of care and collaborates with the PCP, patient and interdisciplinary team, including continuum of care settings and community. Required: RN with a valid unrestricted Michigan license. Three (3) years clinical nursing experience serving chronically ill patients and extensive knowledge of issues associated with chronic care and geriatrics. Preferred: RN, BSN. Three (3) years experience in a health plan or Physician Organization environment with care coordination, care managemen",https://app.nursefern.com,Case Management (CM),NurseFern,2026-05-02T09:59:39.205810
RN RISK MANAGEMENT,HCA,2026-04-30,Remote,On-site,Full-time,Days,Must Be Licensed In: Missouri,$0 - $0,"As a RN Risk Management, your voice to influence patient care is valued and empowered at every turn -whether through open, collaborative relationships with your direct manager or more formal opportunities through hospital councils and national nursing initiatives. You'll help shape decisions that elevate both patient outcomes and the future of nursing. Job Summary and Qualifications This position is Monday through Friday and 8 hour days. No weekends. What qualifications you will need: (RN) Registered Nurse Associate Degree, or Registered Nurse Diploma Hospital experience is preferred Benefits Centerpoint Medical Center, offers a total rewards package that supports the health, life, career and retirement of our colleagues. The available plans and programs include: Comprehensive benefits for medical, prescription drug, dental, vision, behavioral health and telemedicine services Wellbeing support, including free counseling and referral services Time away from work programs for paid time off, paid family leave, long- and short-term disability coverage and leaves of absence Savings and retirement resources, including a 401(k) Plan with a 100% match on 3% to 9% of pay (based on years of service), Employee Stock Purchase Plan, flexible spending accounts, preferred banking partnerships, retirement readiness tools, rollover support and financial wellbeing counseling Education support through tuition assistance, student loan assistance, certification support, dependent scholarships and a partnership with Galen College of Nursing Additional benefits for fertility and family building, adoption assistance, life insurance, supplemental health protection plans, auto and home insurance, legal counseling, identity theft protection and consumer discounts Learn more about Employee Benefits Note: Eligibility for benefits may vary by location. ""Nurses are essential to the delivery of healthcare and serve as its foundation. At HCA Healthcare, we are committed to equipping nurse",https://app.nursefern.com,Quality,NurseFern,2026-05-02T09:59:41.301676
NURSE NAVIGATOR (RN) BREAST IMAGING - RELOCATION OFFERED!,Medstar Health,2026-04-30,Remote,On-site,Full-time,Days,Must Be Licensed In: District of Columbia,"$89,065 - $162,801","About this Job: Unit Description Located in the Georgetown Lombardi Comprehensive Cancer Center, the District of Columbia's only National Cancer Institute-designated Comprehensive Cancer Center, our breast cancer program includes clinicians, as well as basic and translational scientists, who are involved in studies ranging from preclinical models to treatment and outcomes. Our program supports the development of novel investigator-initiated clinical trials across the continuum, outreach and research activities among underserved communities, and breast cancer patient advocacy. As part of our comprehensive cancer care, we offer tailored prevention and screening services to guide patients who may have an increased risk of developing breast cancer due to factors such as genetics, a family history of breast cancer, gynecologic history, and lifestyle factors. General Summary of Position Responsible for the coordination of patient care across the continuum of Radiation Oncologic care for all patients. Educates/provides information supports patients and facilitates treatment plans. Functions as a patient advocate guides patients and families throughout cancer care and survivorship experience. These functions are performed in accordance with all applicable laws and regulations and MedStar Georgetown University Hospital's philosophy policies procedures and standards. Schedule Monday - Friday Days Qualifications Bachelor's degree Nursing required, Master's degree Nursing preferred 3-4 years patient care experience required. Experience with surgical oncology inpatient/outpatient/community oncology services, preferred RN - Registered Nurse Licensure in District of Columbia required CPR - Cardiac Pulmonary Resuscitation (includes BLS and NRP) for healthcare providers from either the American Heart Association (AHA) or American Red Cross within 90 Days required Nursing Benefits Nationally recognized nurse wellbeing resources Magnet Certified since 2004 Comprehensive heal",https://app.nursefern.com,Case Management (CM),NurseFern,2026-05-02T09:59:43.405581
CLINICAL HEALTH EDUCATOR (RN) - PRN - RELOCATION OFFERED!,Medstar Health,2026-04-30,Remote,On-site,PRN/Per Diem,"Days, Evenings",Must Be Licensed In: Maryland,$42.82 - $78.27 Hourly,About this Job: General Summary of Position Works in partnership with communities to design implement and evaluate health promotion prevention and education programs. Requires Registered Nurse licensure and typically requires BSN. Primary Duties and Responsibilities Contributes to the achievement of established department goals and objectives and adheres to department policies procedures quality standards and safety standards. Complies with governmental and accreditation regulations. Facilitate/teach targeted diagnosis specific education and Disease Self-Management Courses. Performs various health screenings including phlebotomy flu vaccinations and point-of-care testing. Provide coverage (when assigned) for in-patient hospital rounding for delivery of patient education out-patient support coordination and family/caregiver engagement. With hospital Case Management services establishes transition plans for patients who are being discharged from the hospital. Participates and demonstrates competency in Electronic Medical Record (EMR) initiatives. Actively participates in Quality Improvement Processes as a basis for assisting with the implementation of changes in practice. Provides in-patient hospital rounding for delivery of patient education out-patient support coordination and family/caregiver engagement. Demonstrates knowledge of and participate in the development and promotion of clinical practices following MedStar St. Mary's Hospital observed Standards of Care. Minimal Qualifications Education Bachelor's degree in nursing required Experience 1-2 years Experience in adult learning required Licenses and Certifications RN - Registered Nurse - State Licensure and/or Compact State Licensure in Maryland required CPR - Cardiac Pulmonary Resuscitation (includes BLS and NRP) for healthcare providers from either the American Heart Association (AHA) or American Red Cross within 90 Days required Additional unit/specialty certifications may vary by department or business,https://app.nursefern.com,Education,NurseFern,2026-05-02T09:59:47.672524
RN TRAUMA INJURY PREVENTION COORDINATOR,HCA,2026-04-30,Remote,On-site,Full-time,Days,Must Be Licensed In: Missouri,$0 - $0,"Are you passionate about the patient experience? At HCA Healthcare, we are committed to caring for patients with purpose and integrity. We care like family! Jump-start your career as a RN Trauma Injury Prevention Coordinator today with Centerpoint Medical Center. Job Summary and Qualifications As an RN Trauma Injury Prevention Coordinator, you will organize the Trauma Program's injury-prevention strategies across the full continuum of care - turning data, community needs, and evidence-based practices into programs that help people stay safer and live stronger. You'll build meaningful connections with EMS, public health partners, schools, hospitals, and community organizations to drive prevention efforts that reflect HCA Healthcare's commitment to improving more lives in more ways. Your leadership in outreach, education, research, and program development will support Trauma Center verification standards while expanding access to injury-prevention knowledge across the region. Your role will include: Developing and delivering targeted injury-prevention programs shaped by Trauma Registry data, community needs assessments, and performance-improvement indicators Building and sustaining partnerships with EMS agencies, public health leaders, regional trauma coordinators, and community organizations to advance injury-prevention efforts Leading and evaluating outreach education for nurses, EMS providers, referring facilities, and high-risk populations, ensuring alignment with ACS standards and Trauma Center verification requirements Translating and applying trauma research, data trends, and national guidelines into practical prevention strategies, mental-health screening initiatives, and evidence-based interventions Coordinating and communicating prevention priorities across internal and external stakeholders-including surgeons, trauma leaders, committee members, marketing, and public affairs-to strengthen awareness and community engagement Monitoring and documenting comp",https://app.nursefern.com,Quality,NurseFern,2026-05-02T09:59:49.806743
UTILIZATION REVIEW NURSE (RN),Sedgwick,2026-04-30,Remote,Remote,Full-time,Days,Must Be Licensed In: Tennessee,$0 - $0 Salary,"Utilization Review Nurse (RN) PRIMARY PURPOSE: To provide timely, evidence-based utilization review services to maximize quality care and cost-effective outcomes. ARE YOU AN IDEAL CANDIDATE? We are looking for enthusiastic candidates who thrive in a collaborative environment, who are driven to deliver great work. ESSENTIAL FUNCTIONS and RESPONSIBILITIES Identifies treatment plan request(s) and obtains and analyzes medical records that support the request. Clarifies unclear treatment plan requests by contacting the requesting provider's office. Utilizes evidence-based criteria and jurisdictional guidelines to form utilization review determinations. Pursues Physician Advisor services when treatment plan requests do not meet evidenced-based criteria. Negotiates treatment plan requests with requesting provider when medically appropriate and jurisdictionally allowed. Channels certified treatment plan requests to preferred vendors as necessary Documents all utilization review outcomes in utilization review software. Communicates and works with claim examiners as needed to provide clinical information to resolve issues. Maintains a score of 90% or higher on monthly internal utilization review audits. Meets productivity goals as outlined by supervisor. ADDITIONAL FUNCTIONS and RESPONSIBILITIES Performs other duties as assigned. QUALIFICATIONS Education & Licensing Active unrestricted RN license in a state or territory of the United States required. Associate degree from an accredited college or university required. Bachelor's degree from an accredited college or university preferred. Utilization review based certification preferred. Experience Four (4) years of related experience or equivalent combination of education and experience required to include two (2) years of recent clinical practice or one (1) year of recent utilization review. Skills & Knowledge Strong clinical practice knowledge Knowledge of the insurance industry and claims processing Excellent oral",https://app.nursefern.com,Utilization Review & Management (UR/UM),NurseFern,2026-05-02T09:59:51.935760
REGISTERED NURSE - MEDICAL POLICY DEVELOPMENT/RESEARCH SPECIALIST - REMOTE - AZ,Blue Cross Blue Shield of Arizona,2026-04-30,Remote,Remote,Full-time,Days,Must Be Licensed In: Arizona,$0 - $0 Salary,"This remote work opportunity requires residency, and work to be performed, within the State of Arizona. PURPOSE OF THE JOB Perform medical technology research to support the Medical Director Staff and Medical Policy Panel with decisions to ensure that medical policies are consistent with the standards of accepted medical practice in the community. QUALIFICATIONS REQUIRED QUALIFICATIONS Required Work Experience 2 year(s) of experience in clinical field of practice, health insurance, or other health care related field (All Levels) 1 year(s) of experience in medical policy and technology research field (Applies to Level 2) 2 year(s) of experience in medical policy and technology research field (Applies to Level 3) Required Education Associate's Degree in general field of study or Post High School Nursing Diploma or Certification (LPN only) from an approved program (Applies to All Levels) Required Licenses Active, current, and unrestricted license to practice in the State of Arizona (a state in the United States) as a health professional, including RN, LPN, LPT, LBSW, LMSW, or LCSW. (Applies to All Levels) Required Certifications N/A PREFERRED QUALIFICATIONS Preferred Work Experience 3 year(s) of experience in clinical field of practice, health insurance, or other health care related field (All Levels) 1 year(s) of experience in claims retrospective review, utilization management, case management, appeals and grievances or quality review field (Applies to All Levels) Preferred Education Bachelor's Degree in Nursing or related field of study (Applies to All Levels) Preferred Licenses Active, current, and unrestricted State of Arizona (a state in the United States) license to practice as a Registered Nurse (Applies to All Levels) Preferred Certifications N/A ESSENTIAL JOB FUNCTIONS AND RESPONSIBILITIES Level 1 Perform medical technology research related to coverage guidelines and new technology and provide evaluation and summarization to Medical Director Staf",https://app.nursefern.com,"Utilization Review & Management (UR/UM), Quality",NurseFern,2026-05-02T09:59:54.044136
MANAGER OF CLINICAL CARE COORDINATION - REMOTE IN MO,UnitedHealth Group,2026-04-30,Remote,Hybrid,Full-time,Days,Must Be Licensed In: Missouri,"$91,700 - $163,700 Salary","Requisition number: 2353688 Job category: Medical & Clinical Operations Primary location: St Louis, MO Date posted: 04/29/2026 Overtime status: Exempt Travel: Yes, 25 % of the Time Share this job Facebook X LinkedIn Email At UnitedHealthcare, we're simplifying the health care experience, creating healthier communities and removing barriers to quality care. The work you do here impacts the lives of millions of people for the better. Come build the health care system of tomorrow, making it more responsive, affordable and optimized. Ready to make a difference? Join us to start Caring. Connecting. Growing together The Manager of Clinical Care Coordination will lead an ER Diversion, Lock-in, and Lead Teams while overseeing day-to-day clinical operations and health plan clinical initiatives to support achieving quality and affordability targets. The Manager will manage a program, region, or collection of Pod teams, including process improvement, execution of clinical decision processes, and team management, to include performance management and implementation of program initiatives. If you are located in the state of Missouri, you will have the flexibility to work remotely* as you take on some tough challenges. St. Louis, MO residents are required to work hybrid 3xs week onsite at the Maryland Heights, MO office. Primary Responsibilities: Hire, manage, develop, mentor and support staff in designated department or region Develop clear goals and objectives for performance management, effectively communicate expectations, and hold the team accountable for results Identify, select, structure, and prioritize process improvement projects, ultimately implementing changes to meet program requirements Review data and facts to identify and solve issues, mitigate risks, prioritize teams' workloads, and assign direction for ad hoc projects needed Ensure standardized execution of workflow processes, including conducting performance audits, quality reviews, and compliance adher",https://app.nursefern.com,Case Management (CM),NurseFern,2026-05-02T09:59:56.153832
CLINICAL COMPETENCY & QUALITY NURSE,Humana,2026-04-30,Remote,Hybrid,Full-time,Days,Must Be Licensed In: State Of Residency,"$78,400 - $107,800 Salary","Clinical Competency, Remediation, Onboarding and Talent Management The Care Integration Clinical Competency & Quality Nurse is a Center of Excellence (CoE) position responsible for ensuring the clinical quality and provider & patient engagement effectiveness for the Clinical Care RN role through nursing chart and recorded visit audits, competency assessments, remediation oversight and talent management. This role bridges clinical excellence with operational leadership, conducting structured audits, and driving remediation for clinical competency gaps (in partnership with Education team support). You will report to the Director of Physician Strategy. Must reside in designated geographic area, in reasonable commutable distance to CenterWell/Conviva market locations; (market-dependent) quarterly or as-needed travel within market. Role Scope Clinical Competency & Oversight: Conduct and oversee clinical competency audits for nursing staff (Clinical Care RN); support remediation in partnership with Center of Excellence leaders and Education team Clinical Competency & Oversight tooling: Develop audit tools, processes, and remediation approaches in partnership with the Medical Director, Care Integration Team & High Risk Patient Management Program Onboarding & Talent Management: Initial interview and assessment of Clinical Care RN candidates; maintenance of onboarding design and process adherence (in partnership with Center Administrators) Duties and Responsibilities Clinical Competency & Auditing Develop and maintain clinical competency audit tools and processes aligned with organizational standards and evidence-based best practices Conduct clinical competency audits of RN documentation, clinical decision-making, and patient care practices; perform targeted reviews of charts and recorded successful patient contacts Conducts regular audits on each nurse at prescribed cadence Develop remediation approaches for nurses identified with clinical competency gaps; oversee",https://app.nursefern.com,Quality,NurseFern,2026-05-02T09:59:58.249539
NURSE NAVIGATOR - REMOTE (OVERNIGHT),Pager Health,2026-04-30,Remote,Hybrid,Full-time,Nights,Must Be Licensed In: Compact,$33 - $36 Hourly,"This position is for a full-time, remote Registered Nurse who is willing to think creatively and utilize their clinical skills in the field of Telehealth! We are seeking motivated Registered Nurses with 2+ years of clinical hospital experience to work in Pager Health's Command Center. The shift for this role is overnight (10:45pm - 9:45am Eastern Time). 4 days a week (rotating days). Every other weekend required. An active compact unencumbered RN license is required for this position. We have a variety of shifts available, which will be determined during the interview process. Working every other weekend is required. The core objective of the Triage RN, Nurse Navigator is to use technology to build trust and triage patients to the right care at the right time while providing an exceptional virtual care experience through empathic communication. Responsibilities for the Triage RN, Nurse Navigator: Provide exceptional customer service and virtual care by communicating with patients via live messaging, video, phone, and/or email Document within EMR Follow and apply clinically validated triage protocols Ensure the highest quality customer service for patients and providers Complete basic nursing responsibilities, outpatient testing, medications, etc. Troubleshoot technology with patients Work to ensure a seamless patient call center experience Coordinate lab orders, prescription orders, radiology tests, and any aspect of patient care Work on projects that will optimize operational efficiency and improve the patient's telemedicine experience Assist in identifying technology needs that improve patient experience Additional projects as assigned Candidate Profile for the Triage RN, Nurse Navigator: 2+ years of clinical hospital experience; within the ICU or ER highly preferred An active compact unencumbered RN license Minimum of Associates Degree in Nursing (ADN) Bilingual and able to communicate in both English and Spanish is a major plus Abil",https://app.nursefern.com,"Case Management (CM), Triage",NurseFern,2026-05-02T10:00:00.348713
Quality Analyst and Research Coordinator RN,Tenet Healthcare,2026-04-25,"Boca Raton, FL",On-site,Regular | Perm Employee,Regular | Perm Employee,ON-SITE,,"OverviewEmbark on a rewarding career with West Boca Medical Center hospital. If you are a compassionate healthcare professional eager to contribute to patient care, this is your opportunity where your skills make a difference every day. Join us in delivering exceptional healthcare with a personal touch.At West Boca Medical Center, We Understand That Our Greatest Asset Is Our Dedicated Team Of Professionals. That's Why We Offer More Than a Job - We Provide a Comprehensive Benefit Package That Prioritizes Your Health, Professional Development, And Work-life Balance. The Available Plans And Programs Include:Medical, dental, vision, and life insurance401(k) retirement savings plan with employer matchGenerous paid time offCareer development and continuing education opportunitiesHealth savings accounts, healthcare & dependent flexible spending accountsEmployee Assistance program, Employee discount programVoluntary benefits include pet insurance, legal insurance, accident and critical illness insurance, long term care, elder & childcare, auto & home insuranceNote: Eligibility for benefits may vary by location and is determined by employment statusJob SummaryFull Time DaysPosition Summary:The Clinical Research Coordinator (CRC) will assist the Principal Investigator in the conduct of all aspects of the clinical trial, including regulatory tasks, under the direct supervision of the Clinical Research Manager and affiliated Director (DCQI). The CRC provides operational support in the management of patients accrued to multiple research protocols to assure subjects' safety and regulatory compliance. The CRC is responsible for the compilation, registration and submission of data, monitoring compliance with the protocol, Standard Operating Procedures and all applicable regulations and guidelines and ensuring effective data flow associated with research protocols.The Quality Coordinator/Analyst is responsible for promoting, monitoring and evaluating quality, safe and cost-effective health care. Oversees performance measurement activities related to the quality of care provided to patients by all members of the health care delivery team in any setting. Specializes in Quality Improvement and coordinates hospital wide performance improvement activities. Assists with the coordination of performance improvement functions within the Quality Improvement Department in accordance with established hospital policies and procedures.QualificationsEducation:Required: RN DegreePreferred: BSN or Bachelor's Degree in Healthcare related field.Minimum Requirements:Required: 2 years of clinical experience in health care environment (an LPN with current licensure qualifies as clinical experience).Mastery in Microsoft Teams, Word, PowerPoint and ExcelRequired: RN licensure in the State of FloridaExperience:Preferred Two (2) Years in the practice of hospital Performance Improvement.Preferred: Two to three years of experience in Clinical Research to include healthcare compliance, research auditing, monitoring standards, or related experience.Must possess strong problem solving, analytical skills and process management skills.Must possess strong planning, organizational and project management skills, interpersonal and oral/written communication skills.Requires attention to detail and the ability to manage multiple priorities.Ability to work without close supervision or guidance and to exercise independent judgment.Other Qualifications:Preferred field of expertise: Research, Performance Improvement, Utilization Management, Risk Management and Infection ControlRequired Certification/Licensure/Registration: SOCRA Certified Clinical Research Associate (CCRP) within 30 months of hire into the position.AHA Basic Life Support (BLS) certification within 90 days of hire into position.Organization DescriptionWest Boca Medical Center (WBMC) is part of the Palm Beach Health Network and has been serving southern Palm Beach and northern Broward counties for over 37 years. WBMC offers general medical and surgical care, orthopedics, a robotic surgery program, a state-of-the art breast imaging center, womens and childrens services and the only level III NICU in southern Palm Beach County. Its two emergency centers, one at the main hospital and the other in Coconut Creek, are open 24-hours a day. Join our team!Employment practices will not be influenced or affected by an applicant's or employee's race, color, religion, sex (including pregnancy), national origin, age, disability, genetic information, sexual orientation, gender identity or expression, veteran status or any other legally protected status. Tenet will make reasonable accommodations for qualified individuals with disabilities unless doing so would result in an undue hardship.Tenet participates in the E-Verify program. Follow the link below for additional information.E-Verify:http://www.uscis.gov/e-verifyThe employment practices of Tenet Healthcare and its companies comply with all applicable laws and reg...",https://jobs.tenethealth.com/job/-/-/1127/91130084368,"Clinical Research, Entry Level, Licensed Practical Nurse | LPN | LVN, Quality, Registered Nurse | RN",Remote Nurse Connection,2026-05-02T09:58:26.141104
LVN Nurse Consultant,Actalent,2026-04-25,,Remote,Contract,Contract Employee,Remote,$29.00 - $29,"Job Title: LVN Nurse Consultant (Telephonic)Job DescriptionThe Nurse Consultant provides telephonic support to patients and caregivers to promote safe, effective, and consistent adherence to prescribed therapies. In this role, you conduct inbound and outbound calls, assess patients' medication use, identify potential issues such as missed doses or side effects, and collaborate with caregivers or facility staff to resolve barriers to treatment. You document each interaction with exceptional accuracy, follow strict quality and compliance standards, and contribute to a high-performing, audit-driven care team.ResponsibilitiesConduct high-volume inbound and outbound telephonic outreach to patients, caregivers, and nursing facility staff to support medication adherence and therapy initiation.Explain therapy instructions clearly and verify that patients are taking medications as prescribed, identifying missed doses, skipped doses, double doses, or other adherence issues.Engage with patients and caregivers to ensure they are getting started on therapy, not experiencing unaddressed issues, and understand how to use their medication safely.Communicate with charge nurses and staff in nursing homes or similar facilities to gather accurate patient information and support coordinated care.Document all calls thoroughly and accurately using established templates, ensuring that every interaction meets strict documentation and quality requirements.Maintain a high level of accuracy (targeting 98% or higher) in documentation and call handling to prevent errors such as misdosing, incorrect adherence assessment, or incomplete records.Participate in daily and weekly quality audits, respond constructively to feedback, and adjust practices as needed to meet or exceed performance standards.Prioritize tasks effectively in a fast-paced environment, managing a daily call volume that typically ranges from 50 to 70 calls.Demonstrate a professional telephonic presence, including clear, empathetic communication and active listening on every call.Adapt quickly to processes, systems, and protocols, achieving proficiency in workflows and expectations within the first 90 days.Collaborate closely with a small, supportive team, contributing to a culture of accountability, continuous improvement, and shared goals.Comply with all organizational policies, procedures, and contract requirements, understanding that adherence to quality standards is critical to maintaining the program.Essential SkillsActive compact licensure as an LPN/LVNPrevious experience in telephonic nursing, case management, utilization management, or a call center-based healthcare role.Strong telephonic communication skills, including a professional, clear, and empathetic phone presence.High level of attention to detail, particularly in documentation and data entry.Proven ability to work with strict documentation standards and quality audits.Ability to multitask effectively while managing a high volume of calls.Strong computer literacy, including comfort navigating multiple systems and templates during calls.Ability to learn quickly and take initiative, with an expectation of becoming fully proficient within approximately 90 days.Comfort working in a metrics-driven, quality-monitored environment with frequent feedback.Additional Skills & QualificationsExperience in medical case management or utilization management in a healthcare setting.Prior work in a mail order pharmacy, health plan, or similar telephonic support environment.Experience in call center operations within healthcare or pharmacy services.Experience communicating with caregivers, nursing homes, and charge nurses about patient care.Ability to remain calm, organized, and focused under pressure and high call volumes.Openness to coaching, frequent feedback, and continuous performance improvement.Strong problem-solving skills to identify adherence barriers and escalate concerns appropriately.Work EnvironmentThis is a remote role, supporting mail order pharmacy-related setting, focused on telephonic patient support. The schedule is Monday through Friday, with standard daytime shifts such as 8:00 a.m. to 5:00 p.m. or 7:30 a.m. to 4:30 p.m. The position involves handling approximately 50 to 60 calls per day in a structured, metrics-driven environment with regular quality assurance reviews and call monitoring. You will use computer-based systems, templates, and documentation tools throughout the day, and you will work closely with a small, collaborative team in a professional office setting.Job Type & LocationThis is a Contract to Hire position based out of Dallas, TX.Pay And BenefitsThe pay range for this position is $29.00 - $29.00/hr.RequirementsEligibility requirements apply to some benefits and may depend on your job classification and length of employment. Benefits are subject to change and may be subject to specific elections, plan, or program terms. If eligible, the benefits available for this temporary role may incl...",https://careers.actalentservices.com/us/en/job/JP-005984128/LVN-Nurse-Consultant,"Clinical Coordinator | Navigator, Entry Level, Licensed Practical Nurse | LPN | LVN, Pharmacy, Triage | Telehealth",Remote Nurse Connection,2026-05-02T09:58:26.250087
Clinical - LVN - Night,Nsight Health,2026-04-25,,Remote,Regular | Perm Employee,Regular | Perm Employee,Remote,$24-$26,"Remote Patient Monitoring - LVN/LPN (Night Shift)Clinical | RemoteEmployment Type: Full-TimeStart Date: June 1, 2026About Nsight HealthNsight Health is transforming how care is delivered through Remote Patient Monitoring (RPM), Chronic Care Management (CCM), and Behavioral Health Integration (BHI). We empower healthcare providers to manage chronic conditions using real-time data, AI-enabled technology, and 24/7 clinical support. Our HIPAA-compliant platform connects patients and care teams nationwide-improving outcomes, adherence, and peace of mind. Join a fast-growing, mission-driven team that blends healthcare and technology to make a measurable difference in people's lives.Nsight Health - Where Technology Meets Compassion.Position SummaryWe are seeking a motivated and detail-oriented LVN/LPN to join our Remote Patient Monitoring Department (Night Shift) . In this role, you will be responsible for supporting patients with real-time health monitoring, respond to alerts and deliver timely life-improving interventions, and educate and empower patients through ongoing care.Key ResponsibilitiesConduct outbound phone calls to check in on patients and address health concerns (expected call volume ranges from 70 to 90 calls per day)Handle inbound phone calls and route appropriately based on clinical urgencyRoute non-clinical inbound calls to the appropriate departments across the companyMonitor and respond to Remote Patient Monitoring (RPM) alerts, escalating concerns when clinically indicatedCollaborate with providers to coordinate timely and effective patient carePerform monthly wellness assessments and complete comprehensive chart reviewsAccurately document all patient interactions in our clinical platform in real timeConsistently meet or exceed individual and team performance metrics related to care quality, patient engagement, response times, and adherence to protocol standardsMaintain compliance with company policies and applicable regulationsPerform other duties as assignedAI Fluency Requirement - Non NegotiableNsight is an AI-first organization. Every member of our team is expected to actively use AI tools in their day-to-day work - not as a novelty, but as a core productivity multiplier. This role requires genuine curiosity about AI, comfort experimenting with tools like Claude, ChatGPT, and workflow automation platforms to support clinical documentation and care coordination tasks, and the judgment to know when AI helps and when it doesn't. If AI makes you uncomfortable, this is not the right role.QualificationsRequired:Active LVN/LPN license requiredProficient with computers, EMRs, and telehealth toolsStrong communication and organizational skillsPreferredAt least 1 year of nursing experience preferred (RPM, telehealth, or chronic care experience is a plus)Work From Home RequirementsMinimum internet speed of 50 Mbps download / 10 Mbps uploadHardwired internet connection requiredSpeed test submission required during the offer processPrivate, HIPAA-compliant workspaceScheduleThis position operates on a 4-day work week structure, consisting of 10-hour shifts.Must be available to work overnight hours.Must be available to work rotating holidays throughout the year.Requires mandatory coverage of a minimum of two (2) weekends per month.Training RequirementsAll New Hires Must Complete a Comprehensive Training ProgramDuration: Five weeksSchedule: Monday through Friday, 9:00 AM - 6:00 PM Eastern TimeAttendance is mandatory to ensure readiness prior to independently supporting patients.Compensation & BenefitsCompetitive base pay of $24-$26 per hour.Shift DifferentialsEvening Differential: +$1.50/hour for hours worked after 7:00 PM ETLate-Night Differential: +$2.00/hour for hours worked after 10:00 PM ETWeekend Differential: +$1.50/hour for all hours worked Saturday and SundayShift differentials are paid in addition to base hourly wages and reflected in the applicable payroll cycle.Additional CompensationSign-On Bonus: $1,500 paid after 120 days of continuous employment, contingent upon active employment and satisfactory performance at time of payout.Monthly Bonus Potential: Up to $1,500 per month based on patient engagement and performance goals.5% Bilingual Pay AllowanceBenefits Include11 Paid Company Holidays annuallyPaid Time Off (PTO)Medical, Dental, Vision, and supplemental insurance options401(k) Plan with 3.5% Company MatchCompany-provided equipmentJoin Our Mission-Driven TeamAt Nsight Health, you'll be part of a fast-growing organization that sits at the intersection of healthcare, technology, and compassion. We're looking for people who care deeply about improving patient lives and building the future of connected care.Our team culture is collaborative, agile, and purpose-driven. Every role-from clinical operations and customer success to marketing, technology, and leadership-directly contributes to improving how healthcare organizations care for their patients.8:00 pm - 7:00 am EST",https://workforcenow.adp.com/mascsr/default/mdf/recruitment/recruitment.html?cid=b5d414f1-c678-40aa-b82a-dc850387ea22&ccId=19000101_000003&lang=en_US&jobId=565123&source=LI,"Entry Level, Licensed Practical Nurse | LPN | LVN, RPM | Remote Patient Monitoring, Triage | Telehealth",Remote Nurse Connection,2026-05-02T09:58:26.355796
Clinical Documentation Coordinator (Hybrid),University Medical Center of Southern Nevada (UMC),2026-04-25,"Las Vegas, NV",Hybrid,Regular | Perm Employee,Regular | Perm Employee,"Hybrid, Training On-Site",,"Position SummaryEMPLOYER-PAID PENSION PLAN (NEVADA PERS)COMPETITIVE SALARY & BENEFITS PACKAGE**This position may be HYBRID after a 6-month probationary period**As an academic medical center with a rich history of providing life-saving treatment in Southern Nevada, UMC serves as the anchor hospital of the Las Vegas Medical District, offering Nevada's highest level of care to promote successful medical outcomes for patients.UMC is a Level I Trauma Center, home of the ONLY Verified Burn Center, and Transplant Center.In 2026, we became theFIRSTandONLYMagnet-Recognized hospital in the state, reflecting UMC's nursing professionalism, teamwork, and superiority in patient care.Position Summary:Responsible for improving the overall quality and completeness of clinical documentation. Facilitates modifications to clinical documentation through extensive interactions with physicians, nursing staff, other members of the health care team and Health Information Management (HIM) coding staff to ensure that appropriate reimbursement and clinical severity is captured for the level of service rendered to all patients with a DRG based payer.Job RequirementEducation/Experience:Option 1: Graduation from an accredited school of nursing and three (3) years of clinical nursing experience and three (3) years clinical documentation improvement experience.Option 2: Physician graduate International MD with three (3) years of acute care experience and three (3) years Clinical Documentation Improvement (CDI) experience.Option 3: Equivalent to a Bachelor's degree in Healthcare and three (3) years Health Information Management in an acute care hospital inpatient experience and three (3) years Clinical Documentation Improvement (CDI) experience.Licensing/Certification Requirements:Option 1: Valid license by the State of Nevada to practice as a Registered Nurse and one of the following, Certified Clinical Documentation Specialist (CCDS), Certified Clinical Documentation Specialist-Outpatient (CCDS-O) or Certified Document Improvement Practitioner (CDIP).Option 2: An international medical graduate degree and one of the following: Certified Document Improvement Practitioner (CDIP), Certified Clinical Documentation Specialist (CCDS), Certified Clinical Documentation Specialist-Outpatient (CCDS-O).Option 3: Certification in one of the following: Certified Coding Specialist (CCS), Registered Health Information Technician (RHIT), or Registered Health Information Administrator (RHIA), issued by the American Health Information Management Association, Certified Professional Coder (CPC), Certified Professional Coder-Physician-based (CPC-P), AND one of the following: Certified Document Improvement Practitioner (CDIP), Certified Clinical Documentation Specialist (CCDS), Certified Clinical Documentation Specialist-Outpatient (CCDS-O).Knowledge, Skills, Abilities, and Physical RequirementsKnowledge of:Medicare reimbursement system and coding structures; hospital policies and procedures; Joint Commission Accredited Health care Organizations standards, state statutes governing hospital services and health care, Medicare/Medicaid guidelines and other relevant regulations and standards; clinical medical and nursing procedures; disease processes; department and hospital safety practices and principles; patient rights; age specific patient care practices; infection control policies and practices; department and hospital emergency response policies and procedures.Skill in:Working effectively under pressure; holding in complete confidence all information acquired from medical records and physicians; interpreting patient charts to determine whether care given was appropriate and properly documented; interpreting regulations and standards for others; writing reports, meeting minutes and other technical documents; analyzing statistical and other quantitative data; critical thinking; conflict management; dealing with departmental issues involving self or other employees in professional, forthright and impartial manner; applying investigative and interviewing techniques; using a computer and a variety of software applications; communicating with a wide variety and establishing interpersonal relationships to interact effectively with co-workers, supervisor, staff in other work units and exchange or convey information.Physical Requirements and Working Conditions:Mobility to work in a typical office setting and use standard equipment, stamina to remain seated for extended periods of time, vision to read printed materials and a VDT screen, and hearing and speech to communicate effectively in person and over the telephone. Strength and agility to exert up to 10 pounds of force occasionally and/or an eligible amount of force frequently or constantly to lift, carry, push, pull or otherwise move objects. May work shifts and weekends.Reasonable accommodations may be made to enable individuals with disabilities to perform the essential functions of this classification.#LI-SS1",https://www.governmentjobs.com/careers/umcsn/jobs/5178574/clinical-documentation-coordinator-hybrid,"CDI | Clinical Documentation Integrity Specialist, Registered Nurse | RN",Remote Nurse Connection,2026-05-02T09:58:26.463082
"Senior Director, Clinical Operations",Noom US,2026-04-25,,Hybrid,Regular | Perm Employee,Regular | Perm Employee,"Hybrid, Remote","$225,000 - $265,000","Noom is on a mission to help people live better, longer. We're a consumer-led digital health company, connecting people to content, coaching, community, and clinicians, to build lasting habits and live healthier lives. We're a high-growth organization powered by science, technology, and world-class talent. When you join Noom, on any team, you'll see the impact of your work on the world.Our Clinical team is at the heart of Noom's ability to deliver medically sound, scalable health programs. We sit at the intersection of clinical excellence and operational innovation, partnering with Product, Engineering, and our B2B team to implement and grow Noom's clinical and behavioral programs.About the RoleAs we continue to grow, we're seeking a Senior Director, Clinical Operations to lead and scale our clinical operations function. Reporting to the SVP of Health Operations and Customer Experience, you will inherit an existing team and portfolio of active initiatives and build new ones. You will own the clinical protocols, vendor relationships, and operational models that bring Noom's clinical programs to life across B2B and direct-to-consumer channels.You WillOwn the end-to-end clinical operations org for Noom Med, spanning D2C and B2B, including the strategic expansion of clinical programs, protocol development, and operationalization of new initiatives in partnership with Product and EngineeringServe as the operational bridge between clinical strategy and execution, ensuring commitments made to members and enterprise partners are delivered with quality, precision, and measurable outcomesLead and scale a high-performing clinical ops team, managing hiring plans and headcount growth as the business expandsDrive clinical implementations across D2C and B2B strategic initiatives, coordinating across internal clinical teams, external provider networks, and vendor partners to bring programs to life.Own the provider and member experience, holding provider satisfaction, clinical quality, and member health outcomes as core success metricsBuild and maintain the operational infrastructure that powers the clinical org: capacity models, utilization targets, reporting frameworks, and workflow systems that scale with growthEvolve and adapt your roles and responsibilities to support Noom Med as it continues to growAbout YouIf you're interested in shaping the future of digital health and building the operational foundation that makes it possible, this role may be for you!You Have8+ years of clinical operations experience, with 3+ years in health tech (telehealth, consulting, payor, provider, or services)Experience in digital healthcare required; healthcare subscription background acceptableBachelor's degree, or eqjuivalent level of educationDemonstrated ability to lead people, run operations, and think strategically at a senior levelDistinctive analytical and quantitative skills; you can model trade-offs, evaluate information, and translate strategy into operational plansExceptional communication skills and the ability to manage a complex portfolio of stakeholders and initiativesEnd-to-end telehealth experience is a strong plusWhat Makes This Job AmazingYou will be at the forefront of one of the most exciting movements in healthcare, where the work you do directly impacts millions of people's health outcomesYou will have real ownership and real impact, giving you the rare opportunity to both run the business and shape where it goes nextYou will work at the intersection of technology, healthcare, and behavior change at a company that has helped millions live healthier lives and is just getting startedCompensation PackageThe US base salary range for this full-time position is $225,000 - $265,000.This range reflects the minimum and maximum salary target for the position for US-based candidates, at the time of posting. The actual salary offer is based on factors including relevant experience and training, assessment of functional skills and behavioral competencies, and location, among others.Other elements of Noom's Compensation Package:Noom offers a comprehensive and generous total rewards package. This may include a discretionary performance-based bonus, stock awards, healthcare (featuring a plan with premiums covered by Noom), paid holidays and paid leave (including Summer Fridays), 401k program, and various cash stipends and budgets for employees (tech, learning & development, etc.).LocationHybrid (2x/week) required if you are local to the NYC or Princeton, NJ metropolitan areas.Remote only available if you are located outside the above two metropolitan areas.Candidates, regardless of location, should be comfortable with occasional travel.More About NoomNoom is a leading whole-person health platform on a mission to help people live better, longer. We combine personalized medication with the science of behavior change and psychology, to help people build lasting habits and live longer, healthier lives. With nationally-recognized, holis...",https://www.noom.com/careers/job-listings/?gh_jid=7832178,"Advanced Practice Nurse, Biotech | Health Tech | Medical Device, Management | Leadership, Registered Nurse | RN, Weight Management",Remote Nurse Connection,2026-05-02T09:58:26.564568
"LVN (Specialty Phone Triage, 32 hours) - Remote Opportunity",Austin Regional Clinic: ARC,2026-04-25,"Austin, TX",Remote,Regular | Perm Employee,Regular | Perm Employee,"Remote, Training On-Site",,"Job DetailsDescriptionABOUT AUSTIN REGIONAL CLINIC:Austin Regional Clinic has been voted a top Central Texas employer by our employees for over 15 years! We are one of central Texas' largest professional medical groups with 35+ locations and we are continuing to grow. We offer the following benefits to eligible team members: Medical, Dental, Vision, Flexible Spending Accounts, PTO, 401(k), EAP, Life Insurance, Long Term Disability, Tuition Reimbursement, Child Care Assistance, Health & Fitness, Sick Child Care Assistance, Development and more. For additional information visit https://www.austinregionalclinic.com/careers/PURPOSEUnder general supervision, provides routine nursing care via telephone within the limits of nursing knowledge, education, licensure, experience and ethical, legal standards of care. Carries out all duties while maintaining compliance and confidentiality and promoting the mission and philosophy of the organization.Essential FunctionsAssesses and prioritizes medical needs via telephone and directs patients to appropriate and necessary care.Guides evaluation including instructing patient/caller how to evaluate normal/abnormal symptoms, effectiveness of treatment and when to call back.Documents symptoms/complaints, nursing assessment, advice and patient/caller response.Follows policies, procedures, and protocols to ensure consistency and departmental effectiveness as well as improve health care outcomes of patients/callers and their access to appropriate health care.Collects data and make assessments, develops a working diagnosis, determines interventions and disposition per guidelines.Demonstrates best practices and quality care.Assesses the physical, social, and emotional needs of patients and families.Teaches and counsels patients and families concerning heath assessment and care including prevention of disease and health maintenance.Accurately and completely reports and documents status, care rendered, response to care, provider orders, contacts with patient and/or other healthcare providers.Accurately and completely performs patient follow-up activities including laboratory results and diagnostics, appointments, referrals, medications, and call backs.Able to assist in the ordering /re-ordering of prescriptions within the guidelines of the company protocol.Adheres to all company policies, including but not limited to, OSHA, HIPAA, compliance and Code of Conduct.Regular and dependable attendance.Follows the core competencies set forth by the Company, which are available for review on CMSweb.Works holiday shift(s) as required by Company policy.Accurately and completely reports and documents status, care rendered, response to care, provider orders, contacts with patient and/or other healthcare providers.Participates in the orientation of new employees.Other Duties And ResponsibilitiesPerforms other duties as assigned.QualificationsEducation and ExperienceRequired:High school diploma or equivalent. Graduation from an accredited school of vocational nursing.Preferred:Previous experience in an ambulatory or acute care setting preferred.Two (2) or more years of clinical experience preferred (within the last five (5) years). Experience working in the related specialty preferred. Telephone triage experience preferred. Previous experience in an ambulatory, hospital, or home health setting preferred. Bilingual in English and Spanish preferred.Certificate/License:Current licensure as a Licensed Vocational Nurse (LVN) in the State of Texas. Required to maintain a current vocational nursing license during employment.Knowledge, Skills And AbilitiesAbility to utilize computer software and associated programs to triage and send reports to appropriate agencies or clinics.Ability to use nursing judgment as an adjunct to the computer Software Program to reach appropriate dispositions and care advice.Ability to respond appropriately to emergency situations.Ability to apply nursing principles, practices and techniques.Ability to exercise initiative and judgment in selecting proper treatment.Ability to engage others, listen and adapt response to meet others' needs.Ability to align own actions with those of other team members committed to common goals.Excellent computer and keyboarding skills, including familiarity with Windows.Excellent verbal and written communication skills.Ability to manage competing priorities.Ability to perform job duties in a professional manner at all times.Ability to understand, recall, and communicate, factual information.Ability to understand, recall, and apply oral and/or written instructions or other information.Ability to organize thoughts and ideas into understandable terminology.Ability to apply common sense in performing job.Ability to understand and follow instructions and guidelines.Knowledge of all activities associated with the delivery of quality nursing practices and duties assigned to this roleSkill in nursing practices within the scope of responsibilities assigned to...",https://recruiting2.ultipro.com/COV1006CVMS/JobBoard/6e0a66cd-7918-4720-827c-8ce73d404256/OpportunityDetail?opportunityId=355d78ab-1ee6-4e63-a989-5501f4538ee6,"Entry Level, Licensed Practical Nurse | LPN | LVN, Triage | Telehealth",Remote Nurse Connection,2026-05-02T09:58:26.673540
Nurse Auditor -RIO (Remote),Trinity Health,2026-04-25,,Remote,Regular | Perm Employee,Regular | Perm Employee,Remote,,"Employment TypeFull timeShiftDay ShiftDescriptionPurposeWork Remote Position(Pay Range: $31.8795-$47.8193)The Nursing Support (NS) colleague (uncertified, certified, unlicensed, or licensed) provides safe, quality health care services & / or assistance to patients under the supervision & direction of a registered nurse or other designated health care professional in accordance with level of experience, education, policies & procedures.Note: ""patients"" refers to patients, clients, residents, participants, customers, membersEssential FunctionsOur Trinity Health Culture:Knows, understands, incorporates & demonstrates our Trinity Health Mission, Values, Vision, Actions & Promise in behaviors, practices & decisions.Work Focus:Performs clinical care activities (direct or indirect) for patients within the ""scope of practice"" laws & training received; Cares for patients safely by assisting in clinical care services or engaging in administrative activities (e.g., maintaining records or supplies) that enhance or improve coordination, preparation & flow of the care experience.Process Focus:Knows, understands & incorporates basic or essential area of practice (document, coordinate, communicate) & training standards.Communication:Uses clear, effective, respectful language & communication methods / means.Environment:Performs work in a safe, engaging, & supportive manner; Influences the responsible use of resources; Accountable for continuous self-development & supporting the growth of others.Maintains a working knowledgeof applicable federal, state & local laws/regulations, Trinity Health Integrity & Compliance Program & Code of Conduct, as well as other policies, procedures & guidelines in order to ensure adherence in a manner that reflects honest, ethical & professional behavior & safe work practices.Functional Role (not inclusive of titles or advancement career progression)NS IV - licensed: Licensed role (direct or indirect healthcare); Provides nursing interventions or clinical knowledge application in decision-making; Participates in the planning, implementation & / or evaluation of & solutions for care; Performs delegated focused / holistic care autonomously according to care plan; May administer medication & carry out the therapeutic treatment within scope of license (state & TH policy); Performs direct & essential care or supportive activities as part of an interdisciplinary team with a deeper understanding, including theoretical knowledge; Demonstrates a level of independence to perform activities with general oversight, through personal contributions, teamwork & initiatives to safely improve outcomes; Advocates for patients & informs / counsels patients & families about illness & care details; May serve as a knowledge resource, role model & mentor or lead / coordinate / supervise direct & essential care activities or role-based service responsibilities of unlicensed / licensed / certified healthcare professionals within licensed scope of practice.Minimum QualificationsHigh school diploma or GED; Completion of an accredited program associated with license. License in the applicable state(s) of engagement. Valid driver's license where required by assignment.Additional Qualifications (nice to have)Registered Nurse, preferredTraining or experience according to assignment areaOur CommitmentRooted in our Mission and Core Values, we honor the dignity of every person and recognize the unique perspectives, experiences, and talents each colleague brings. By finding common ground and embracing our differences, we grow stronger together and deliver more compassionate, person-centered care. We are an Equal Opportunity Employer. All qualified applicants will receive consideration for employment without regard to race, color, religion, sex, sexual orientation, gender identity, national origin, disability, veteran status, or any other status protected by federal, state, or local law.",https://jobs.trinity-health.org/job/TRHEUS00657033EXTERNALENUS/Nurse-Auditor-RIO-Remote,"Auditing, Entry Level, Registered Nurse | RN, Revenue Integrity",Remote Nurse Connection,2026-05-02T09:58:26.779261
Registered Nurse Quality and Patient Safety Coordinator,Ascension,2026-04-25,"Jacksonville, FL",On-site,Regular | Perm Employee,Regular | Perm Employee,ON-SITE,,"Your future role at a glanceLocation:Jacksonville, FLFacility:Ascension St. Vincent's Riverside HospitalDepartment:Total Quality ManagementSchedule:Day Shift | Full-timeLife at Ascension: Where purpose meets opportunityAscension is a leading nonprofit Catholic health system with a culture and associate experience grounded in service, growth, care and connection. We empower our 99,000+ associates to bring their skills and expertise every day to reimagining healthcare, together. Recognized as one of the Best 150+ Places to Work in Healthcare and a Military-Friendly Gold Employer, you'll find an inclusive and supportive environment where your contributions truly matter.Benefits that help you thriveComprehensive health coverage: medical, dental, vision, prescription coverage and HSA/FSA optionsFinancial security & retirement: employer-matched 403(b), planning and hardship resources, disability and life insuranceTime to recharge: pro-rated paid time off (PTO) and holidaysCareer growth: Ascension-paid tuition (Vocare), reimbursement, ongoing professional development and online learningEmotional well-being: Employee Assistance Program, counseling and peer support, spiritual care and stress management resourcesFamily support: parental leave, adoption assistance and family benefitsOther benefits: optional legal and pet insurance, transportation savings and moreBenefit options and eligibility vary by position, scheduled hours and location. Benefits are subject to change at any time. Your recruiter will provide the most up-to-date details during the hiring process.How you'll make an impact in this roleCoordinate quality, risk and/or patient safety aspects of The Joint Commission continuous readiness program.Collaborate with multidisciplinary team on problem identification and resolution, cost containment issues, implementation of new services and systems/ performance measures.Support activities related to quality and risk reduction initiatives and compliance with patient safety standards.Analyze and report on data collected from a variety of sources. Develop detailed quality financial reports for specific groups and service lines.What Minimum Requirements You'll NeedLicensure / Certification / Registration:Quality Professional credential preferred.Risk Management credential preferred.EducationHigh school diploma/GED with 2 years of experience, or Associate's degree, or Technical degree required.What Additional Preferences We're SeekingRN LicenseBSNEqual employment opportunity employerAscension provides Equal Employment Opportunities (EEO) to all associates and applicants for employment without regard to race, color, religion, sex/gender, sexual orientation, gender identity or expression, pregnancy, childbirth, and related medical conditions, lactation, breastfeeding, national origin, citizenship, age, disability, genetic information, veteran status, marital status, all as defined by applicable law, and any other legally protected status or characteristic in accordance with applicable federal, state and local laws. For further information, view theEEO Know Your Rights (English)poster orEEO Know Your Rights (Spanish)poster.Fraud prevention noticeProspective applicants should be vigilant against fraudulent job offers and interview requests. Scammers may use sophisticated tactics to impersonate Ascension employees. To ensure your safety, please remember: Ascension will never ask for payment or to provide banking or financial information as part of the job application or hiring process. Our legitimate email communications will always come from an @ascension.org email address; do not trust other domains, and an official offer will only be extended to candidates who have completed a job application through our authorized applicant tracking system.E-Verify statementEmployer participates in the Electronic Employment Verification Program. Please clickherefor more information.",https://jobs.ascension.org/us/en/job/AHEAHUUS446830EXTERNALENUS/Registered-Nurse-Quality-and-Patient-Safety-Coordinator,"Entry Level, Quality, Registered Nurse | RN, Risk Management",Remote Nurse Connection,2026-05-02T09:58:26.892346
Complex Case Manager RN - (Remote),Highmark Health,2026-04-25,,Remote,Regular | Perm Employee,Regular | Perm Employee,Remote,,"Company :Highmark Inc.Job Description :JOB SUMMARYThis job has primary ownership and oversight over a specified panel of members that range in health status/severity and clinical needs. The incumbent assesses health management needs of the assigned member panel and utilizing data/analytics in conjunction with professional clinical judgement to identify the right clinical intervention for each member. The incumbent will be supported by a multi-disciplinary team and will use clinical judgment to refer members to appropriate multi-disciplinary resources. In addition to identifying the appropriate clinical interventions and referrals, the incumbent will manage an active case load of members in his/her panel that are enrolled in case management. The incumbent conducts outreach to members enrolled in case management including but is not limited to: developing a care plan, encouraging behavior changes, identifying and addressing barriers, helping members to coordinate care, and identifying various resources to assist members in achieving their personal health goals. The incumbent monitors, improves and maintains quality outcomes (clinical, financial and functional) for the specified panel of members.ESSENTIAL RESPONSIBILITIESMaintain oversight over specified panel of members by performing ongoing assessment of members' health management needs, identifying the right clinical interventions to address member needs and/or triaging members to appropriate resources for additional support.For assigned case load, create care plans to address members' identified needs, remove barriers to care, identify resources, and conduct a number of other activities to help improve the health outcomes of members; care plans include both long and short term goals and plan of regular contacts for re-assessment.Ensure targeted percentage of patient goal achievement (i.e., realization of member care plan), and other patient outcomes, as applicable, are achieved.Ensure all activities are documented and conducted in compliance with applicable business process requirements, regulatory requirements and accreditation standards.Maintain current knowledge and adheres to applicable CMS, state, local, and regulatory agency requirements and applicable standards of practice for case management including those published by CMSA and/or ACMA, as required by the organization.Other duties as assigned or requested.EDUCATIONRequiredHigh School Diploma/GEDSubstitutionsNonePreferredBachelor's Degree in NursingEXPERIENCERequired7 years of any combination of clinical, case management and/or disease/condition management experience, provider operations and / or health insurance experiencePreferredFederal Employee Program experienceAdvanced training and experience in cognitive behavioral therapy (CBT), motivational interviewing or dialectical behavior therapy (DBT)Experience working with the healthcare needs of diverse populationsUnderstanding of the importance of cultural competency in addressing targeted populationsLICENSES AND CERTIFICATIONSRequiredCurrent State of PA RN licensure OR Current multi-state licensure through the enhanced Nurse Licensure Compact (eNLC) or WV or DE or NY is required. Other RN license(s), if applicable, must be obtained within the first 6 months of employment.PreferredCertification in Case ManagementSKILLSWritten and verbal presentation skills, negotiation skills, and skills in positively influencing others with respect and compassionBroad knowledge of disease processesUnderstanding of healthcare costs and the broader healthcare service delivery systemProficiency in MS Excel and strong analytic skills with ability to interpret, evaluate and act on clinical and financial data, including analysis of statistical dataExcellent interpersonal/ consensus building skills as well as the ability to work with a variety of internal and external colleagues from all levels of an organizationAbility to work in a high performing team environment that requires flexibilityDemonstrated ability to handle multiple priorities in a fast pacedenvironment. Excellentorganizational, time management and project management skillsSelf-directed; self-starter, ability to work successfully with indirect supervision and moderate autonomyLANGUAGE REQUIREMENT (Other than English)NoneTRAVEL REQUIREMENT0% - 25%PHYSICAL, MENTAL DEMANDS AND WORKING CONDITIONSPosition TypeOffice-BasedTeaches/Trains others regularlyRarelyTravels regularly from the office to various work sites or from site-to-siteRarelyWorks primarily out-of-the office selling products/services (Sales employees)Does Not ApplyPhysical Work Site RequiredNoLifting: up to 10 poundsRarelyLifting: 10 to 25 poundsRarelyLifting: 25 to 50 poundsRarelyDisclaimer:The job description has been designed to indicate the general nature and essential duties and responsibilities of work performed by employees within this job title. It may not contain a comprehensive inventory of all duties, responsibilities, and qualifications ...",https://highmarkhealth.wd1.myworkdayjobs.com/highmark/job/PA-Working-at-Home---Pennsylvania/Complex-Case-Manager-RN----Remote-_J280113?utm_source=remotenurseconnection&utm_medium=jobboard,"Case Management | Care Management, Entry Level, Registered Nurse | RN",Remote Nurse Connection,2026-05-02T09:58:26.999512
"Remote Care Navigator, Surgical Program",Humber River Health,2026-04-25,,Remote,Regular | Perm Employee,Regular | Perm Employee,Remote,,"Position ProfileHumber River Health. Lighting New Ways In Healthcare.Since opening our doors in 2015 as North America's first fully digital hospital, we remain unwavering in our belief that we can change the hospital where we work, the community where we live, and the world of healthcare beyond our borders. Serving a community of 850,000 residents in North West Toronto, Equity Inclusivity and active participation in the North West Toronto Ontario Health Team are key initiatives important to our Team. At Humber River Health, we use a custom combination of technology and clinical expertise to rebuild elements of care. We make technology work for staff and physicians; giving them more time to spend with patients, to eliminate inefficiencies, and to reduce the chance of errors. Humber River Health is formally affiliated with both the University of Toronto and Queen's University and committed to becoming a community academic hospital. Clinical Excellence, Optimizing Care through Technology and Community Connection frame our Research Strategy.At Humber River Health, we're not hoping for a renaissance, we are making it happen. As part of our dynamic team, you can lead the way, as we continue our journey towards high reliability care!We have an exciting opportunity for aRemote Care Navigatorto join ourSurgical Program!Employment Status:Temporary Full TimeDuration:January 2027 - subject to change as per Management RightsHours of Work:Day shifts from Monday to Friday (some evening and weekend hours may be required based on operational needs) - subject to change as per Management RightsLocation:Humber River Health, Wilson SiteEmployee Group:Non UnionSalary Range:$52.790 - $66.028Reporting Relationship:VP, Clinical ProgramsResponsibilities:Act as a member of a specialized interdisciplinary surgical care program in the Surgical & Perioperative programs to support assessment, follow-up, and treatment referral processes aligned with clinical best practice guidelines and evidence-based researchRemain abreast of new developments in surgical care related evidence-based programs to disseminate and/or utilize developments and new knowledge into clinical practice; integrate research into practice to ensure best practice standards are maintained within selected procedures and subspecialtiesParticipate in the implementation, monitoring, and evaluation of standards specific to surgical care assessment and health follow upConduct frequent environmental scans to identify gaps in clinical delivery for opportunities for improvement and promote ongoing quality assurance; and plan, implement, evaluate, and report on outcomes to all stakeholders, including mapping present and future trends, to create and sustain a seamless and continuous process for patients undergoing surgeryInfluence clinical practice and patient outcomes and collaborate with the broader health care team and community partners regarding complex and challenging patient care situationsParticipate in the collection and evaluation of health care data required that maybe required by any stakeholders, including the MOHLTC, OH and CCODevelop and foster links with external partners to facilitate continuity of patient careSupports the patient through the available treatment options to develop health care plans, and along the entire episode of care: prevention, diagnosis, preparation/plan, treatment, recovery/rehabilitation and monitoring/management to ensure that every patient receives care that is coordinated and navigated along the patient care path and/or entire process (preoperatively, postoperatively, recovery and rehabilitation)Liaise with patient primary care teams (e.g. physicians, sub-specialists, radiologists, surgeons, primary health practitioners, and community agencies) to facilitate the delivery of patient care servicesProvide supportive care resources to patients and families to address psychosocial, practical, and informational needs across their entire continuum of care from pre-op to their post-acute phaseDevelop and deliver to patients/families and staff surgical health educational sessions assessment, intervention and coordination within the care pathwayDevelop and optimize remote care monitoring pathways in collaboration with the surgical interdisciplinary care team to improve target KPIsTriage and support patient concerns and questions to stream patients into the right care post-operative care pathwaysOther duties as assignedRequirements:Master's Degree in Nursing or related field required. Candidates who are actively pursuing their Master's will be consideredCurrent registration and membership in good standing with the College of Nurses of Ontario (CNO).Membership with Nurses Association of Ontario (RNAO) and registration in the Extended Class with CNO preferred3 years of recent experience in acute care and/or surgical and/or emergency nursing, preferably with clinical research and formal teaching experienceKnowledge in MS Office (Outlook, Word, Excel, Po...",https://careersen-hrrh.icims.com/jobs/23601/remote-care-navigator-surgical-program/job?utm_source=remotenurseconnection&utm_medium=jobboard,"Clinical Coordinator | Navigator, Entry Level, PeriOp | Operating Room | Surgical, Quality, Registered Nurse | RN",Remote Nurse Connection,2026-05-02T09:58:27.108807
Telephone Triage Nurse,Children's Minnesota,2026-04-25,"Minnesota, United States",Remote,Regular | Perm Employee,Regular | Perm Employee,Remote,,"About Children's MinnesotaChildren's Minnesota is one of the largest pediatric health systems in the United States and the only health system in Minnesota to provide care exclusively to children, from before birth through young adulthood. An independent and not-for-profit system since 1924, Children's Minnesota is one system serving kids throughout the Upper Midwest at two free-standing hospitals, nine primary care clinics, multiple specialty clinics and seven rehabilitation sites. As The Kids Experts in our region, Children's Minnesota is regularly ranked by U.S. News & World Report as a top children's hospital. Find us onFacebook@childrensminnesota or onTwitterandInstagram@childrensmn. Please visitchildrensMN.org.Children's Minnesota is proud to be recognized by Modern Healthcare as one of 2023's Top Diversity Leaders. The national honor recognizes the top diverse healthcare executives and organizations influencing public policy, care delivery, and promoting diversity, equity and inclusion in their organizations and the industry.Position SummaryThis CHN telephone triage nurse is responsible for triaging incoming calls from clients, assessing needs, giving appropriate clinical options and facilitating referral to primary providers, health care facilities and community resources. The nurse will also educate the caller when appropriate regarding immediate care, advice and preventative behaviors.* Current unrestricted RN license (Minnesota).* Ability to obtain unrestricted nursing licensure in other states.* Minimum 2 years of recent nursing experience.* Experience in an emergency or ambulatory care setting a plus.* A background in telephone triage is ideal-though not required.Knowledge/Skills/Abilities:1. Required for completely satisfactory performance in this job is knowledge of nursing functions, basic anatomy and physiology, and age competency through all stages of growth & development.2. The ability to demonstrate and perform generic and patient specific population critical competencies based on age and diagnosis.3. Critical thinking and independent problem solving skills.4. Positive interpersonal skills.5. Strong interview and communication skills; including good written and non verbal communication.6. The ability to utilize time and resources effectively.7. Ability to delegate.8. Proficient computer skills are essential.The posted salary represents a market competitive range based on salary survey benchmark data for similar roles in the local or national market. Annual salaries displayed are based on full-time employment (40 standard hrs per week). Annual salaries for part-time positions will be prorated based on the employee's scheduled weekly hours in relation to the full-time standard. When determining individual pay rates, we carefully consider a wide range of factors including but not limited to market indicators for the specific role, the skills, education, training, credentials and experience of the candidate, internal equity and organizational needs.In addition to your salary, this position may be eligible for medical, dental, vision, retirement, and other fringe benefits. Positions that require night, weekend or on-call work may be eligible for shift differentials or premium pay.All job offers are contingent upon successful completion of an occupational health assessment, drug screen, background investigation, and compliance with the U.S. Government Form I-9, Employment Eligibility Verification.Children's Minnesota is proud to be an equal opportunity employer whose staff is representative of its community and considers qualified applicants for open positions without regard to race, color, creed, sex, religion, national origin, sexual orientation, genetic information, gender identity or expression, age, veteran status, disability, pregnancy, citizenship status, or any other characteristic protected under applicable federal, state, or local law.Job Posting: Apr 24, 2026, 4:44:22 PMJob: NursingPrimary Location: USA-MN-MN and WI RemoteSalary (Pay Basis): 37.69 - 54.62",https://childrensmn.taleo.net/careersection/ex/jobdetail.ftl?job=2602705W&lang=en&utm_source=remotenurseconnection&utm_medium=jobboard,"Registered Nurse | RN, Entry Level, Pediatrics, Triage | Telehealth",Remote Nurse Connection,2026-05-02T09:58:27.212426
Case Manager Registered Nurse - LTSS - Work at Home,CVS Health,2026-04-25,,Remote,Regular | Perm Employee,Regular | Perm Employee,Remote,"$60,522.00 - $129,615","We're building a world of health around every individual - shaping a more connected, convenient and compassionate health experience. At CVS Health, you'll be surrounded by passionate colleagues who care deeply, innovate with purpose, holdourselves accountableand prioritize safety and quality in everything we do. Join us and be part of something bigger - helping to simplify health care one person, one family and one community at a time.Position SummaryThis Case Management position is with Aetna's Long-Term Services and Supports (LTSS) team and is a Work From Home.Work requires the ability to perform close inspection of hand written andcomputer generated documents as well as a PC monitor.Sedentary work involving periods of sitting, talking, listening.Work requires sitting for extended periods, talking on the telephone, and typing on the computerNurse Case Manager is responsible forreviewing provider requests, including DMAS documents, MD orders, provider justification for services and internal assessment, InterRai and NCQA notes.Develops a proactive course ofaction to address issues presented to enhance the short and long-termoutcomes as well as opportunities to enhance a member's overall wellnessthrough integration. Services strategies policies and programs arecomprised of network management and clinical coverage policies. Through the use of clinical tools and information/data review, conducts anevaluation of member's needs and benefit plan eligibility and facilitatesintegrative functions as well as smooth transition to Aetna programs andplans. Applies clinical judgment to the incorporation of strategies designedto reduce risk factors and barriers and address complex health and socialindicators which impact care planning and resolution of member issues.Assessments take into account information from various sources to addressall conditions including co-morbid and multiple diagnoses that impactfunctionality. Reviews prior claims to address potential impact on currentcase management and eligibility. Using a holistic approachassess the need for a referral to clinical resources for assistance indetermining functionality. Consults with supervisor and others inovercoming barriers in meeting goals and objectives, presents cases atcase conferences for multidisciplinary focus to benefit overall claimmanagement. Utilizes case management processes in compliance withregulatory and company policies and procedures.Required QualificationsRegistered Nursewith current unrestricted Virginiaor Compact Licensure3 years Clinical Experience (Preferably in Medical-Surgical Nursing, Behavioral Health, Long term Care, Utilization Review etc.)1+ years Managed Care experience.Position requires proficiency with computer skills which includes navigatingmultiple systems and keyboarding.Preferred QualificationsEffective communication skills, both verbal and written.EducationAssociates DegreeAnticipated Weekly Hours40Time TypeFull timePay RangeThe typical pay range for this role is:$60,522.00 - $129,615.00This pay range represents the base hourly rate or base annual full-time salary for all positions in the job grade within which this position falls. The actual base salary offer will depend on a variety of factors including experience, education, geography and other relevant factors. This position is eligible for a CVS Health bonus, commission or short-term incentive program in addition to the base pay range listed above.Our people fuel our future. Our teams reflect the customers, patients, members and communities we serve and we are committed to fostering a workplace where every colleague feels valued and that they belong.Great benefits for great peopleWe take pride in offering a comprehensive and competitive mix of pay and benefits that reflects our commitment to our colleagues and their families.This fulltime position is eligible for a comprehensive benefits package designed to support the physical, emotional, and financial wellbeing of colleagues and their families. The benefits for this position include medical, dental, and vision coverage, paid time off, retirement savings options, wellness programs, and other resources, based on eligibility.Additional details about available benefits are provided during the application process and onBenefits Moments.We anticipate the application window for this opening will close on: 05/31/2026Qualified applicants with arrest or conviction records will be considered for employment in accordance with all federal, state and local laws.",https://cvshealth.wd1.myworkdayjobs.com/CVS_Health_Careers/job/Case-Manager-Nurse---Licensed-Practical-or-Registered-Nurse---Work-at-Home_R0871845?utm_source=remotenurseconnection&utm_medium=jobboard,"Case Management | Care Management, Psych | Behavioral Health | Mental Health, Registered Nurse | RN",Remote Nurse Connection,2026-05-02T09:58:27.319795
