job_title,company,date_posted,location,remote_status,employment_type,schedule,license_requirements,salary_range,job_description,apply_link,specialties,source_site,scraped_at
HEDIS MEDICAL RECORD REVIEW PROJECT NURSE,Eleanor Health,2026-07-15,Remote,Remote,Full-time,Days,Must Be Licensed In: Florida,$0 - $0 Salary,"Location: Virtual: Must live in FL This role enables associates to work virtually full-time, except for required in-person training sessions, providing maximum flexibility and autonomy. This approach promotes productivity, supports work-life integration, and ensures essential face-to-face onboarding and skill development. Alternate locations may be considered if candidates reside within a commuting distance from an office. Please note that per our policy on hybrid/virtual work, candidates not within a reasonable commuting distance from the posting location(s) will not be considered for employment, unless accommodation is granted as required by law. The HEDIS Medical Record Review Project Nurse will be responsible for HEDIS medical record identification and abstraction throughout the year. How you will make an impact: Serves as a resource and subject matter expert on HEDIS quality reviewer processes Conducts over-reads on HEDIS records for compliance against HEDIS Technical Specifications Educates providers on HEDIS specifications and medical record documentation via various mediums such as HEDIS Encounter Portal Submission Tool, Hybrid Review Tool, HEDIS reference material development, and any other educational pieces for Provider relations, etc Provides feedback to providers via the HEDIS Encounter Submission Tool for medical records reviewed throughout the year Reviews HEDIS Encounter Portal submissions for Star Metrics throughout the calendar year with given set deadlines Works on projects as assigned Develops expertise in the requirements and parameters of mandated HEDIS performance measures on an annual basis Minimum Requirements: Requires a BS in nursing and minimum of 2 years of clinical experience; or any combination of education and experience, which would provide an equivalent background. Preferred Skills, Capabilities, and Experiences: Current, unrestricted clinical license appropriate to field of specialty (LPN/RN) as required Active state licen",https://app.nursefern.com,HEDIS,NurseFern,2026-07-16T11:01:25.281194
RN UTILIZATION MANAGEMENT NURSE (INPATIENT) - CALIFORNIA COMMERCIAL,Elevance Health,2026-07-15,Remote,Remote,Full-time,Days,Must Be Licensed In: California,$41.38 - $69.02 Hourly,"Virtual: This role enables associates to work virtually full-time, with the exception of required in-person training sessions, providing maximum flexibility and autonomy. This approach promotes productivity, supports work-life integration, and ensures essential face-to-face onboarding and skill development. Alternate locations may be considered if candidates reside within a commuting distance from an office. Please note that per our policy on hybrid/virtual work, candidates not within a reasonable commuting distance from the posting location(s) will not be considered for employment, unless an accommodation is granted as required by law. Please Note: Associates in this job working from a California location are eligible for overtime pay based on California employment law. Work Hours: 8 hour shift between 7:30am - 6pm PST. Rotating Weekends and holidays. The Medical Management Nurse for California HMO is responsible for review of the most complex or challenging cases that require nursing judgment, critical thinking, and holistic assessment of member's clinical presentation to determine whether to approve requested service(s) as medically necessary. Works with healthcare providers to understand and assess a member's clinical picture. Utilizes nursing judgment to determine whether treatment is medically necessary and provides consultation to Medical Director on cases that are unclear or do not satisfy relevant clinical criteria. Acts as a resource for Clinicians. May work on special projects and helps to craft, implement, and improve organizational policies. Primary duties may include but are not limited to: Utilizes nursing judgment and reasoning to analyze members' clinical information, interface with healthcare providers, make assessments based on clinical presentation, and apply clinical guidelines and/or policies to evaluate medical necessity. Works with healthcare providers to promote quality member outcomes, optimize member benefits, and promote effective u",https://app.nursefern.com,Utilization Review & Management (UR/UM),NurseFern,2026-07-16T11:01:27.391883
REMOTE TRIAGE - RN,Elevance Health,2026-07-15,Remote,Remote,Full-time,10hr shifts,"Must Be Licensed In: Compact, New Mexico, Tennessee, Texas",$0 - $0 Salary,"Anticipated End Date: 2026-07-22 Position Title: Remote Triage - RN Job Description: *Candidates with a compact license strongly preferred* Shift: Rotating schedule, 4 10-hour shifts per week, 7:30am - 6:00pm CST Location: Candidates in Texas, Tennessee, and New Mexico preferred; PST, MST, CST time zones preferred; Alternate locations may be considered Virtual: This role enables associates to work virtually full-time, with the exception of required in-person training sessions, providing maximum flexibility and autonomy. This approach promotes productivity, supports work-life integration, and ensures essential face-to-face onboarding and skill development. Please note that per our policy on hybrid/virtual work, candidates not within a reasonable commuting distance from the posting location(s) will not be considered for employment, unless an accommodation is granted as required by law The Remote Triage - RN is responsible for serving as a Registered Nurse in the Remote triage call center. Monitors members using established disease specific protocols. Provides clinical support for members on program via telephonic outreach and inbound calls. How you will make an impact: Provides information about the RPM Program to members with chronic conditions and explains the benefit of having chronic conditions managed, assessed and treated. Communicates with program members and their care givers via outbound and inbound calls with respect to RPM clinical interventions. Responds to member or provider written or inbound telephonic communications or inquires with respect to clinical interventions. Monitors biometric data using established disease specific protocols. Reviews members current labs and medications for appropriateness. Minimum requirements: Requires BA/BS in a related field and minimum of 3 years of Registered Nurse experience; or any combination of education and experience, which would provide an equivalent background. Current, unrestricted RN licen",https://app.nursefern.com,Triage,NurseFern,2026-07-16T11:01:29.502831
REGISTERED NURSE - OUTPATIENT - TRIAGE - PEDIATRIC CARDIOLOGY - DOWNTOWN INDIANAPOLIS,Indiana University Health,2026-07-15,Remote,Hybrid,Full-time,Days,Must Be Licensed In: Indiana,$0 - $0 Salary,"Part and Full-time roles are eligible for a $30,000 sign-on bonus - apply today to learn more! We are seeking an individual with a minimum of one year of RN experience for this role. Are you an upcoming nurse graduate or recent nurse graduate? Please apply through our pipeline requisition here: https://iuhealth.org/applyrn. This pipeline requisition allows the IU Health Talent Acquisition team to pair upcoming & recent nurse graduates with the best opportunities available to them based on their unique skillset and interests. Thanks for your interest in joining the team! IU Health is seeking expert RN's who will have the opportunity to collaborate with the brightest minds in medicine. At IU Health, you will learn and develop in significant ways, advancing healthcare for all! Being an IU Health nurse means building a professional nursing career designed with competitive benefits, a culture that accepts your outstanding strengths, and supports your personal and professional goals. If you are seeking an organization where you can engage expertly, develop clinical expertise, embrace learning, cultivate new relationships, and fuel your spirit of inquiry, apply today! The Ambulatory Clinical Nurse provides specialized nursing support and care coordination for pediatric cardiology patients in an outpatient setting. This position is responsible for managing patient care through telephone triage, clinical communications, medication management, and coordination of services with providers, patients, and families. The role offers a collaborative work environment with opportunities for remote work following successful completion of training. Schedule: Monday - Friday, 8:00 AM - 4:30 PM No weekends! No holidays! Requires an Associates of Nursing (ASN); Bachelors of Nursing (BSN) preferred. Requires an active Registered Nurse (RN) license in the state of Indiana or an active Nurse Licensure Compact (NLC) RN license. Requires that the RN has graduated from a nationally acc",https://app.nursefern.com,Triage,NurseFern,2026-07-16T11:01:31.613761
REGISTERED NURSE (RN) - CLINICAL DOCUMENTATION SPECIALIST (PART TIME) REMOTE,UVA Health,2026-07-15,Remote,Hybrid,Part-time,Days,Must Be Licensed In: Virginia,$32.62 - $65.25 Hourly,"The Clinical Documentation Specialist is responsible for the evaluation of physician documentation utilizing their clinical expertise to ensure the patients' severity of illness is accurately portrayed in the medical record for specificity of coding and increased coding accuracy. They provide guidance to the physicians nursing and ancillary staff on clinical documentation best practices. They must be self motivated and be adaptive to change. Responsible for the day to day evaluation of inpatient documentation in accordance with the Clinical Documentation Program requirements. Ensures the accuracy and completeness of clinical information which is used for measuring and reporting physician and hospital outcomes. Communicate with members of the medical staff on an ongoing basis to assure the documentation in the medical record adequately reflects the diagnoses being treated and the procedure performed. In addition to the above job responsibilities, other duties may be assigned. MINIMUM REQUIREMENTS Education: RN, graduate of accredited nursing program and Bachelor of Science in Nursing required within 5 years of hire. Experience: A minimum of three years of experience as a Clinical Documentation Specialist is required. Clinical experience in multiple areas, particularly in the ICU, is preferred. Licensure: Licensed to Practice as a Registered Nurse in the Commonwealth of Virginia. Reference Check Process- Reference Checks will be completed by UVA's third-party partner, SkillSurvey, during the final phase of the interview process. Five references will be requested, with at least three responses required PHYSICAL DEMANDS This is primarily a sedentary job involving extensive use of desktop computers. The job does occasionally require traveling some distance to attend meetings, and programs. The pay range for this role is $32.62 - $65.25 hourly. Individual compensation will be determined by the selected candidate's qualifications, previous work experience, a",https://app.nursefern.com,Clinical Documentation Integrity (CDI),NurseFern,2026-07-16T11:01:33.722508
RN - REGISTERED NURSE - CLINICAL ACCESS SPECIALIST,Geisinger,2026-07-15,Remote,Hybrid,Full-time,Days,Must Be Licensed In: Pennsylvania,$0 - $0 Salary,"Location Work from Home Job Category RN - Registered Nurse, Nursing and Nursing Support Schedule Days Work Type Full time Department Utilization Management Team Date posted 07/15/2026 Job ID R-98902 Job Summary As one of the Top 8 Most Innovative Healthcare Systems in Becker's Hospital Review, we're working to create a national model for improving health. Today, we're focused on bringing our region services that improve every facet of life to drive total health, inside and out. Through professional growth, quality improvement, and interdisciplinary collaboration, we've built an innovative culture that allows for growth of your skillsets and the opportunity to leverage your years of experience to build a rewarding, lasting career with impact. Job Duties The Clinical Access Specialist RN performs utilization review, medical necessity assessments, and authorization activities to promote quality outcomes, timely reimbursement, and effective care transitions. Responsibilities include reviewing clinical documentation, verifying coverage and certification requirements, collaborating with physicians and care teams, and serving as a resource on payer guidelines and discharge planning. The Clinical Access Specialist maintains accurate utilization review records, supports documentation integrity, and helps ensure compliance with state, federal, and third-party payer standards. At least three (3) years of RN work experience is required. Previous experience in an acute care setting is highly preferred. Previous Utilization Management experience is highly preferred. BSN is preferred. A typical schedule is 7:30 am to 4 pm with some evening, weekend and holiday rotation. Position Details Performs and ensures adherence to state, federal and third party payer certification requirements for initial, concurrent and retrospective medical record review for medical necessity and level of care determination. Identifies and notifies appropriate staff regarding discrepancy issues with",https://app.nursefern.com,Utilization Review & Management (UR/UM),NurseFern,2026-07-16T11:01:35.828164
ONCOLOGY RN CASE MANAGER - REMOTE,UnitedHealth Group,2026-07-15,Remote,Hybrid,Full-time,Days,Must Be Licensed In: State Of Residency,"$60,200 - $107,400 Salary","Optum is a global organization that delivers care, aided by technology to help millions of people live healthier lives. The work you do with our team will directly improve health outcomes by connecting people with the care, pharmacy benefits, data and resources they need to feel their best. Here, you will find a culture guided by inclusion, talented peers, comprehensive benefits and career development opportunities. Come make an impact on the communities we serve as you help us advance health optimization on a global scale. Join us to start Caring. Connecting. Growing together. We're making a solid connection between exceptional patient care and outstanding career opportunities. The result is a culture of performance that's driving the health care industry forward. As a Telephonic Oncology Case Manager RN, you'll support our Oncology member population with education, advocacy, and connections to the resources they need to feel better and get well. Instead of seeing a handful of patients each day, your work may affect millions for years to come. Ready for a new path? Apply today. This position will require active and unrestricted Nursing licensure in multiple US States. Selected candidate must be willing and able to obtain and maintain multiple state licensure (Application fees and filing costs paid for by UHG). Core hours are 8:00am - 4:30pm Monday-Friday in your time zone. One late night per week to be worked until 7:00pm in your time zone. You'll enjoy the flexibility to work remotely* from anywhere within the U.S. as you take on some tough challenges. Primary Responsibilities: Making outbound calls to assess patient's current health status Identifying gaps or barriers in treatment plans Interacting with Medical Directors on challenging cases Providing patient education to assist with self-management Coordinating care for members Encouraging members to make healthy lifestyle changes Documenting and tracking findings Educating members on disease proce",https://app.nursefern.com,Case Management (CM),NurseFern,2026-07-16T11:01:40.045622
HOME HEALTH CLINICAL TRIAGE - REGISTERED NURSE (PER DIEM),UnitedHealth Group,2026-07-15,Remote,Hybrid,PRN/Per Diem,,"Must Be Licensed In: Compact, State Of Residency, United States",$33 - $49.5 Hourly,"Explore opportunities with Home Office, a part of LHC Group, a leading post-acute care partner for hospitals, physicians and families nationwide. As members of the Optum family of businesses, we are dedicated to helping people feel their best, including our team members who create meaningful connections with patients, their families, each other and the communities we serve. Find a home for your career here. Join us and embrace a culture of Caring. Connecting. Growing together. As a Per Diem Home Health Clinical Triage Specialist, you'll be an integral part of the interdisciplinary team and as such is responsible for the excellent delivery of care through triage calls after hours and on holidays. Must be available to work weekends. Primary Responsibilities: Receive calls from patients and/or family members and respond appropriately and assess problems focusing on the delivery of high quality, patient-focused, compassionate care Assess patient status and intervene as indicated by the patient's condition and established protocols Responsible for timely and accurate documentation of calls received within the electronic medical records system including the processing of workflow associated with the clinical record Knowledge of basic triage protocols and best practices to guide and address the needs of patients in a crisis situation Responsible for coordinating with the agency on-call nurses to deliver high quality nursing care and schedule nursing assessments as required in a timely manner to meet the needs of the patients and families Ensure appropriate education regarding all updates/processes in the electronic medical record, relative state and federal regulations, documentation processes and needs, etc. by attending mandatory educational offerings and in-services Facilitates orientation of new personnel as assigned Exhibits exemplary and timely communication skills when assessing or educating patients/caregivers, performing telephone triage, or collaborating with",https://app.nursefern.com,Triage,NurseFern,2026-07-16T11:01:42.149632
QUALITY-PATIENT SAFETY NURSE COORDINATOR,,2026-07-15,Remote,Hybrid,Full-time,Days,Must Be Licensed In: Tennessee,$0 - $0 Salary,"Last year our HCA Healthcare colleagues invested over 156,000 hours volunteering in our communities. As a Quality & Patient Safety Nurse Coordinator with TriStar Centennial Medical Center you can be a part of an organization that is devoted to giving back! Job Summary and Qualifications The RN Quality & Patient Safety Coordinator is responsible for assisting Risk Management and Patient Safety teams with the objective of enhancing/promoting patient safety and quality care. What you will do in this role: Gather and analyze data and prepare reports to management and outside agencies as required. Participate on committees directed towards promoting patient safety issues. Assist in Serious Event Analysis with complete action plans and follow-up monitoring, including participation and presentation at the facility's Serious Preventable Adverse Event Committee. Assist with investigation and analysis of known and potential patient safety issues. Assist with Proactive Risk Assessments and FMEAs as requested. Work closely with the QRM Leadership to ensure compliance with statutory mandates, regulatory requirements, and accreditation standards of professional organizations. Respond timely to patient grievances in writing following the required timeframes. Respond to patient complaints and provide education to leaders and staff regarding the grievance and complaint process. Maintain accurate records of grievances (electronically) along with response letters and relevant support documentation. Report aggregate patient safety data and grievance data to facility quality committees on a routine basis. Facilitate case analysis on Hospital Acquired conditions, including action plans and follow-up monitoring. Provide ongoing education on patient safety and/or quality improvement to hospital and medical staff. What qualifications you will need: Current licensure as a Registered Nurse (RN) in the state of Tennessee or compact state required. Bachelor of Science required. 4 years of c",https://app.nursefern.com,Quality,NurseFern,2026-07-16T11:01:46.363114
RN REVENUE INTEGRITY NURSE AUDITOR - REVENUE INTEGRITY,UNC Health,2026-07-15,Remote,Hybrid,Full-time,Days,Must Be Licensed In: North Carolina,$28.87 - $41.5 Hourly,"Our department of HIM-Revenue Integrity is seeking a Revenue Integrity Nurse Auditor to facilitate charge code auditing system-wide. This role works with a team of 2 other RN charge code auditors to provide coverage 6a-6p 5 days per week; fully remote. Your passion belongs at UNC Health. Join more than 56,000 teammates working together to improve the health and well-being of the communities we serve across North Carolina Job Summary: Collaborates with Revenue Integrity leadership and hospital departments to ensure compliance with clinical documentation and revenue cycle billing practices. Description of Job Responsibilities: 1. Conducts audits of hospital charges and documentation using clinical expertise and billing regulations to ensure compliance with quality of care, medical necessity, and appropriate reimbursement. 2. Develops full understanding of application systems and their appropriate use in the clinical documentation for charging, billing, order entry, and financial processes of UNC Health System. 3. Audits accuracy of charges based on third party audit requests and document findings in internal audit system. 4. Utilizes clinical practices to adhere to payer regulations and reimbursement policies. 5. Identifies and troubleshoots charge issues and opportunities for charge/process enhancements. 6. Educates and trains operational areas on clinical documentation and charge-related improvements. 7. Works alongside of Revenue Integrity leaders and Chargemaster to ensure all charges are appropriately built and charged. 8. Collaborates with appropriate hospital departments to perform requested charge audits and identify charge opportunities. Education Requirements: Graduate of an accredited school of nursing. At least two (2) years previous nursing experience. Licensure/Certification Requirements: RN NC LIC Professional Experience Requirements: At least two (2) years previous nursing experience. High level of interpersonal skills and organizat",https://app.nursefern.com,Quality,NurseFern,2026-07-16T11:01:48.468364
CLINICAL CARE REVIEWER II (REMOTE)(MUST HAVE - UNRESTRICTED MASSACHUSETTS RN LICENSE),CareSource,2026-07-15,Remote,Hybrid,Full-time,Days,Must Be Licensed In: Massachusetts,"$62,700 - $100,400 Salary","Commonwealth Care Alliance (CCA) is a nonprofit, mission-driven health plan and care delivery organization designed for individuals with the most significant needs. As an affiliate of CareSource, a nationally recognized nonprofit managed care organization with over 2 million members across multiple states, CCA serves individuals enrolled in Medicaid and Medicare in Massachusetts through the Senior Care Options and One Care programs and its care delivery enterprises. CCA is dedicated to delivering comprehensive, integrated, and person-centered care, powered by its unique model of uncommon care, which yields improved quality outcomes and lower costs of care. Job Summary: Clinical Care Reviewer II is responsible for processing medical necessity reviews for appropriateness of authorization for health care services, assisting with discharge planning activities (i.e. DME, home health services) and care coordination for members, as well as monitoring the delivery of healthcare services. Essential Functions: Complete prospective, concurrent and retrospective review such as acute inpatient admissions, post-acute admissions, elective inpatient admissions, outpatient procedures, homecare services and durable medical equipment Identify, document, communicate, and coordinate care, engaging collaborative care partners to facilitate transitions to an appropriate level of care Engage with medical director when additional clinical expertise if needed Maintain knowledge of state and federal regulations governing CareSource, State Contracts and Provider Agreements, benefits, and accreditation standards Identify and refer quality issues to Quality Improvement Identify and refer appropriate members for Care Management Provide guidance to non-clinical staff Provide guidance and support to LPN clinical staff as appropriate Attend medical advisement and State Hearing meetings, as requested Assist Team Leader with special projects or research, as requested Perform any other job relate",https://app.nursefern.com,Utilization Review & Management (UR/UM),NurseFern,2026-07-16T11:01:50.575591
CASE MANAGEMENT RN,Oscar Medical Group,2026-07-15,Remote,Hybrid,Full-time,Days,Must Be Licensed In: State Of Residency,$32.6 - $42.79 Hourly,"Educate members on improving health outcomes, assist with transitions from care settings, participate in process improvement and other pilot programs as they arise, and work with support teams to ensure care for our members. You will report into the Case Management Supervisor. Work Location: This is a remote position, open to candidates who reside in: Arizona; Florida; Georgia; or Texas. While your daily work will be completed from your home office, occasional travel may be required for team meetings and company events. #LI-Remote Pay Transparency: The base pay for this role is: $32.60 - $42.79 per hour. You are also eligible for employee benefits, monthly vacation accrual at a rate of 15 days per year. Responsibilities: Help coordinate care across a variety of settings (inpatient, outpatient, post acute, ER, home care) You will reach out to members undergoing difficult health challenges and develop care plans You will reach out to hospital case managers to assist with discharge planning Communicate with members by phone or secure messaging to provide education on health conditions, new medications, and procedures Compliance with all applicable laws and regulations Other responsibilities as assigned Requirements: Active, unrestricted RN licensure from the United States in [state], OR, active compact multistate unrestricted RN license Obtain additional state licenses to meet our needs 2+ years of clinical experience to include hospital, outpatient or community-based care management 1+ years of experience in Care Coordination and Navigation Bonus points: BSN Working knowledge of Milliman Guidelines CCM Certification Behavioral Health experience This is an authentic Oscar Health job opportunity. Learn more about how you can safeguard yourself from recruitment fraud here. At Oscar, being an Equal Opportunity Employer means more than upholding discrimination-free hiring practices. It means that we cultivate an environment where people can be their most authentic",https://app.nursefern.com,Case Management (CM),NurseFern,2026-07-16T11:01:52.680980
"CLINICAL SUPPORT NURSE, RN (TEMPORARY)",Sprinter Health,2026-07-15,Remote,Hybrid,Full-time,Days,Must Be Licensed In: State Of Residency,$0 - $0 Salary,"The Interim Clinical Support Nurse provides real-time support for Sprinters and the clinical team, including clinical escalations, patient safety events, and abnormal laboratory result management. This role partners closely with Patient Operations, Clinical Operations, Quality, Product, and other cross-functional teams to improve workflows, drive operational excellence, and ensure timely, safe, and high-quality patient care. The ideal candidate is an experienced nurse leader with strengths in people leadership, clinical decision-making, project management, quality improvement, and process development. Key Responsibilities Clinical Operations Provide operational oversight for clinical escalations, patient safety concerns, and abnormal and critical laboratory result workflows. Ensure timely resolution of clinical issues while meeting service level agreements (SLAs). Provide clinical guidance and operational support to Sprinters and the clinical team for complex clinical questions, patient safety concerns, and escalations. Manage staffing, workload distribution, and daily operations for Clinical RNs Quality & Patient Safety Lead patient safety and quality improvement initiatives. Investigate patient safety events and participate in root cause analyses and corrective action planning. Identify trends and implement sustainable process improvements. Ensure compliance with clinical policies, regulatory requirements, and organizational standards. Promote a culture of quality, safety, and continuous improvement. Performance & Operations Own monthly operational KPIs, dashboards, and service level metrics. Analyze performance trends and identify opportunities to improve quality, efficiency, and patient outcomes. Develop action plans to improve performance and operational consistency. Project Management Lead cross-functional operational and clinical projects. Develop, implement, and maintain clinical policies, SOPs, workflows, and standardized guidance. Suppo",https://app.nursefern.com,,NurseFern,2026-07-16T11:01:54.849522
RN TRIAGE (PART TIME),Banner Health,2026-07-15,Remote,Remote,Part-time,"Days, Evenings, Weekends",Must Be Licensed In: Arizona,$33.11 - $55.18 Hourly,"The future is full of possibilities. At Banner Health, we're excited about what the future holds for health care. That's why we're changing the industry to make the experience the best it can be. If you're ready to change lives, we want to hear from you! As a Triage RN, you will conduct telephone assessments and provide triage recommendations to insurance members and select community patients. In this role, you will use your clinical expertise and approved nursing protocols to assess symptoms, make evidence-based clinical decisions, and provide appropriate recommendations for a wide range of patient needs. This position requires flexibility and adaptability as the department continues to evolve and expand its scope of services. Nurses work in a remote environment while delivering high-quality, patient-centered care and support. THIS IS A PART-TIME, 20 HOUR A WEEK ROLE. Shift Hours: 10am-8:30pm Varied days during M-F and rotating every other weekend, holidays are assigned. Training on site at Banner Mesa (typically 6 weeks) and then remote once fully trained. CANDIDATES MUST LIVE IN THE STATE OF ARIZONA TO BE CONSIDERED. Banner Plans & Networks (BPN) is an accountable care organization that joins Arizona's largest health care provider, Banner Health, and an extensive network of primary care and specialty physicians to provide the most comprehensive healthcare solutions for Maricopa County and parts of Pinal County. Through BPN, known nationally as an innovative leader in new health care models, insurance plans and physicians are coming together to work collaboratively to keep members in optimal health, while reducing costs. POSITION SUMMARY This position manages incoming member/patient calls to evaluate call purpose and acuity utilizing established protocols and nursing assessment. Recommends appropriate care disposition and follows up as necessary to promote positive outcomes for member/patient. This position also utilizes protocols to assess the situation and p",https://app.nursefern.com,Triage,NurseFern,2026-07-16T11:01:56.959207
RN MEDICATION ACCESS PRIOR AUTH NURSE - MEDICATION CLINIC - FULL TIME,,2026-07-15,Remote,Hybrid,Full-time,Days,Must Be Licensed In: New Hampshire,$0 - $0 Salary,"Monday-Friday 8AM-430PM 40 hours a week - No Nights or Weekends. This position can be remote or hybrid/in-office, buthire must live local even for remote option. About the Job Provides centralized medication access support for The Elliot Health Systems patients, including medical and pharmacy benefits. What You'll Do * Reviews and submits requests for medication prior authorization. * Retrieves prescription information from the electronic medical record and provide next steps for patient access. * Communicates with patients, physicians and clinic office staff regarding access to and use of medications. * Participates in quality assurance and drug utilization reviews. * Prioritizes and resolves questions from patients and clinic staff. * Adheres to clinical guidelines set by medical staff. * Coordinates medication patient assistance programs and other low-cost alternatives for patients. * Participates in training programs, precepting students and staff meetings. * Supports Medication Access Pharmacist activities. What You'll Need Bachelors Degree in Nursing required (BSN). Licensed Nurse in the State of New Hampshire required. ANA Nursing Case Management Certification (CMGT-BC) preferred Previous experience in a clinic setting required. Three years experience with medication prior authorization preferred. What Elliot Health System Has to Offer Health, dental, prescription, and vision coverage for full-time & part-time employees Short-term disability, long-term disability, and life insurance coverage Competitive pay Continuing Education Reimbursement Programs 403(b) Retirement Savings Plan Multiple onsite gym locations with FREE access for employees (plus yoga, personal training and more) Work Schedule: M-F 8 to 430, no nights/weekends/holidays, remote with hybrid/in-office option. Must live locally. Elliot Health System is an equal opportunity employer and all qualified applicants will receive consideration for employment without regard to race, c",https://app.nursefern.com,"Utilization Review & Management (UR/UM), Prior Authorization (PA)",NurseFern,2026-07-16T11:02:01.250083
REGISTERED NURSE - TRIAGE PEDIATRIC PRIMARY CARE (PER DIEM),SSM Health,2026-07-15,Remote,Hybrid,PRN/Per Diem,Days,Must Be Licensed In: Missouri,$0 - $0 Salary,"It's more than a career, it's a calling MO-REMOTE Worker Type: PRN Job Highlights: Remote PRN - RN Triage Pediatric Primary Care Day shift, M-F, no weekends/holidays The PRN RN Triage role performs essential clinical and operational functions: * Patient triage * Appointment scheduling * Fax folder management * Results management * Medication refills * Completion of forms * Outbound calls to patients with clinician guidance Job Summary: Provides direct nursing care in accordance with established policies, procedures and protocols of the healthcare organization. Job Responsibilities and Requirements: PRIMARY RESPONSIBILITIES Implements and monitors patient care plans. Monitors, records and communicates patient condition as appropriate. Serves as a primary coordinator of all disciplines for well-coordinated patient care. Notes and carries out physician and nursing orders. Assesses and coordinates patient's discharge planning needs with members of the healthcare team. May round with physician in an inpatient setting. Applies the existing body of evidence-based practice and scientific knowledge in health care to nursing practice, ensuring that nursing care is delivered based on patient's age-specific needs and clinical needs as described in the department's Scope of Service. As an SSM Health nurse, I will demonstrate the professional nursing standards defined in the professional practice model. Uses the ANA Code of Ethics for Nurses to guide his/her response to the current and evolving health and nursing needs of our patients and our patient populations. Works in a constant state of alertness and safe manner. Performs other duties as assigned. EDUCATION Graduate of accredited school of nursing or education equivalency for licensing EXPERIENCE No experience required PHYSICAL REQUIREMENTS Constant use of speech to share information through oral communication. Constant standing and walking. Frequent lifting/carrying and pushing/pulling objects weighing 0-25 l",https://app.nursefern.com,Triage,NurseFern,2026-07-16T11:02:05.466860
PATIENT SAFETY SPECIALIST,Stanford Health Care,2026-07-15,Remote,Hybrid,Full-time,Days,Must Be Licensed In: California,$70.52 - $93.43 Hourly,"1.0 FTE Full time Day - 08 Hour R2658047 Hybrid 108752005 Patient Safety Other PALO ALTO, 900 Welch Rd, California If you're ready to be part of our legacy of hope and innovation, we encourage you to take the first step and explore our current job openings. Your best is waiting to be discovered. Day - 08 Hour (United States of America) This is a Stanford Health Care job. A Brief Overview The Patient Safety Specialist is responsible for management of the incident/event reporting system, leading event review and cause analysis, educating teams and leaders on safety and high reliability, and collaborating across departments. This role also supports strategic safety initiatives within the organization. Under the direction of the Director of Patient Safety, the Patient Safety Specialist performs a range of functions that support the delivery of safe and effective patient care, the reduction of medical/health care errors, improvement of the facility-wide patient safety program, and timely reporting and follow-up corrective action is taken in response to such events/incidents in accordance with the requirements of hospital policies, the Joint Commission, and other external regulatory and accrediting bodies. Locations Stanford Health Care What you will do Patient Safety Incident Management and Event Review: Perform timely reviews of patient safety events, including medical record reviews, interviews, and cause analysis. Provide and support recommendations to identify, mitigate, and/or eliminate patient harm. Ensure timely documentation for regulatory reporting requirements. Present to forums such as the organization's patient safety committee and other committee structures to disseminate learnings. Data Management and Analytics: Assist in analyzing, summarizing, and developing reports on patient safety events and activities across the organization. Monitor action plans and proactive safety assessments of areas with increased risk. Safety Culture A",https://app.nursefern.com,Quality,NurseFern,2026-07-16T11:02:07.573404
PATIENT CARE MANAGER II (RN) - PATIENT FLOW,Stanford Health Care,2026-07-15,Remote,Hybrid,Full-time,Days,Must Be Licensed In: California,$94.35 - $125.03 Hourly,"1.0 FTE Full time Day - 08 Hour R2657834 Onsite 108610048 Admin Hosp Ops Ctr Other PALO ALTO, 300 Pasteur Dr, California If you're ready to be part of our legacy of hope and innovation, we encourage you to take the first step and explore our current job openings. Your best is waiting to be discovered. Day - 08 Hour (United States of America) This is a Stanford Health Care job. A Brief Overview The Patient Care Manager is a Registered Nurse who provides unit leadership and works in partnership with nursing, the healthcare team, hospital/system leaders to develop a quality practice setting that support professional nursing and quality patient care. The Patient Care Manager is accountable for the effective delivery of competent, compassionate, and efficient patient care. Responsibilities include coordination of patient care; supervision of a professional team that includes multiple nursing and other staff as appropriate; administrative and budget management; troubleshooting of problem areas; organizational change management; ensuring compliance with accreditation and regulatory standards; quality assurance/quality improvement; safety and risk management requirements as well as actualization of hospital and unit policies, goals and objectives. Further, improving unit operations, enhancing communication and feedback, customizing education and staff roles, and accepting organizational accountability for services provided to recipients are critical outcomes expected of this role. The Patient Care Manager role is critical to hospital operations and minimally accomplishes the following essential duties. Patient Care Manager I vs. II designation is based on span of control, hours of operation, and level of unit complexity. Locations Stanford Health Care What you will do Clinical Practice: Ensures the effective delivery of competent, compassionate, and efficient patient care by planning, organizing, and directing the nursing services of unit(s), including",https://app.nursefern.com,Case Management (CM),NurseFern,2026-07-16T11:02:09.683295
CHOICES CARE COORDINATOR- SHELBY COUNTY,BlueCross BlueShield of Tennessee,2026-07-15,Remote,Hybrid,Full-time,Days,Must Be Licensed In: Tennessee,$0 - $0 Salary,"Are you a compassionate individual who enjoys helping others achieve their personal health and wellness goals? If so, a career as a CHOICES Care Coordinator might be perfect for you. As a Care Coordinator, you will make a lasting impact on members' lives by ensuring their safety at home or within a community setting. In this role, you'll travel to member's homes for visits, while managing various demands and requests from both internal and external stakeholders. We're seeking individuals who excel in problem-solving through critical thinking, and who are adept at time management and prioritizing daily tasks. You should be self-motivated, flexible, and thrive in a fast-paced environment. Most importantly, you should have a passion for improving the quality of life for diverse members in their communities. You will be a great match for this role if you have: * 3 years of experience in a clinical setting * Registered nurse with an active license in the state of Tennessee or hold a license in the state of their residence if the state is participating in the Nurse Licensure Compact Act; or Masters in Social Work with an active unrestricted license (LCSW, LMSW, or LAPSW). * Exceptional customer service skills * Must live within the following TN county: Shelby County * Available for an 8:00am - 5:00pm EST(no on call) schedule, with the option (upon management approval) to work a compressed work week after 1 year. Job Responsibilities Partnering with members and families to identify needed supports and direct services to meet personal goals for good health, employment and independent or community living. Collaborates with a team of clinical and social support colleagues to meet the physical, behavioral health and long term service needs of each member. Conduct thorough and objective face-to-face visits with and assess each members situation to determine current status and needs, including physical, behavioral, functional, psycho-social, financial, and employment and in",https://app.nursefern.com,Case Management (CM),NurseFern,2026-07-16T11:02:15.983773
APPEALS ANALYST II - RN,Horizon Blue Cross Blue Shield,2026-07-15,Remote,Hybrid,Full-time,Days,Must Be Licensed In: New Jersey,"$79,100 - $105,945 Salary","Horizon Blue Cross Blue Shield of New Jersey empowers our members to achieve their best health. For over 90 years, we have been New Jersey's health solutions leader driving innovations that improve health care quality, affordability, and member experience. Our members are our neighbors, our friends, and our families. It is this understanding that drives us to better serve and care for the 3.5 million people who place their trust in us. We pride ourselves on our best-in-class employees and strive to maintain an innovative and inclusive environment that allows them to thrive. When our employees bring their best and succeed, the Company succeeds. About the Role This position is responsible for handling all Utilization Management medical appeal cases. Ensures that timeliness guidelines are met and appeal handled in compliance with regulatory requirements of various agencies including but not limited to NCQA,URAC and NJ/Federal regulations. Provides mentoring and clinical liaison support to appeals staff. Performs special projects as assigned by management What You'll Do Assesses patient's clinical need against established guidelines and standards to ensure that the level of care and length of stay of the patient are medically appropriate for inpatient stay. Evaluates the necessity, appropriateness and efficiency of medical services and procedures by inpatient facilities. Performs review of medical records and prepares medical records for review by Medical Director as appropriate. Investigates and resolves complicated appeals, coordinating with legal department as necessary and handles appeals concerning pre existing conditions. Investigates and resolves high priority cases involving DOBI and Executive inquiries. Prepares and presents appeals to Appeals Committee in accordance with criteria including coordination with independent URO. Conducts presentations of appeals process to internal customers and works with Delegate and Vendor Oversight to assist vendo",https://app.nursefern.com,"Utilization Review & Management (UR/UM), Denials & Appeals",NurseFern,2026-07-16T11:02:18.080538
NURSE REVIEWER 1,Elevance Health,2026-07-14,Remote,Hybrid,Full-time,Days,"Must Be Licensed In: Delaware, Florida, Georgia, Ohio, Texas",$0 - $0 Salary,"Location: This role enables associates to work virtually full-time, with the exception of required in-person training sessions, providing maximum flexibility and autonomy. This approach promotes productivity, supports work-life integration, and ensures essential face-to-face onboarding and skill development. Please note that per our policy on virtual work, candidates not within a reasonable commuting distance from the posting location(s) will not be considered for employment, unless an accommodation is granted as required by law. Work Schedule: Tuesday- Saturday OR Sunday - Thursday; 8:00a - 5:00p local time. Training Schedule: Monday - Friday; 8:00a - 4:30p CST for at least 3 weeks. The Nurse Reviewer 1 is responsible for conducting preauthorization, out of network and appropriateness of treatment reviews for diagnostic imaging services by utilizing appropriate policies, clinical and department guidelines. Collaborates with healthcare providers, and members to promote the most appropriate, highest quality and effective use of diagnostic imaging to ensure quality member outcomes, and to optimize member benefits. Works on reviews that are routine having limited or no previous medical review experience requiring guidance by more senior colleagues and/or management. Partners with more senior colleagues to complete non-routine reviews. Through work experience and mentoring learns to conduct medical necessity clinical screenings of preauthorization requests to assess the medical necessity of diagnostic imaging procedures, out of network services, and appropriateness of treatment. How you will make an impact: Conducts initial medical necessity clinical screening and determines if initial clinical information presented meets medical necessity criteria or requires additional medical necessity review. Conducts initial medical necessity review of exception preauthorization requests for services requested outside of the client health plan network. Notifies ordering phys",https://app.nursefern.com,Utilization Review & Management (UR/UM),NurseFern,2026-07-16T11:02:20.183583
RN QUALITY SPECIALIST,,2026-07-14,Remote,Hybrid,Full-time,Days,Must Be Licensed In: Virginia,"$76,752 - $115,128 Salary","Salary Estimate: $76752.00 - $115128.00 / year Learn more about the benefits offered for this job. The estimate displayed represents the typical salary range of candidates hired. Factors that may be used to determine your actual salary may include your specific skills, how many years of experience you have and comparison to other employees already in this role. The typical candidate is hired below midpoint of the range. As a RN Quality Specialist, you'll play a critical role in ensuring patients receive timely, efficient, and compassionate care from the moment they arrive in the Emergency Department. You'll oversee patient movement, balance department resources, and work closely with clinical and operational teams to maintain a steady flow that supports both quality care and staff efficiency. Through collaboration, communication, and quick decision-making, you'll help minimize wait times, improve patient experiences, and enhance overall department performance. Your responsibilities will include: Collaborating with Emergency Department staff to ensure appropriate patient placement and efficient movement throughout all stages of care Coordinating EMS transports and triage operations to support timely room assignments, hand-offs, and safe transitions of care Partnering with the Nursing Supervisor to facilitate patient transfers and admissions from the Emergency Department Monitoring staffing levels and patient volumes to recommend optimal scheduling that maintains safe and effective workflow Analyzing wait times, test turnaround, and other throughput indicators to identify process improvements and promote operational efficiency Acting as a liaison between physicians, patients, families, and hospital departments to foster communication, teamwork, and exceptional patient experiences Registered Nurse Associate Degree Basic Cardiac Life Support, or CPR must be obtained within 30 days of employment start date 5 years experience Required Years of Experience Qualit",https://app.nursefern.com,Quality,NurseFern,2026-07-16T11:02:24.386332
"NURSE CASE MANAGER, PALLIATIVE & ONCOLOGY CARE",Kaiser Permanente,2026-07-14,Remote,On-site,Full-time,Days,Must Be Licensed In: Hawaii,$72.11 - $83.02 Hourly,"Job Summary: In addition to the responsibilities listed below, this position is also responsible for providing case management services for palliative or oncology-care patients to ensure quality of care using an interdisciplinary approach; creating population-based reports on outcomes specific to palliative or oncology-care patients; acting as medical liaison between palliative or oncology-care patients, families, community resources, and medical staff/providers; making post disposition follow-up calls to all patients who are not referred to an ambulatory case/care management program with guidance; and facilitating a smooth transfer to home or an alternate facility, and acting as a contact person for dispositions while resolving standard and non-standard issues. Essential Responsibilities: Pursues effective relationships with others by proactively providing resources, information, advice, and expertise with coworkers and members. Listens to, seeks, and addresses performance feedback; provides mentoring to team members. Pursues self-development; creates plans and takes action to capitalize on strengths and develop weaknesses; influences others through technical explanations and examples. Adapts to and learns from change, challenges, and feedback; demonstrates flexibility in approaches to work; helps others adapt to new tasks and processes. Supports and responds to the needs of others to support a business outcome. Completes work assignments autonomously by applying up-to-date expertise in subject area to generate creative solutions; ensures all procedures and policies are followed; leverages an understanding of data and resources to support projects or initiatives. Collaborates cross-functionally to solve business problems; escalates issues or risks as appropriate; communicates progress and information. Supports, identifies, and monitors priorities, deadlines, and expectations. Identifies, speaks up, and implements ways to address improvement opportunities for team.",https://app.nursefern.com,Case Management (CM),NurseFern,2026-07-16T11:02:26.488500
"RN- THROUGHPUT CENTER - NIGHTS, FULL TIME (REMOTE)",Mercy,2026-07-14,Remote,On-site,Full-time,"12hr shifts, Nights",Must Be Licensed In: Missouri,$0 - $0 Salary,"As the critical gateway to our health system, the Throughput RN plays a pivotal role in shaping first impressions and delivering a brand-defining experience for patients, their families, and healthcare partners. This high-performance position requires professionals who excel in communication, coordination, and clinical judgment to seamlessly facilitate patient admissions and transfers. By expertly matching patient needs to facility resources and ensuring optimal bed placement, the Throughput RN upholds our commitment to quality, safety, and compassion. Through proactive engagement and collaborative problem-solving, the Throughput RN is entrusted with the responsibility of guiding patients and referring providers through the complex transfer process. This role not only optimizes acceptance coordination but also demonstrates our sincere gratitude to those who choose to place their trust in our care. Acting as a medical consultant, mediator, and resource, the Throughput RN ensures that each patient's journey into our system is characterized by efficiency, empathy, and excellence-solidifying our reputation as a leader in healthcare delivery. This Position Is Fully Remote: * A high-speed internet connection is required. * Candidates must reside within 1 hour of a Mercy Hospital to allow for on-site presence in case of technical difficulties. Position Details:  Remote RN Opportunity Non-Patient Contact Role | Must Reside Within 1 hour of a Mercy Hospital 3-12hour shifts 6:45p-7:15a Who We Are: Mercy's HUB-also known as the Patient Placement and Staffing Center, Throughput Center, or Transfer Center-is a dynamic, centralized team that supports: Patient Placement & Bed Planning Staffing & Nursing Logistics Coordination of Patient Transfers into Mercy Hospitals (East Region) This is an ideal opportunity for an experienced acute care nurse who wants to stay clinically engaged without the physical demands of bedside nursing. Our HUB nurses work remotely via phone an",https://app.nursefern.com,"Case Management (CM), Virtual Care",NurseFern,2026-07-16T11:02:30.730082
TRIAGE NURSE - CCP,UPMC,2026-07-14,Remote,On-site,Full-time,,"Must Be Licensed In: New York, Ohio, Maryland, Pennsylvania, West Virginia",$30.77 - $48.21 Hourly,"UPMC Children's Community Pediatrics is hiring a Part-Time Triage Nurse to support the office remotely. Evening and weekend availability required to support the hours of operation Must live within 140 miles of Wexford, PA. 4+ years of nursing experience preferred. Overview: Join a dedicated team providing after-hours support to physicians and insurance companies. You'll assess patient needs over the phone, guide care decisions, and ensure safe, timely treatment in the most appropriate setting. Key Responsibilities: Evaluate patient symptoms and determine urgency. Provide clinical advice and direct care based on established protocols. Communicate with physicians, insurers, and care teams to coordinate follow-up. Document assessments and care recommendations accurately. Support callers with clear instructions and compassionate guidance. Collaborate with team members to improve triage services. Qualifications: Nursing Degree from an accredited school. 1+ year of experience in triage nursing - ER, physician office, or medical call center preferred. Strong clinical judgment and ability to give safe, accurate advice. Excellent communication skills to support patients and families over the phone. Calm under pressure - able to prioritize in urgent or emergency situations. Team player with a collaborative mindset. Licenses & Certifications: Active RN license in one of the following states: PA, WV, NY, MD, or OH. Willing to obtain licenses in the other four states during orientation. Current BLS or CPR certification required. Act 31, Act 33, Act 34, Act 73 with renewal *Current licensure either in the state where the facility is located or, if the facility is in a state covered by the multistate Nursing Licensure Compact (NLC) agreement, a multistate license issued by a participating NLC state. Hires and current employees working on an out-of-state NLC license who later change their residency to the state where the facility is also located will have 60 days upon chang",https://app.nursefern.com,Triage,NurseFern,2026-07-16T11:02:32.829079
UTILIZATION REVIEW NURSE - MANAGED CARE,Johns Hopkins,2026-07-14,Remote,On-site,Full-time,Days,Must Be Licensed In: State Of Residency,$39.64 - $61.45 Hourly,"Requisition #:670085 Location:Johns Hopkins Health Plans, Hanover, MD 21076 Category:Nursing Schedule:Day Shift Employment Type:Full Time Excel. Empower. Advance. Shine. Belong. Explore. Flourish. Champion. Make It Happen At Hopkins! Johns Hopkins Health Plans (JHHP) is the managed care and health services business of Johns Hopkins Medicine, one of the premier health delivery, academic, and research institutions in the United States. JHHP is a $2.5B business serving over 400,000 lives with lines of business in Medicaid, Medicare, commercial, military health, health solutions, and venture investments. JHHP has become a leader in provider-sponsored health plans and is poised for future growth. About this position: Work Monday - Friday, the core business hours are 8:00 AM - 5:00 PM As a Utilization Review Registered Nurse for Johns Hopkins Health Plans, you have the opportunity to use your clinical, managed care, utilization review, and verbal/written communication skills to make a difference in our members' lives. Your in-depth knowledge of the appropriate levels of care makes you a valuable resource to our members when they are in need. What you'll do: Monitor the appropriateness of care received by plan members in a variety of settings Evaluate member benefits and medical criteria to determine authorization of services Communicate authorization and/or denial of covered services with all parties involved Initiate discharge planning of members What awaits you: Work-life balance - This is a remote role! Candidates in the following approved states will be given priority: MD, DC, VA, PA, DE, FL Medical, Dental, and Vision Insurance. 403B Savings Plan w/employer contribution. Paid Time off & Paid holidays. Employee and Dependent Tuition assistance benefits. Health and wellness programs and MORE! What you'll bring: Understanding of managed care delivery systems and utilization management Knowledge and expertise in utilizing various criteria sets (i.e. InterQual) A",https://app.nursefern.com,Utilization Review & Management (UR/UM),NurseFern,2026-07-16T11:02:34.934267
NURSE PRACTITIONER - NATIONAL AFTER-HOURS TEAM - PRN - NY OR PA LICENSED,Curana,2026-07-14,Remote,On-site,PRN/Per Diem,"Evenings, Weekends, Nights","Must Be Licensed In: New York, Pennsylvania",$0 - $0 Salary,"At Curana Health, we are committed to supporting the health, dignity, and comfort of residents in senior living communities. Our National After-Hours Call Team plays a vital role by providing compassionate telephonic care and clinical direction during evenings, nights, weekends, and holidays-ensuring that residents receive timely, high-quality support without unnecessary transfers. In this work-from-home role, you'll deliver after-hours care virtually (primarily by phone) to aging residents across multiple states. This position offers both autonomy and purpose-you'll be the trusted voice and clinical partner helping residents and facility staff during critical times, making an immediate impact in the lives of older adults. In this position the provider must be comfortable managing high call volumes and performing at least 30% telehealth visits, including evaluation of acute changes, falls, and controlled substance visits. Providers must be able to manage multiple calls independently while providing care across several states. Essential Duties & Responsibilities Serve as the first line of support for residents and facility staff after-hours, providing direction and medical care over the phone. Use Curana's telephonic platform to take and place calls, coordinating care between facilities, hospitals, and clinics. Deliver high-quality, cost-effective care to patients-addressing acute, chronic, and behavioral health needs in collaboration with physicians and specialty providers. Perform comprehensive assessments and document encounters accurately and thoroughly in the EMR, ensuring compliance with CMS requirements. Apply Curana's clinical protocols and practice guidelines to support safe, effective treatment in place whenever possible. Participate in mandatory education and training to stay current with standards of care. Scheduling & Hours: While shift times can vary, we provide coverage to skilled nursing and senior living facilities on weeknights f",https://app.nursefern.com,Telehealth,NurseFern,2026-07-16T11:02:37.029514
VIRTUAL ONCOLOGY NURSE PRACTITIONER,Daymark Health,2026-07-14,Remote,On-site,Full-time,Days,Must Be Licensed In: Rhode Island,"$140,000 - $170,000 Salary","As one of Daymark's Nurse Practitioners, you'll lead clinical decision-making for a panel of cancer patients as part of a multidisciplinary care team. You'll work alongside nurses, behavioral health, and community-based colleagues to deliver evidence-based oncology care and navigation, covering needs like symptom management, in-home virtual care, palliative care, and mental and behavioral health support, along with social and related needs. Your primary goal is to provide great patient care virtually as part of this integrated team. You'll also help us build and refine a care model that works consistently across markets. That means you'll engage in active problem solving to deliver exceptional oncology care in a fast paced environment. You will contribute to a high-performing team culture, and help build a highly engaged patient population as we expand beyond Rhode Island into new markets. This is a player/coach role: you'll roll up your sleeves and do what's required to deliver high-quality care while we grow quickly. Provide clinical care on demand: You'll provide virtual patient care as escalations require, conducting assessments, placing orders, prescribing medications, documenting appropriately and communicating with PCPs, oncologists, and other specialists as needed. Serve as escalation partner: You'll be available across the market for escalations from the care team, participating by phone, text, or video to help determine next steps when something exceeds what the team can resolve on their own. Support the broader care team's capacity: You'll pick up panel review, documentation, and other clinical work that helps the broader team stay focused on direct patient care. WHAT WE ARE LOOKING FOR Expertise: You are an active NP or PA and have been practicing for at least 4 years, delivering direct clinical care to patients. Oncology NP experience required. Oncology Nursing Society certification, experience with value-based care and/or in home care are each",https://app.nursefern.com,Telehealth,NurseFern,2026-07-16T11:02:39.133213
REGISTERED NURSE CLINIC TRIAGE,,2026-07-13,Remote,On-site,Full-time,Days,Must Be Licensed In: Kansas,$0 - $0 Salary,"Do you want to join an organization that invests in you as a Registered Nurse? At Colorectal Surgery Physicians Group, you come first. HCA Healthcare has committed up to $300 million in programs to support our incredible team members over the course of three years. Seeking a Registered Nurse RN for our practice who provides clinical expertise to ensure all patients receive high quality, efficient care. We are an amazing team that works hard to support each other and are seeking a phenomenal addition like you who feels patient care is as meaningful as we do. We want you to apply now. What you will do in this role: You will manage efficient flow of patients including screening, preparation for exam, providing general nursing care, and arranging or testing and admissions You will instruct patients and families regarding medications and treatment instructions You will maintain and review patients' records including posting tests and examination results You will administer medications in accordance with physician orders You will check rooms daily for necessary supplies You will respond to and refer incoming telephone calls (may include phone triage when needed) What Qualifications you will need: Graduation from an accredited school of registered nursing is required 1-3 years' experience as a registered nurse is preferred Must be licensed as a Registered Nurse in accordance with state regulations Please be sure to list current license information on your application Job Summary and Qualifications What qualifications you will need: (RN) Registered Nurse Registered Nurse Diploma No Travel Required 1 years experience Required Years of Experience Benefits Colorectal Surgery Physicians Group, offers a total rewards package that supports the health, life, career and retirement of our colleagues. The available plans and programs include: Comprehensive benefits for medical, prescription drug, dental, vision, behavioral health and telemedicine services Wellbeing support",https://app.nursefern.com,Triage,NurseFern,2026-07-16T11:02:41.234007
RN CALL CENTER OBSTETRICS - REMOTE FROM A MST OR PST COMPACT STATE,UnitedHealth Group,2026-07-13,Remote,On-site,Full-time,"Days, Evenings",Must Be Licensed In: Compact,$28.94 - $51.63 Hourly,"Optum is a global organization that delivers care, aided by technology to help millions of people live healthier lives. The work you do with our team will directly improve health outcomes by connecting people with the care, pharmacy benefits, data and resources they need to feel their best. Here, you will find a culture guided by inclusion, talented peers, comprehensive benefits and career development opportunities. Come make an impact on the communities we serve as you help us advance health optimization on a global scale. Join us to start Caring. Connecting. Growing together. As a Call Center Nurse, you will be responsible for conducting telephonic assessments with obstetric patients for nausea, vomiting, hypertension, and diabetes, and providing care coordination. You will work in a call center environment that includes both inbound and outbound calls. This position requires working two weekend days in a 4-week schedule and three holidays per year. The hours are | 10 AM - 7 PM CST | 9 AM - 6 PM MST | 8 AM - 5 PM PST -or- 11:30am - 8:00pm EST, 5 days per week/8 hours per day Primary Responsibilities: Positively represent the Company to both internal and external customers; always maintain a professional and courteous manner Uphold the Optum core values in the conduct of work Adhere to Company privacy guidelines; ensure compliance with local, state, and federal regulations Assess patients prior to initiation of home care service for appropriateness of services prescribed Provide services according to Optum policy and the prescriber's plan of treatment Individualize patient assessments based on care/services being provided and patient need Ensure interventions respect and encourage the patient's ability to make choices Respect each patient's rights and conduct business in an ethical manner Educate patients and families with a systematic approach, promoting patient understanding of treatment and services, health status, coping ability and patient/family involve",https://app.nursefern.com,Triage,NurseFern,2026-07-16T11:02:45.429113
CALL CENTER LPN - CAREMOUNT CLINICAL TEAM - REMOTE,UnitedHealth Group,2026-07-13,Remote,On-site,Full-time,,Must Be Licensed In: Compact,$20 - $36 Hourly,"Optum is a global organization that delivers care, aided by technology to help millions of people live healthier lives. The work you do with our team will directly improve health outcomes by connecting people with the care, pharmacy benefits, data and resources they need to feel their best. Here, you will find a culture guided by inclusion, talented peers, comprehensive benefits and career development opportunities. Come make an impact on the communities we serve as you help us advance health optimization on a global scale. Join us to start Caring. Connecting. Growing together. The Call Center LPN serves as an extension of the CareMount clinical care team, providing telephonic clinical support for patients across Adult Primary Care, Pediatrics, and Women's Health services. Working within a centralized clinical call center, the LPN partners with providers, registered nurses, office staff, pharmacies, and other healthcare professionals to support patient care, coordinate clinical needs, and facilitate timely resolution of patient inquiries. Be part of a healthcare team where technology, people, and action come together to make a difference every day. At CareMount, you'll work alongside dedicated clinicians and support teams to deliver high-quality patient care, improve healthcare access, and positively impact the lives of the patients and communities we serve. Work Schedule Full-time position Monday through Friday Hours: 8:00 AM - 5:30 PM EST Schedule may vary based on business needs Observes the UnitedHealth Group (UHG) Federal Holiday Schedule You'll enjoy the flexibility to work remotely * from anywhere within the U.S. as you take on some tough challenges. Primary Responsibilities: Manage and prioritize clinical requests received through EPIC in-basket messages Provide clinical support and patient education within scope of practice Assist patients with medication-related inquiries, refill requests, laboratory and diagnostic follow-up, and general clinical que",https://app.nursefern.com,Triage,NurseFern,2026-07-16T11:02:47.526633
PALLIATIVE MEDICINE | NURSE PRACTITIONER | HENRY FORD HEALTH,Henry Ford Health,2026-07-13,Remote,On-site,Full-time,Days,Must Be Licensed In: Michigan,$0 - $0 Salary,"Location: (rotating sites) Status: Full-Time | Days Schedule: Monday - Friday, 830-1700 Setting: Home Based-virtually rare occasion going into home. Call/Weekends: Rotates on call for 1 week a month. Position Overview: Henry Ford Health is seeking an experienced, full-time Nurse Practitioner to join the Division of Hospice and Palliative Medicine. This role provides longitudinal palliative care for patients with serious illness, typically those with a prognosis of less than two years, with a manageable panel of approximately 200 patients. The NP will provide expert symptom management, advance care planning and goals-of-care discussions, coordinate transitions to hospice when appropriate, and collaborate with specialty providers while helping patients establish home-based primary care when needed. Working at the top of your license, you'll be part of a highly collaborative interdisciplinary team with daily interaction alongside home-based RNs and an excellent physician partner. The position offers the flexibility of a primarily remote schedule with travel to patient locations and monthly in-person interdisciplinary team meetings in Royal Oak (including training at the Josephine Ford Cancer Center). This is an excellent opportunity for an experienced NP seeking professional growth, continued education, and the chance to make a meaningful impact through Henry Ford Health's nationally recognized Hospice and Palliative Medicine program. Previous Nurse Practitioner experience is required; new graduates will not be considered. Why Henry Ford Health  Competitive salary and comprehensive benefits  Supportive, collaborative systemwide team  Meaningful impact on employee health and safety Employment contingent upon credentialing and completion of Employee Health screening per HFHS policy. Qualifications: Certification as a Nurse Practitioner At least 5 years' experience with Palliative or Hospice Specialty certificat",https://app.nursefern.com,Telehealth,NurseFern,2026-07-16T11:02:49.627442
"RN II, -ONCOLOGY CASE MANAGER-REMOTE",Horizon Blue Cross Blue Shield,2026-07-13,Remote,On-site,Full-time,Days,Must Be Licensed In: New Jersey,"$79,100 - $105,945 Salary","Horizon Blue Cross Blue Shield of New Jersey empowers our members to achieve their best health. For over 90 years, we have been New Jersey's health solutions leader driving innovations that improve health care quality, affordability, and member experience. Our members are our neighbors, our friends, and our families. It is this understanding that drives us to better serve and care for the 3.5 million people who place their trust in us. We pride ourselves on our best-in-class employees and strive to maintain an innovative and inclusive environment that allows them to thrive. When our employees bring their best and succeed, the Company succeeds. About the Role This position is responsible for performing RN duties for the Primary Nurse population using established guidelines to ensure appropriate level of care, as well as, planning for the transition to the continuum of care and developing a member centric plan of care. Primary Nurses will outreach to high risk members and will work to engage members in preventative care opportunities & screenings when possible. This position will perform duties and types of care management as assigned by management. Serves as a mentor/trainer to new RN's and other staff as needed. Positions involving ASO accounts may require some travel for on-site availability. What You'll Do Assesses member's clinical need against established guidelines and/or standards to ensure that the services provided are medically appropriate to member's needs and aligned with the benefit structure. Facilitates response to gaps in care and identified high risk members to appropriate settings of care for annual wellness visits including collaboration with treating provider. Evaluates the necessity, appropriateness and efficiency of medical services and procedures provided for both acute and chronic health care needs. Develops, coordinates and assists in implementation of individualized plan of care for members and identification of barriers toward",https://app.nursefern.com,Case Management (CM),NurseFern,2026-07-16T11:02:51.731616
PERINATAL CARE COMPANION (RN),Bridge Prenatal,2026-07-10,Remote,On-site,Full-time,Days,Must Be Licensed In: California,$40 - $55 Hourly,"To apply email your resume to Cynthia Kilroy (Fractional COO) - email: ckilroy@bridgeprenatal.org. Job Title Perinatal Care Companion (RN) Reports To Nurse Manager / Clinical Services Manager FLSA Status Exempt Employment Status Full-Time Proposed Pay Scale Proposed Starting Rate: $45 0 $55 per hour annually Benefits Medical Insurance: Basic medical insurance (dental and vision are NOT currently included) is included for the Bridge Prenatal employee only (no dependents at this time). Paid Time Off: 10 days of PTO. Sick Leave: Per Labor Law. 401K: Offered through the Bridge Prenatal Professional Employer Organization. Bridge Prenatal will not be able to match contributions at this time. Location Field-based and virtual. In-home and virtual visits are conducted at the patient's preference, serving patients in San Bernardino County, or Riverside County. Reliable transportation is required for in-home visits. Schedule This role may involve irregular hours, including nights, weekends, and virtual visits via a secure telemedicine platform, to accommodate patients' needs. Purpose To provide clinical support, education, and assistance to individuals and families during the perinatal period-pregnancy, childbirth, and the postpartum phase. This role is centered on offering medical and non-medical care and companionship, aiming to enhance the overall perinatal experience for patients while promoting early detection of potential complications. Definition A Registered Nurse (RN) with a focus on perinatal clinical management, initiated during pregnancy and continuing for up to 12 months postpartum. Role Summary The Perinatal Care Companion (RN) is a specialized nursing professional who guides and supports patients through the complex journey of pregnancy, childbirth, and the postpartum period. This role involves providing clinical care, education, and coordination of services to ensure a safe and positive perinatal experience for patients. The Perinatal Care Companion faci",https://app.nursefern.com,Case Management (CM),NurseFern,2026-07-16T11:02:53.846551
CLINICIAN NAVIGATOR - OUTPATIENT CARDIOLOGY,,2026-07-10,Remote,On-site,Full-time,Days,Must Be Licensed In: New York,"$80,753 - $110,292 Salary","Job Title: Clinician Navigator - Outpatient Cardiology Department: SCHI - Sands Constellation Heart Institute Location: SCHI - Brighton (2365 S Clinton Avenue Rochester, NY 14618) Hours Per Week: 40 SUMMARY: Works collaboratively with the interdisciplinary healthcare team to ensure optimal care of patients with chronic diseases. Coordinates care and services of selected patients across the continuum of illness; promotes effective utilization of healthcare resources and assumes leadership role with interdisciplinary team to achieve optimal clinical outcomes; assists patients and families to access services and develops a comprehensive plan of care. RESPONSIBILITIES: Serves as face and voice of the Center by providing community outreach and education regarding the program, and responding to calls concerning the program. Coordinates and navigates the patient experience throughout the healthcare continuum. Plays a vital role in coordinating the multiple and complex technologies that are now commonly a part of diagnosis and treatment of chronic diseases Forms a collaborative practice among the care management team (i.e. surgeons, nurses, social workers, etc.) Performs direct patient care, nursing documentation, participation in therapy, symptom management, patient and family education, and counseling throughout diagnosis, therapy and follow-up. Serves as the patient's first line of communication throughout the entire treatment program and beyond, affording continuous patient care and early recognition of patient emergencies and regular emotional support. * Works closely with the physician during patient visits, to become aware of the treatment plan, expected outcomes, and possible treatment complications - which allows the Clinical Navigator to independently assess the patient's general physical and emotional status. * Coordinates appointments and procedures, and ensures that psychosocial needs are being met - including symptom management, education on the",https://app.nursefern.com,Case Management (CM),NurseFern,2026-07-16T11:02:55.953034
SEPSIS QUALITY COORDINATOR RN,,2026-07-10,Remote,On-site,Full-time,Days,Must Be Licensed In: Kansas,$0 - $0 Salary,"Job Summary and Qualifications The Sepsis Coordinator/RN Nurse Reviewer is a Registered Nurse (RN) whose responsibilities include coordination of the Sepsis Program including but not limited to: ensuring early goal directed therapy requirements are met, assessing educational needs of staff in the designated clinical departments and assist in the development of sepsis educational programs, staff educational materials, while maintaining integrity and confidentiality. The Sepsis Coordinator/RN Nurse Reviewer is responsible for the accurate and timely collection of clinical data, verification and updating of the information compiled, and sharing prepared sepsis and other quality management program data with key stakeholders. The RN Clinical Reviewer is also responsible for utilizing ICD-10, Injury Severity Coding and QA/PI knowledge to abstract information. He/She will assess the quality of care provided by using evidence-based tools for the systematic audit of the Sepsis and Core Measures specific patients' population during the phases of care, from pre-hospital response through rehabilitation. Providing assistance to the Medical staff and all hospital departments in implementing and sustaining their performance improvement processes. Performs a variety of technical and specialized tasks involved with the current and retrospective evaluation of patient care. What qualifications you will need: Basic Cardiac Life Support must be obtained within 30 days of employment start date Registered Nurse Bachelors Degree Benefits Research Medical Center, offers a total rewards package that supports the health, life, career and retirement of our colleagues. The available plans and programs include: Comprehensive benefits for medical, prescription drug, dental, vision, behavioral health and telemedicine services Wellbeing support, including free counseling and referral services Time away from work programs for paid time off, paid family leave, long- and short-term disability",https://app.nursefern.com,Quality,NurseFern,2026-07-16T11:02:58.050407
MEDICAID MEDICAL REVIEW RN (MEDICAL REVIEWER III),,2026-07-10,Remote,On-site,Full-time,Days,Must Be Licensed In: State Of Residency,"$65,000 - $70,000 Salary","The Medicaid Medical Review RN (Medical Reviewer III) will primarily be responsible for conducting clinical reviews of medical records during the course of fraud investigations or other program integrity initiatives such as requests for information or in support of proactive data analysis efforts. In addition, this position applies Medicare and Medicaid guidelines in making clinical determinations as to the appropriateness of payment coverage. In assuming this position, you will be a critical contributor to meeting CoventBridge Group's objective: To provide services to our clients that exceed their expectations and contribute to improved healthcare delivery by identifying and eliminating fraud, waste and abuse. This position will report directly to the Medical Review Supervisor and will work in our Grove City, OH office. If not local, remotely from a home office. At this time, CoventBridge is not considering candidates who require visa sponsorship, currently or in the future, including but not limited to H-1B, H-2B, E-3, TN, O-1, F-1 (OPT/CPT, or J-1 Visa Statuses.) Responsibilities/ Requirements Responsibilities: Reviews information contained in Standard Claims Processing System files (e.g., claims history, provider files) to determine provider billing patterns and to detect potentially fraudulent or abusive billing practices or vulnerabilities in Medicare or Medicaid payment policies Utilizes extensive knowledge of medical terminology, ICD-9-CM, ICD-10-CM HCPCS Level II and CPT coding along with analysis and processing of Medicare claims. Utilizes Medicare/Medicaid and Contractor guidelines for coverage determinations Coordinates and compiles the written Investigative Summary Report to the PI Investigator upon completion of the records review Incorporates leadership and communication skills to work with physicians and other health professionals as well as external regulatory agencies and law enforcement personnel Provides training to UPIC staff",https://app.nursefern.com,Quality,NurseFern,2026-07-16T11:03:02.348525
PAYMENT INTEGRITY NURSE - MEDICARE ADVANTAGE,BlueCross BlueShield of South Carolina,2026-07-10,Remote,On-site,Full-time,Days,"Must Be Licensed In: Compact, South Carolina",$0 - $0 Salary,"We are currently hiring for a Payment Integrity Nurse - Medicare Advantage to join BlueCross BlueShield of South Carolina. In this role as an Payment Integrity Nurse, you will monitor/implement quality improvement/management activities, conduct specific medical reviews as necessary, analyzes findings, makes recommendations for corrective actions, and prepares formal documentation for compliance with applicable standards/regulations, perform Health Plan Employer Data Information Set data collection (HEDIS), and National Committee for Quality Assurance (NCQA) accreditation activities. Description Location: This position is full-time (40 hours/week) Monday-Friday from 8:00am-4:30pm and will be fully remote after 4-8 weeks of on-site training. The candidate will be required to be on an on-call rotation with other nursing colleagues to cover weekends. What You'll Do: Performs quality improvement activities to monitor/maintain compliance with applicable standards/regulations. Analyzes/documents/presents findings of quality improvement activities. Recommends corrective action and improvement when necessary. Conducts quality medical record reviews to monitor quality of care and service provided. Tracks/trends/investigates quality concerns and complaints. Coordinates HEDIS data collection. To Qualify for This Position, You'll Need the Following: Required Education: Associates in a job-related field Required Work Experience: 4 years clinical or behavioral health to include 2 years quality management experience. Required Skills and Abilities: Excellent verbal and written communication, customer service, organizational, presentation, problem solving, and analytical or critical thinking skills. Proficient spelling, grammar, punctuation, and basic business math. Ability to handle confidential or sensitive information with discretion. Demonstrated ability to identify the need for and implement corrective actions. Strong understanding of managed care. Required S",https://app.nursefern.com,Quality,NurseFern,2026-07-16T11:03:04.453070
Clinical Patient Service Representative (Bilingual) - Remote in Indiana,"Indiana Health Centers, Inc.",2026-07-09,,Remote,Regular | Perm Employee,Regular | Perm Employee,Remote,,DescriptionCompany Job Link:https://recruiting.paylocity.com/Recruiting/Jobs/Details/4318627?utm_source=remotenurseconnection&utm_medium=jobboard,https://recruiting.paylocity.com/Recruiting/Jobs/Details/4318627?utm_source=remotenurseconnection&utm_medium=jobboard,"Entry Level, Licensed Practical Nurse | LPN | LVN, Prior Authorization, Registered Nurse | RN",Remote Nurse Connection,2026-07-16T11:00:35.872665
"RN, Utilization Review",Froedtert,2026-07-09,,Remote,Regular | Perm Employee,Regular | Perm Employee,Remote,$34.00 - $52,"Discover. Achieve. Succeed. #BeHereLocation: US:WI:MENOMONEE FALLS at our WOODLAND PRIME 400 facility.This job is REMOTE.FTE: 0.875000Standard Hours: 35.00Shift: Shift 1Shift Details: Holidays and weekends includedJob Summary:Assumes responsibility for assessing a patient's clinical status on admission and daily to determine the appropriate admission status type and level of care. Refers cases to the physician advisor, PA moonlighter, for a second level review as needed. Facilitates communication with service based multidisciplinary team as it relates to the patient and identified treatment plan. Works in accordance to established policies and procedures to ensure optimal patient outcomes. Has the ability to work with variable service lines and with multiple care teams.EXPERIENCE DESCRIPTION:Minimum of 3 years of acute care nursing experience is required; Prior utilization management or case management experience is required. A minimum of 5 years of acute care nursing experience is preferred. Utilization of Interqual, MCG care web QI or Indicia evidence based guidelines is strongly preferred.EDUCATION DESCRIPTION:Professional knowledge of nursing theory and practice at a level normally acquired through completion of a program at an accredited School of Nursing is required. Bachelor's Degree in Nursing is preferred.SPECIAL SKILLS DESCRIPTION:Knowledge of Medicare inpatient only surgical list, Medicare guidelines for admission, working DRG, and some familiarity with hospital coding is preferred.LICENSURE DESCRIPTION:Requires current state of Wisconsin Registered Nurse License or a Multi-state Nursing License from a participating state in the NLC (Nurse Licensure Compact). MCG certification is required within 18 months of hire. Accredited Case Manager (ACM) or Certified Case Manager (CCM) certification preferred.Compensation, Benefits & Perks at Froedtert HealthPay is expected to be between: (expressed as hourly) $34.00 - $52.70. Final compensation is based on experience and will be discussed with you by the recruiter during the interview process.Froedtert Health Offers a variety of perks & benefits to staff, depending on your role you may be eligible for the following:Paid time offGrowth opportunity- Career Pathways & Career Tuition Assistance, CEU opportunitiesAcademic Partnership with the Medical College of WisconsinReferral bonusesRetirement plan - 403bMedical, Dental, Vision, Life Insurance, Short & Long Term Disability, Free Workplace ClinicsEmployee Assistance Programs, Adoption Assistance, Healthy Contributions, Care@Work, Moving Assistance, Discounts on gym memberships, travel and other work life benefits availableThe Froedtert & the Medical College of Wisconsin regional health network is a partnership between Froedtert Health and the Medical College of Wisconsin supporting a shared mission of patient care, innovation, medical research and education. Our health network operates eastern Wisconsin's only academic medical center and adult Level I Trauma center engaged in thousands of clinical trials and studies. The Froedtert & MCW health network, which includes ten hospitals, nearly 2,000 physicians and more than 45 health centers and clinics draw patients from throughout the Midwest and the nation.We are proud to be an Equal Opportunity Employer who values and maintains an environment that attracts, recruits, engages and retains a diverse workforce. We welcome protected veterans to share their priority consideration status with us at 262-439-1961. We maintain a drug-free workplace and perform pre-employment substance abuse testing. During your application and interview process, if you have a need that requires an accommodation, please contact us at 262-439-1961. We will attempt to fulfill all reasonable accommodation requests.",https://jobs.froedtert.com/job/175901/RN-Utilization-Review,"Entry Level, Registered Nurse | RN, Utilization Management | Utilization Review",Remote Nurse Connection,2026-07-16T11:00:35.999671
"Clinical Sales Specialist, Structural Heart - Structural Interventions (Birmingham, AL)",Abbott,2026-07-09,"Birmingham, Alabama, United States",Remote,Regular | Perm Employee,Regular | Perm Employee,Remote with Travel,"$78,000.00 - $156,000","Abbott is a global healthcare leader that helps people live more fully at all stages of life. Our portfolio of life-changing technologies spans the spectrum of healthcare, with leading businesses and products in diagnostics, medical devices, nutritionals and branded generic medicines. Our 115,000 colleagues serve people in more than 160 countries.JOB DESCRIPTION:Working at AbbottAt Abbott, you can do work that matters, grow, and learn, care for yourself and your family, be your true self, and live a full life. You'll also have access to:Career development with an international company where you can grow the career you dream of.Employees can qualify for free medical coverage in our Health Investment Plan (HIP) PPO medical plan in the next calendar year.An excellent retirement savings plan with a high employer contributionTuition reimbursement, the"" target=""_blank"" rel=""noopener noreferrer"">FreeUeducation benefit - an affordable and convenient path to getting a bachelor's degree.A company recognized as a great place to work in dozens of countries worldwide and named one of the most admired companies in the world by Fortune.A company that is recognized as one of the best big companies to work for as well as the best place to work for diversity, working mothers, female executives, and scientists.The OpportunityOur business purpose is to restore health and improve quality of life through the design and provision of device and management solutions for the treatment ofStructural Heartdisease. We aim to lead the markets we serve by requiring the solutions we offer customers provide an improved benefit/risk profile as compared to existing standards of care; a performance threshold that by definition, guides and ensures the productive output of our engineering, business development, and clinical research efforts result in outcomes that advance the standard of care.This particular role is focused on Abbott's Amplatzer Congenital offering which encompasses atrial septal defects (ASD), patent ductus arteriosus (PDA) and ventricular septal defects (VSD), and patent foramen ovale (PFO).The Clinical Specialist provides clinical and sales support through education of current and potential customers, and procedure coverage with a defined region. In this role, the Clinical Specialist with train interventional cardiologists, catheter lab staff and ancillary personnel on the use of Structural Heart products and provide technical support to physicians during procedures. The role is responsible for communicating product, clinical and market data to appropriate personnel and will support the company's efforts to develop and implement product marketing strategies.This position may be hired at different level, depending on the experience of the candidate. This position may travel in excess of 50%.What You'll Work OnCollaborate with Territory Managers to provide good case coverage and clinical outcomes for patients.Serve as primary resource for clinical support in the areas of surgical coverage, troubleshooting and in-service education for company products.Educate customer on the merits and proper clinical usage of company products. Inform customers of the latest product, therapy and technology developments in the industry.Actively engage in clinical, procedural and technical discussions and link data outcome to key messaging.Meet with existing and potential clients (health care providers) to identify their clinical needs, goals and constraints related to patient care and provide creative and feasible solutions.This role requires a strong clinical orientation with the ability to influence a variety of clinician personality types.RequiredQualificationsBS/BA or equivalent experience.9+ years of related cardiovascular work experience; 3+ years of which is Structural Heart or Electrophysiology specific clinical experienceVerification that you will satisfy all vendor credentialing requirements, which may include vaccination for COVID-19. If you require a medical or religious accommodation from these requirements or if you would like to understand more about these requirements, please advise HR so that we can provide additional information and if needed, we can explore any needed accommodation(s).PreferredQualificationsDegree in life sciences or medical training (RN, EMT, Perfusion, etc.).Strong clinical orientation, experience with products for use in interventional cardiology and cardiac surgery, familiarity with echo cardiology and other indirect imaging."" target=""_blank"" rel=""noopener noreferrer"">[www.abbottbenefits.com](http://www.abbottbenefits.com)Follow your career aspirations to Abbott for diverse opportunities with a company that can help you build your future and live your best life. Abbott is an Equal Opportunity Employer, committed to employee diversity.Connect with us at"" target=""_blank"" rel=""noopener noreferrer"">[www.facebook.com/Abbott](http://www.facebook.com/Abbott), and on Twitter @AbbottNews.The base pay for this positi...",https://abbott.wd5.myworkdayjobs.com/abbottcareers/job/United-States---Alabama---Birmingham/Clinical-Sales-Specialist--Structural-Heart---Structural-Interventions--Birmingham--AL-_31155671-1,"Biotech | Health Tech | Medical Device, Clinical Consultant, PeriOp | Operating Room | Surgical, Registered Nurse | RN, Sales",Remote Nurse Connection,2026-07-16T11:00:36.127340
Remote PMHNP (All Ages) - New York License Required,Iris Telehealth for Providers,2026-07-09,,Remote,Contract,"Contract Employee, Regular | Perm Employee",Remote,,"Position: Psychiatric Mental Health Nurse Practitioner (PMHNP-BC) - 100% Remote - New York License Required Licensure: Active PMHNP-BC license in New York required Compensation: Starting at $135,000/year (W2, full-time) or $90/hour (1099) Schedule: 40 hours per week | Flexible scheduling with 8 or 10 hour shifts | Must fall within 7:00 AM - 7:00 PM EST | Fully Remote Make a Difference in Behavioral Health - Right from Home! Are you a dedicated Psychiatric Mental Health Nurse Practitioner ( PMHNP ) licensed in New York , ready to make a meaningful impact-right from home? Join our team at Iris Telehealth, where you can provide essential care to underserved communities with the flexibility of 100% remote work for a balanced work-life. Iris Telehealth is seeking a PMHNP licensed in New York to provide care to patients in an outpatient Certified Community Behavioral Health Clinic ( CCBHC ) setting for 40 hours per week. This fully remote role offers the opportunity to collaborate with a multidisciplinary team at one of Iris's behavioral healthcare partners, expanding access to quality care. You'll be able to collaborate with experts in psychiatry, neurology, and psychology, and be supported by an experienced administrative team-so you can focus on what matters most: patient care. About the Role Setting: 100% Remote | Outpatient CCBHC in New York Schedule: 40 hours/week | Flexible (8 or 10 hour shifts) within business hours of 7:00 AM - 7:00 PM EST Patient Population : Ages 5+ (approximately 50% children/adolescents, 50% adults) Acuity: Full spectrum Appointments : 90 minutes for initial evaluations (children/adolescents) 60 minutes for initial evaluations (adults) 30 minutes for follow-up visits (all ages) Collaborative Environment: Work closely with a multidisciplinary care team to provide comprehensive behavioral health services across all age groups and acuity levels. No on-call duties required! Why Iris Telehealth? Mission-Driven Work: At Iris Telehealth, our mission is at the heart of everything we do: increasing access to high-quality mental health care. As a Joint Commission Accredited organization, we're proud to partner with clinicians to deliver care to the communities that need it most. Comprehensive Clinician Support: From licensing and credentialing to IT, onboarding, and administrative support we've got you covered so you can focus on what matters most: providing excellent patient care. Work-Life Balance: We know how important it is to feel balanced and supported. Our roles offer the flexibility of remote work, helping you maintain a healthy balance between your professional and personal life. At Iris Telehealth, you'll have the chance to deliver impactful care to underserved communities and work with a multidisciplinary team to enhance access to high-quality behavioral health care. Apply today to be part of our mission-driven team, transforming mental health care - one patient at a time - all from the comfort of your home! Qualifications: Proven prescribing experience as a Psychiatric Mental Health Nurse Practitioner (PMHNP) An active PMHNP-BC license in the state of New York is required Availability (40 hours per week) during EST business hours Experience and comfort treating patients across varying acuity levels Telehealth experience preferred (experience using EMR systems a plus!) PMHNP ANCC Board Certification (We do not currently offer any opportunities for PMHCNS) Reside in the U.S. or a U.S. territory Our Benefits: At Iris Telehealth, we believe great care starts with caring for our clinicians. We're proud to offer benefits that support your well-being, growth, and work-life balance - so you can focus on doing what you do best: providing exceptional care. All Iris clinicians receive: Competitive compensation - your expertise deserves to be recognized and rewarded Work-from-home flexibility - skip the commute & enjoy greater flexibility Comprehensive malpractice coverage - full protection, zero hassle Licensing & credentialing support - we handle the logistics so you can focus on care Upfront payment of all state licensing fees - no delays, no out-of-pocket costs Home office setup & 24/7 IT support - everything you need to succeed virtually Full-time Iris clinicians also enjoy: 4 weeks of PTO + 8 flexible paid holidays - time to recharge, your way Annual CME budget & starting office upgrade stipend - invest in your growth and set up your perfect space Comprehensive health coverage - access to a large national network for medical, dental, and vision care 100% employer-paid life insurance - financial security for you and your loved ones 401(k) with employer match - plan confidently for your future Optional short- & long-term disability coverage - added protection when you need it About Us: At Iris Telehealth, we empower our clinicians to provide high-quality virtual behavioral health care to patients across the U.S. We believe in supporting our clinicians with comprehensive resources, allowing...",https://irishealthclinical.hire.trakstar.com/jobs/fk0zrj4/,"Advanced Practice Nurse, Entry Level, Psych | Behavioral Health | Mental Health, Triage | Telehealth",Remote Nurse Connection,2026-07-16T11:00:36.253268
Nurse Paralegal,Wilson Elser - Business & Legal Professionals,2026-07-09,"Florida, United States",Hybrid,Regular | Perm Employee,Regular | Perm Employee,"Hybrid, Remote",,"AtWhy Should You Apply?Benefits:Outstanding benefits package, including 401k match and generous PTO planCareer Growth:Ample opportunities for professional development and advancementEmployee Perks:Access to corporate discount plans and other benefitsWilson Elser welcomes submissions of candidates for our open positions exclusively from recruitment agencies with an active, signed fee agreement who have been granted access to a position through our dedicated Recruitment Agency Portal. We are unable to consider submissions from recruitment agencies without a current (dated as of 7/1/2024) agreement in place. We appreciate your understanding. For collaboration inquiries or to establish an agreement, please contact us at"" target=""_blank"">here.California Residents may review our CCPA notice for applicants and employeesCompany Job Link:https://job-boards.greenhouse.io/wilsonelser/jobs/5316994008?utm_source=remotenurseconnection&utm_medium=jobboardAPPLY HERE",https://job-boards.greenhouse.io/wilsonelser/jobs/5316994008?utm_source=remotenurseconnection&utm_medium=jobboard,"Entry Level, Featured, Legal Nurse, Registered Nurse | RN",Remote Nurse Connection,2026-07-16T11:00:36.380167
Remote Patient Monitoring LVN CA License,Nsight Health,2026-07-09,,Remote,Regular | Perm Employee,Regular | Perm Employee,Remote,$24-$26,"Remote Patient Monitoring - LVN/LPN - California LVN license and an active multistate Compact LVN license requiredClinical | RemoteEmployment Type: Full-TimeStart Date: August 17th, 2026About Nsight HealthNsight Health is transforming how care is delivered through Remote Patient Monitoring (RPM), Chronic Care Management (CCM), and Behavioral Health Integration (BHI). We empower healthcare providers to manage chronic conditions using real-time data, AI-enabled technology, and 24/7 clinical support. Our HIPAA-compliant platform connects patients and care teams nationwide-improving outcomes, adherence, and peace of mind. Join a fast-growing, mission-driven team that blends healthcare and technology to make a measurable difference in people's lives.Nsight Health - Where Technology Meets Compassion.AI Fluency Requirement - Non NegotiableNsight is an AI-first organization. Every member of our team is expected to actively use AI tools in their day-to-day work - not as a novelty, but as a core productivity multiplier. This role requires genuine curiosity about AI, comfort experimenting with tools like Claude, ChatGPT, and workflow automation platforms, and the judgment to know when AI helps and when it doesn't. If AI makes you uncomfortable, this is not the right role.Position SummaryThe LVN/LPN in our Remote Patient Monitoring Department functions within a centralized clinical call center, managing a high volume of inbound and outbound patient interactions. This role is responsible for supporting patients with real-time health monitoring, triaging and responding to device-generated alerts, delivering timely life-improving interventions via telephone, and educating and empowering patients through consistent, ongoing care.Key ResponsibilitiesOperate in a high-volume clinical call center environment managing a combination of inbound and outbound telephonic patient interactions throughout each shiftConduct outbound phone calls to check in on patients and address health concerns (expected call volume ranges from 70 to 90 calls per day)Handle inbound phone calls with efficiency and professionalism, triaging and routing appropriately based on clinical urgency in a fast-paced queue-based environmentRoute non-clinical inbound calls to the appropriate departments across the company, ensuring minimal hold times and a positive caller experienceMonitor and respond to Remote Patient Monitoring (RPM) alerts in real time, escalating concerns when clinically indicated while managing concurrent call center workflowsCollaborate with providers to coordinate timely and effective patient care via telephonic communicationPerform monthly wellness assessments and complete comprehensive chart reviewsAccurately document all patient interactions in our clinical platform in real timeConsistently meet or exceed individual and team performance metrics related to care quality, patient engagement, call handle times, response times, and adherence to protocol standardsPivot to different workflows as needed, including RPM Adherence calls, Onboarding calls, and comprehensive chart reviews, particularly toward the end of each month to support departmental goalsMaintain compliance with company policies and applicable regulationsPerform other duties as assignedQualificationsRequired:Active compact LVN/LPN license requiredCalifornia LVN license requiredProficient with computers, EMRs, and telehealth toolsStrong communication and organizational skillsDemonstrated AI fluency - actively uses tools such as Claude, ChatGPT, or workflow automation in daily workAbility to work in a fast-paced, high-volume call center environment with back-to-back patient interactionsComfort with performance-based metrics and accountability to daily, weekly, and monthly targetsAbility to multitask across multiple technology platforms simultaneouslyPreferred:At least 1 year of nursing experience preferred (RPM, telehealth, or chronic care experience is a plus)Prior call center or high-volume telephonic care experienceFamiliarity with RPM devices (blood pressure cuffs, glucometers, pulse oximeters, weight scales)Work From Home RequirementsMinimum internet speed of 50 Mbps download / 10 Mbps uploadHardwired internet connection required - no Wi-FiSpeed test submission required during the offer processPrivate, HIPAA-compliant workspaceCompany-provided equipment shipped upon hireScheduleThis position operates on a 4-day work week structure, consisting of 10-hour shifts.Must be available to work rotating holidays throughout the year.Requires mandatory coverage of a minimum of two (2) weekends per month.Training RequirementsAll new hires must complete a comprehensive training program:Duration:Four weeksSchedule:Monday through Friday, 9:00 AM - 6:00 PM Eastern TimeAttendance is mandatory to ensure readiness prior to independently supporting patients.Compensation & BenefitsCompetitive base pay of $24-$26 per hour.Shift Differentials:Evening Differential: +$1.50/hour for hours worked after...",https://workforcenow.adp.com/mascsr/default/mdf/recruitment/recruitment.html?cid=b5d414f1-c678-40aa-b82a-dc850387ea22&jobId=569586&ccId=19000101_000003&utm_source=remotenurseconnection&utm_medium=jobboard,"Entry Level, Licensed Practical Nurse | LPN | LVN, RPM | Remote Patient Monitoring, Triage | Telehealth",Remote Nurse Connection,2026-07-16T11:00:36.523208
"Director, LTSS Clinical Care Management",Centene Corporation,2026-07-09,,Remote,Regular | Perm Employee,Regular | Perm Employee,Remote,"$127,300.00 - $236,100","You could be the one who changes everything for our 28 million members. Centene is transforming the health of our communities, one person at a time. As a diversified, national organization, you'll have access to competitive benefits including a fresh perspective on workplace flexibility.Candidate must reside in Indiana or be willing to relocate to Indiana.Serves as the LTSS subject matter expert, leading RFP development and submissions while supporting the design, implementation, and growth of LTSS programs.Position Purpose:Directs the long-term care of members with physical/medical health needs and/or behavioral/mental health needs to develop and assess high quality, cost-effective healthcare outcomes. Develops strategies and objectives within long-term care management to improve member and/or provider experience.Provides leadership to the development, implementation, monitoring, and ongoing improvement of the long-term care management processSets goals and objectives for long-term care management team and oversees care management data and reporting metrics to achieve quality and cost-effective healthcare results and working with senior leadership, as requiredLeads long-term care management policies and procedures within the care management team to ensure compliance with corporate, state, and National Committee for Quality Assurance (NCQA) standardsOversees and monitors work assignments and caseloads of long-term care management staff based on state requirements, care management staff experience, and member needsMonitors, reviews, and signs off on contract required reporting as requiredVendor oversight as required and applicable to the roleAttends conferences and stays up to date on latest trends and best practices in Payer Care Management and related fields, as applicableLeads and presents process improvements for the long-term care management team to achieve cost-effective healthcare resultsLeads and coordinates large or special project work with other departmental functionsDirects and evaluates departmental operations, including the long-term care management model, staffing, use of information technologies, onboarding, and staff competencies to achieve performance and quality objectivesReviews and monitors long-term care member data to identify trends and improve operating performance and quality care in accordance with state and federal regulations, and participates with internal and external audits as requiredContributes to the development and improvement of clinical care pathways that enhance cost effectiveness while providing quality careDevelops long-term care management strategies and influences decisions by providing recommendations that align to organizational objectivesProvides coaching and guidance to long-term care management team to improve member and provider experience and facilitate delivery of high-quality careDevelops department budget while collaborating inter-departmentally and with senior leadershipDevelops the overall strategy for onboarding, hiring, and training new long-term care management team members to ensure adequate training and high-quality care to improve member and/or provider experience and ensure compliancePerforms other duties as assignedComplies with all policies and standardsEducation/Experience:Positions overseeing RN team members: Requires Graduate from an Accredited School of Nursing or a Bachelor's degree and 7+ years of related experience, including prior management experience. Or,Positions overseeing BH team members: Requires a Master's degree or Graduate from an Accredited School of Nursing and 7+ years of related experience, including prior management experience.Or equivalent experience acquired through accomplishments of applicable knowledge, duties, scope and skill reflective of the level of this position.4+ years management experience preferred.Expert knowledge of industry regulations, policies, and standards preferred.Highly advanced clinical knowledge and ability to assess member needs in context of relevant diagnoses, treatment plans and goals, and identify potential gaps in care or risks for readmission or complications preferred.Strong knowledge of healthcare managed care principles preferred.Experience working with providers and healthcare teams to develop appropriate long-term service plans/care plans preferred.Strong knowledge of medication indications and side effects preferred.License/Certification:Positions overseeing RN team members: Current state's Registered Nurse (RN) license required preferred orPositions overseeing BH team members: Licensed Clinical Behavioral Health Professional or RN based on state contract requirements e.g., LCSW, LMSW, LMFT, LMHC, and RN with BH experience required preferredPay Range: $127,300.00 - $236,100.00 per yearCentene offers a comprehensive benefits package including: competitive pay, health insurance, 401K and stock purchase plans, tuition reimbursement, paid time off plus holidays, and a flexible approach to ...",https://centene.wd5.myworkdayjobs.com/Centene_External/job/Remote-IN/Director--LTSS-Clinical-Care-Management_1643596?utm_source=remotenurseconnection&utm_medium=jobboard,"Case Management | Care Management, Management | Leadership, Psych | Behavioral Health | Mental Health, Registered Nurse | RN",Remote Nurse Connection,2026-07-16T11:00:36.646033
Nursing Subject Matter Expert (SME),H2 Performance Consulting,2026-07-09,,Remote,Regular | Perm Employee,Regular | Perm Employee,Remote,,"H2 Performance Consulting is subject to the Vietnam Era Veteran's Readjustment Assistance Act as a Federal Contractor. As such we strive to reach out and provide employment opportunities to our Veterans through a variety of sources and to build a diverse workforce. All qualified applicants will receive consideration for employment without regard to race, color, religion, sex, or national origin. As mandated under Executive order 12989, H2 is required to verify employment eligibility of selected candidates through the Department of Labor's - E-Verify.H2 Performance Consulting seeks an experienced Nursing Subject Matter Expert (SME). This position will support the Department of Labor Office of Job Corps Health & Wellness Program by providing subject matter expertise, technical assistance, policy support, assessments, reporting, and collaboration with Government stakeholders. Provide nursing expertise supporting healthcare delivery reviews, compliance assessments, medical record reviews, and quality improvement.Key Responsibilities Provide expert consultation. Support ROCA/ROTA assessments. Review records and prepare recommendations. Develop reports and training materials. Assist with policy implementation and continuous quality improvement.Required Qualifications Licensed RN with BSN; 5+ years monitoring healthcare delivery operations. Must be able to obtain and maintain a Public Trust determination.Preferred Qualifications Public health, Job Corps, utilization review.Qualified candidates may submit their resume to the career section of our company website at. All resumes will be reviewed and those candidates we wish to further in the application process will be contacted via email/phone to schedule initial phone screens. All resumes are kept on file for comparison of skills against future position requirements.",https://jobs.workable.com/view/rjd8qu9etCawKbtnDAUsgC/remote-nursing-subject-matter-expert-(sme)-in-remote-at-h2-performance-consulting?utm_source=remotenurseconnection&utm_medium=jobboard,"Quality, Registered Nurse | RN, Utilization Management | Utilization Review",Remote Nurse Connection,2026-07-16T11:00:36.760004
Clinical Claims Care Coordinator I - A,illumifin,2026-07-09,,Remote,Regular | Perm Employee,Regular | Perm Employee,Remote,,"illumifin is an insurance technology company and third-party administrator that designs, develops and delivers tech-enabled insurance policy management software and services that provide unrivaled value for insurers.We combine insurance insight, operational excellence, and technology innovation to build solutions that deliver high performance and position insurers for the digital world. illumifin is primarily focused on the North American life, long-term care, annuity, and health markets. We believe in true partnerships with our customers and are passionate about insurance.TheClinical Claims Care Coordinator reviews the assessment that is completed by the field assessor for completeness, accuracy and ensures that the assessment provides the insurance carrier with a clear picture of the policyholder's current functioning. They also obtain clarifying information from the field assessor and provides guidance to that assessor on the correct completion of the interview tool. A Clinical Claims Care Coordinator will create a plan of care and be required to review and certify for chronic illness.CLINICAL CLAIMS CARE COORDINATOR RESPONSIBILITIESReview onsite assessments for consistency and quality and collaborates with the field nurse.Obtain information from the field assessor to clarify information and provide the carrier with a thorough, high quality assessment product.Prepare professional, objective report for the insurance customer summarizing information from the assessment using company formats, when appropriate.Manages the clinical quality review for the completed assessments.Act with independent judgement following client and company policies and procedures.Complete telephonic and virtual interviews as need arises.Always provides prompt, courteous and excellent customer service to internal and external customers.Demonstrate effective communication skills, level of attentiveness and use of appropriate lines of authority. Promptly shares accurate and complete information to others who need it, based on HIPAA and legal documents regarding release.Perform work accurately and demonstrate ability to prioritize workload.Use supplies and other resources (i.e. equipment, computer systems, tools, energy, etc.) efficiently and effectively.Attend or is responsible for information given at meetings and through other organizational channels.Uphold the principles of compliance as outlined in the Code of Conduct, Employee Handbook and related policies and procedures. Supports and participates in the mandatory Corporate Compliance Program training initiative on an annual or more frequent basis, as required.Meet established quality and production expectations as established and communicated by the department.Other duties as assigned.QualificationsCLINICAL CLAIMS CARE COORDINATOR REQUIREMENTSRegistered Nurse: Two years of geriatric experienceLicensed Social Worker: Two years geriatric social work experienceMust type at least 40 words per minute.Intermediate level experience with Microsoft Office products.Database experience.The annual compensation range starts at $60,000 but can increase depending on experience and qualificationsillumifin is an Equal Opportunity Employer (EOE/AA) and participates in E-Verify. illumifin will not discriminate in its employment and employment-related decisions against any applicant or employee based on age, race, gender, creed, religion, national origin, disability, marital status, covered veteran status, sexual orientation, status with respect to public assistance, membership or activity on a local commission, or any other characteristic protected under state, federal, or local law.",https://myjobs.adp.com/illumifinexternalcareers/cx/job-details?reqId=5001208956506&utm_source=remotenurseconnection&utm_medium=jobboard,"Case Management | Care Management, Entry Level, Long Term Care, Quality, Registered Nurse | RN",Remote Nurse Connection,2026-07-16T11:00:36.877136
RN Manager of Delegation Compliance,CVS Health,2026-07-09,,Remote,Regular | Perm Employee,Regular | Perm Employee,Remote,"$88,374.00 - $190,344","We're building a world of health around every individual - shaping a more connected, convenient and compassionate health experience. At CVS Health, you'll be surrounded by passionate colleagues who care deeply, innovate with purpose, holdourselves accountableand prioritize safety and quality in everything we do. Join us and be part of something bigger - helping to simplify health care one person, one family and one community at a time.Company: Oak Street HealthTitle: RN Manager of Delegation ComplianceLocation: Remote / TreehouseRole DescriptionThis position is responsible for a range of activities supporting delegated Care Management and Utilization Management functions. These may include, but are not limited to, responsibility for implementation of new delegated functions, including project planning, system readiness, accountability for reporting requirements, hiring, training, and internal/external communication required for launch. The Manager ensures departmental adherence to program standards, ensures the care programs meet compliance requirements and metrics as set by the health plan and CMS, provides initial and ongoing education to staff, and serves as the liaison between OSH and insurance providers, other business partners, vendors and internal stakeholders as required.CoreResponsibilitiesOversee compliance for UM and CM to deliver an unmatched patient experience and ensure delegation compliance.Audit individual charts according to QA Audit Protocols to ensure compliance with program responsibilities and best practicesPossess knowledge of contractual, accreditation, federal and business requirements for assigned program and ensure compliance with program requirements and develop corrective action plans as neededEstablish work procedures and processes that support the company and departmental standards, procedures and strategic directivesEstablish workflows that meet compliance requirements and align with organization-wide clinical protocolsLead the review of policies and procedures, program descriptions, and evaluations;Conduct training for new team members and other internal parties as requiredProvide statistical and performance feedback, and coaching on a regular basis to each team member in their assigned regionCreate and maintain a high-quality work environment so team members are motivated to perform at their highest levelProvide continual evaluation of processes and procedures. Responsible for suggesting methods to improve area operations, efficiency, and service to both internal and external staffCollaborate with other OSH program leaders to implement initiatives in support of integrating delegated services with core OSH care model (e.g. care team, social work, behavioral health, utilization management, patient engagement, central telehealth, etc.) to promote patient outreach and engagement and identify and address patient needs.Serve as point of contact for / management of health plan relationships related to delegated care managementOversight of delegated entities and internal operating partners servicing Care Coordination, including management of operational performance and program executionIn partnership with Business Intelligence, set, implement and monitor system configuration requirements in accordance with operational and regulatory specifications required for new programsComplete report submissions, including validation where neededOther duties as assignedWhat we're looking forBachelor's in NursingActive RN license within one or more OSH statesWillingness to obtain cross-state licensure, as needed5+ years of healthcare experience, preferably in a primary care and/or managed care setting2+ years direct supervisory experienceCertified Case Manager (CCM) or equivalent case management certification required, or willingness to obtain within 12 months of hireKnowledge of Medicare/Medicaid and NCQA requirementsPractical and operational experience in a managed care environment, preferably with working knowledge of relatedlegal/regulatory/healthplan requirementsDemonstrated experience leading teams, competence with change management, and leading process improvementKnowledge relating to healthcare delivery workflows, project management, and quality improvement is requiredPrior experience in a similar role at an IPA, Health Plan or MSO will be advantageousStrong teamwork and interpersonal skills. Must be able to work effectively with cross functional groups, fostering teamwork with a commitment to qualityPassion for excellence, willing to go the extra mile to achieve objectives and ensure consistently high quality work productAbility to succinctly summarize and synthesize large amounts of informationQuick learner comfortable with a high level of ambiguityStrong accountability and discipline against timelines and deliverablesStrong clinical and assessment skillsOutstanding verbal and written communication skillsAbility to work independently and maintain flexibility in a fast-paced, start-up e...",https://cvshealth.wd1.myworkdayjobs.com/CVS_Health_Careers/job/IL---Work-from-home/RN-Manager-of-Delegation-Compliance_R0958289?utm_source=remotenurseconnection&utm_medium=jobboard,"Case Management | Care Management, Management | Leadership, Quality, Registered Nurse | RN",Remote Nurse Connection,2026-07-16T11:00:37.001813
Medicaid Medical Review RN (Medical Reviewer III),CoventBridge Group,2026-07-09,,Remote,Regular | Perm Employee,Regular | Perm Employee,Remote,,"OverviewMedicaid Medical Review RN (Medical Reviewer III) - REMOTEThe Medicaid Medical Review RN (Medical Reviewer III) will primarily be responsible for conducting clinical reviews of medical records during the course of fraud investigations or other program integrity initiatives such as requests for information or in support of proactive data analysis efforts. In addition, this position applies Medicare and Medicaid guidelines in making clinical determinations as to the appropriateness of payment coverage.In assuming this position, you will be a critical contributor to meeting CoventBridge Group's objective: To provide services to our clients that exceed their expectations and contribute to improved healthcare delivery by identifying and eliminating fraud, waste and abuse.This position will report directly to the Medical Review Supervisor and will work in our Grove City, OH office. If not local, remotely from a home office.At this time, CoventBridge is not considering candidates who require visa sponsorship, currently or in the future, including but not limited to H-1B, H-2B, E-3, TN, O-1, F-1 (OPT/CPT, or J-1 Visa Statuses.)Responsibilities/ RequirementsResponsibilities:Reviews information contained in Standard Claims Processing System files (e.g., claims history, provider files) to determine provider billing patterns and to detect potentially fraudulent or abusive billing practices or vulnerabilities in Medicare or Medicaid payment policiesUtilizes extensive knowledge of medical terminology, ICD-9-CM, ICD-10-CM HCPCS Level II and CPT coding along with analysis and processing of Medicare claims. Utilizes Medicare/Medicaid and Contractor guidelines for coverage determinationsCoordinates and compiles the written Investigative Summary Report to the PI Investigator upon completion of the records reviewIncorporates leadership and communication skills to work with physicians and other health professionals as well as external regulatory agencies and law enforcement personnelProvides training to UPIC staff on medical terminology, reading medical records, and policy interpretationProvides expert witness testimony as requiredCompletes assignments in a manner that meets or exceeds the quality assurance goal of 98% accuracyMaintains chain of custody on all documents and follows all confidentiality and security guidelinesPerforms other duties as assigned by the Medical Review Supervisor that contribute to UPIC goals and objectives and comply with the Program Integrity Manual and Statement of Work guidelines and CMS directives and regulationsRequirements:2 years minimum experience with a state Medicaid agency or Managed Care Organization focused in Medicaid2 years minimum of working knowledge of ICD 10-CM/CPT coding experience4 years minimum experience auditing claims history or provider files to determine if the claim was payable and if any signed of fraud, waste or abuse are notedKnowledge of, and the ability to correctly identify, Medicare and Medicaid coverage guidelinesAdvance knowledge of medical terminology and experience in the analysis and processing of Medicare claims, utilization review/ quality assurance procedures, ICD 10-CM and CPT coding, Medicare coverage guidelines and payment methodologies (i.e., Correct Coding Initiative, DRG's, Prospective Payment Systems and Ambulatory Surgical center), NCPCP and other types of prescription drug claimsAbility to read Medicaid claims, both paper and electronic, and a basic knowledge of Medicaid is requiredShould possess excellent verbal and written communication skills with an ability to write professional summary reportsKnowledge of and ability to use Microsoft Word, Excel, and Internet applicationsAble to efficiently organize and manage workload and assignmentsMust have and maintain a valid driver' license for the state of residence as on-site audits are part of the role as a nurse reviewerEducational/Experience Qualifications:Graduate from an accredited school of nursing and have an active license as a Registered Nurse (RN) requiredPreference given to BSN or higher prepared nurses with recent medical review claims experience in Medicare or Medicaid reviewsBenefitsMedical, Dental, Vision plansLife, LTD and STD paid by the employer401(k) with company match up to 4%Paid Time Off and company paid holidaysTuition assistance after 1 year of serviceThe salary range for this role is $65,000 to $70,000 annually. This is the lowest to highest salary we in good faith believe we would pay for this role at the time of this posting. We may ultimately pay more or less than the posted range, and the range may be modified in the future. An employee's pay position within the salary range will be based on several factors including, but not limited to, relevant education, qualifications, certifications, experience, skills, geographic location, performance, and business or organizational needs.Pursuant to the San Francisco Fair Chance Ordinance, we will consider for employment quali...",https://careers-midwestupic.icims.com/jobs/6197/medicaid-medical-review-rn-medical-reviewer-iii/job?utm_source=remotenurseconnection&utm_medium=jobboard,"Auditing, Coding, Quality, Registered Nurse | RN, Utilization Management | Utilization Review",Remote Nurse Connection,2026-07-16T11:00:37.127056
"RN Patient Navigator, REMOTE",City of Hope,2026-07-09,,Remote,Regular | Perm Employee,Regular | Perm Employee,Remote,,"RN Patient Navigator, REMOTEAboutThe Nurse Navigator RN functions as a member of the multidisciplinary team as an advocate and educator for patients from the initial intake phone assessment, through diagnostic studies, diagnosis, and treatment plan. The Nurse Navigation utilizes the nursing process, including assessment, diagnosis, planning, implementation, and evaluation to navigate new patients through the intake and evaluation process to treatment plan. The Nurse Navigator utilizes effective assessment skills and clinical knowledge to evaluate whether the patient's condition makes them an appropriate candidate for travel and treatment. The Nurse Navigator serves as a liaison between the patient and family, primary care physician, internal and external care providers, specialists, and referring providers. The Nurse Navigator acts in compliance with hospital site (ATL, CHI, CAL, PHX) and enterprise policies/procedures as well as the state specific Nurse Practice Act.The successful candidate:Must be able to work Monday - Friday, 8 hour shifts between 7a-7p, Pacific Standard Time.Uncover and assess cancer treatment history which includes diagnosis, type of treatment, names and addresses of treating physicians and or facilities. Works closely with OIS representatives and new patient schedulers when evaluating patient's appropriateness for visiting the organization. Upon initial visit, interview patients and meets with them to ascertain clinical appropriateness to receive care at affiliated facilities, as well as clinical appropriateness for any clinical trials. Complete preadmission clinical evaluations and makes recommendations assessing the patient's needs related to the medical diagnosis, treatment providers, treatment options and financial resources. Ensure proper and timely documentation in patient's EMR and all outside records, imaging is received and current for evaluation. Follow patient through treatment decision to ensure there are no gaps in care to keep the patient moving timely through to treatment decision, resolving barriers as they arise.Promote inter and intra departmental collaboration, nurture relationships with others and is viewed positively by co-workers. Respond appropriately to negativity, seeks to promote understanding and mutual achievement of goals. Strong orientation toward services excellence. Utilize brand platform for consistent deployment of services. Seek opportunities for organization improvement, consistently apply thinking to departmental operations to enhance or improve services. Demonstrate an orientation toward achievement and professional growth, actively seek and initiate self-improvement through continuing education and/or participation in work projects that offer developmental challenges.Facilitate and/or assist with admissions via the intake process. Collaborate and develop plans of care (huddles) with teams from intake, medical oncology, specialty clinics and CAM ensuring the patient is educated on the proposed plan of care. Provide clarity and address concerns the patient and family may have. Facilitate multi-disciplinary patient education to ensure a thorough understanding of the proposed plan of care. Act as liaison between Oncology Information Services (OIS) and the Medical Center care providers in all aspects of service recovery anticipating the needs of the patient. Facilitate a positive interaction between OIS and the Medical Center to ensure optimum attention to the Mother Standard of Care.Carry own share of responsibility and willingly help others. Support the goals of the department and participates in department performance improvement. Attend required staff meetings. Plan workflow to assure timely completion of relevantresponsibilities.Ensure that encounters are documented, new chart is complete and contains necessary items for physician.Apply problem solving techniques to the intake evaluation process. Plan workflow to assure timely completion of relevantresponsibilities.Ensure that new chart is complete and contains necessary items for physician. Assess special travel needs and work closely with support staff to ensure all details are coordinated for the upcoming patient visit.Demonstrate knowledge of patient safety goals relevant to the work environment. Demonstrate knowledge of hospital variance reporting system and appropriate management procedures for unexpected occurrences. Demonstrate appropriate response to organizational disaster codes. Complete annual department Hazardous Communications Training. Complete required CE Direct. Consistently follow organizational guidelines for effective hand hygiene. As indicated, follow guidelines for standard and transmission-based precautions.Adhere to facility policies and procedures including assisting in maintaining the Joint Commission standards.QualificationsYour qualifications should include:Graduate of an accredited school of nursingState-issued Registered Nursing (RN) license. Successful completion an...",https://ctca.wd1.myworkdayjobs.com/CancerCenter_Careers/job/Remote/RN-Patient-Navigator--REMOTE_JR-18538?utm_source=remotenurseconnection&utm_medium=jobboard,"Clinical Coordinator | Navigator, Entry Level, Oncology & Hematology, Registered Nurse | RN",Remote Nurse Connection,2026-07-16T11:00:37.249932
"CLINICAL SPECIALIST (RN), EDUCATION",OpenLoop,2026-07-09,Remote,On-site,Full-time,Days,Must Be Licensed In: State Of Residency,$0 - $0 Salary,"Reporting to the Sr. Clinical Specialist (NP), the Clinical Specialist RN will support the development, implementation, and continuous improvement of clinical education programs, onboarding systems, and provider readiness initiatives. This role blends clinical expertise with operational and technical proficiency to ensure high-quality, scalable training experiences for providers. While this position is non-patient-facing, it requires active clinical judgment, strong knowledge of care delivery workflows, and the ability to translate clinical processes into effective educational content and systems. The Clinical Specialist RN will play a key role in maintaining clinical accuracy across training materials, supporting onboarding workflows, and contributing to program and update readiness. What You'll Do Onboarding & Clinical Education Support Assist in the maintenance and optimization of clinical onboarding modules within the Learning Management System Ensure training materials reflect current practices, workflows, and platform capabilities Support provider readiness by monitoring metrics and feedback related to onboarding and training activities. Monitor designated communication channels to identify, triage, or escalate clinical or technical onboarding issues Training Content & Clinical System Updates Maintain and update clinical documentation and training materials across verticals and clients Translate clinical workflows, regulatory requirements, and platform updates into clear, user-friendly educational materials Assist in development of new training resources related to clinical initiatives, workflow enhancements, or product updates Support knowledge base management Client Launch Preparation Support Support the Sr. Clinical Specialist (NP) in coordinating required and supplemental materials for client launch preparedness Collaborate with cross-functional teams to ensure clinical readiness for go-live Collaboration & Communication Participate in reg",https://app.nursefern.com,Education,NurseFern,2026-07-16T11:03:06.556883
CLINICAL APPEALS NURSE - FULL TIME REMOTE - JEFFERSON HEALTH,,2026-07-09,Remote,On-site,Full-time,Days,Must Be Licensed In: Pennsylvania,$0 - $0 Salary,"Reviews payor denials and audits for potential lost revenue. Writes comprehensive, factual arguments to present to third-party payers, medical review boards, or other responsible parties applying clinical criteria to establish medical necessity. Functions as a hospital liaison with external third-party payors to appeal denied claims. Works closely with Physician advisor team to facilitate appeals to payors. Monitors and reports payor trends to management team. Job Description Clinical Appeals Nurse - Full Time Remote - Jefferson Health Articulates the job's main responsibilities. This is not intended to be an exhaustive list of all essential functions or all duties performed. The essential functions listed below and percentage of time may vary between departments and locations, and are subject to change based on management discretion and organizational needs. Other responsibilities may be assigned at the discretion of management to meet organizational needs. Creates an appeal letter to uphold the procedure based on medical policy guidelines of the payor and the documentation found in the hospital/physician information system. Facilitates write off accounts that cannot provide adequate medical necessity or documentation for the payor to meet their guidelines. Investigates and coordinates completion of patient records required to retrospectively precertify accounts and appeal insurance denials. Contacts insurance companies and conducts appeals via telephone or email. Coordinates appeals that need a physician's input for the payor and writes off claims that have no further appeal rights. Identifies areas for revenue loss due to documentation or processes not being reimbursable thru payors. Ensures that all appeals are sent to the correct payor within the appeal guidelines. Ensures compliance with regulatory and accrediting requirements. Reviews claim documentation and pulls supporting medical documentation from the system to support the medical policy guidelines o",https://app.nursefern.com,"Utilization Review & Management (UR/UM), Denials & Appeals",NurseFern,2026-07-16T11:03:08.723279
RISK MANAGEMENT PROFESSIONAL 2 (LICENSED NURSE REQUIRED),Humana,2026-07-09,Remote,On-site,Full-time,Days,"Must Be Licensed In: State Of Residency, Any State, United States","$65,000 - $88,600 Salary","The Risk Management Professional 2 is responsible for leading and executing quality audits within the CenterWell Utilization Management (UM) program, ensuring compliance with regulatory requirements, including CMS and NCQA standards. This role is heavily focused on audit accuracy, data analysis, and identification of risks and trends, with an emphasis on leveraging Power BI and Power Apps to support audit processes, reporting, and performance monitoring. The successful candidate will bring deep expertise in clinical criteria and regulatory guidance (e.g., Medicare Manuals, NCDs, LCDs, coverage policies, MCG) and demonstrate a strong passion for quality and continuous improvement. This role requires the ability to translate audit findings into meaningful insights, identify root causes, and support program audit readiness from a clinical and research-based perspective. An active, unrestricted Registered Nurse (RN). Key Responsibilities Conduct comprehensive quality audits of UM activities to ensure adherence to regulatory standards (CMS, NCQA) and organizational policies Evaluate clinical decision-making and appropriate application of criteria across inpatient, outpatient, home health, and post-acute services Leverage Power BI to develop, maintain, and interpret dashboards reporting audit outcomes, performance trends, and risk areas Utilize Power Apps to support audit workflows, tracking, and data collection processes Analyze audit results to identify risks, trends, and patterns, and clearly communicate findings to leadership Perform root cause analysis to determine drivers of opportunities, inconsistencies, and compliance gaps Demonstrate strong familiarity with clinical criteria sources, including: Medicare Manuals National Coverage Determinations (NCDs) Local Coverage Determinations (LCDs) Plan coverage policies MCG guidelines Support program audits (CMS, NCQA) by contributing clinical insight, validating documentation, and ensuring audit readiness from a regula",https://app.nursefern.com,"Utilization Review & Management (UR/UM), Quality",NurseFern,2026-07-16T11:03:10.849892
NURSE CLINICAL LEAD - PROVIDER EDUCATION,Humana,2026-07-09,Remote,On-site,Full-time,Days,"Must Be Licensed In: State Of Residency, Any State, United States","$104,000 - $143,000 Salary","The Nurse Clinical Lead reports to, and partners closely with, the National Medical Director, Risk Adjustment and Stars. They support corporate and regional strategies for provider success in Medicare Stars, Risk-Adjustment (MRA), and Interoperability. This individual provides clinical and coding expertise and serves a vital individual contributor role. They provide clinical guidance for programs, policies, and educational materials to optimize provider performance in these domains. Key responsibilities for the Nurse Clinical Lead include the following: Inform clinical strategy and increase adoption of Humana's Stars, MRA, and Interoperability programs Serve as a clinical coding expert, which may include working through escalations on coding disputes, policy development or refinement, and coordination and education with providers or Humana associates Serve as a clinical consultant and subject-matter expert in MRA and Stars across the Quality and Cost Strategy organization Serve as the first-line clinical resource as appropriate for the MRA, Stars, and Interoperability teams Co-develop internal and external provider education materials for MRA, Stars, Utilization Management and Trend Educate and train market associates Provide Clinical Support to Provider Education, Communication, and Strategy teams -also reporting to the National Medical Director, Risk Adjustment and Stars Use your skills to make an impact Required Qualifications: Registered Nurse (RN) At least 5 years of clinical experience in a healthcare setting Medical Coding Certification (CPC or equivalent) Strong knowledge of Medicare Risk Adjustment Strong knowledge of Medicare Stars Significant experience educating and influencing the behavior of healthcare providers Proven track-record of driving provider practice improvement, including in MRA and Stars Exceptional communication and interpersonal skills with the ability to quickly build rapport at all levels within an organization Preferred Qualificat",https://app.nursefern.com,Quality,NurseFern,2026-07-16T11:03:12.946459
NURSE PRACTITIONER - NATIONAL AFTER-HOURS TEAM - PART TIME - LA LICENSED,Curana,2026-07-09,Remote,On-site,Part-time,,Must Be Licensed In: Louisiana,$0 - $0 Salary,"At Curana Health, we're on a mission to radically improve the health, happiness, and dignity of older adults-and we're looking for passionate people to help us do it. As a national leader in value-based care, we offer senior living communities and skilled nursing facilities a wide range of solutions (including on-site primary care services, Accountable Care Organizations, and Medicare Advantage Special Needs Plans) proven to enhance health outcomes, streamline operations, and create new financial opportunities. Founded in 2021, we've grown quickly-now serving 200,000+ seniors in 1,500+ communities across 32 states. Our team includes more than 1,000 clinicians alongside care coordinators, analysts, operators, and professionals from all backgrounds, all working together to deliver high-quality, proactive solutions for senior living operators and those they care for. Ranked #147 on the Inc. 5000 list of America's fastest-growing private companies, we're just getting started. If you're looking to make a meaningful impact on the senior healthcare landscape, you're in the right place-and we look forward to working with you. For more information about our company, visit CuranaHealth.com. Summary At Curana Health, we are committed to supporting the health, dignity, and comfort of residents in senior living communities. Our National After-Hours Call Team plays a vital role by providing compassionate telephonic care and clinical direction during evenings, nights, weekends, and holidays-ensuring that residents receive timely, high-quality support without unnecessary transfers. In this work-from-home role, you'll deliver after-hours care virtually (primarily by phone) to aging residents across multiple states. This position offers both autonomy and purpose-you'll be the trusted voice and clinical partner helping residents and facility staff during critical times, making an immediate impact in the lives of older adults. The ideal Provider is comfortable",https://app.nursefern.com,Telehealth,NurseFern,2026-07-16T11:03:15.061017
REMOTE BILINGUAL NURSE CARE COORDINATOR,,2026-07-08,Remote,On-site,Full-time,Days,Must Be Licensed In: Compact,"$52,000 - $62,000 Salary","As a Care Coordinator Nurse, you are responsible for providing care coordination for Medicaid, Medicare Advantage, and/or Dual Eligible Special Needs Plan (DSNP) members. You will create a positive experience for members by building trusted relationships with each member. This includes helping members access the right care at the right time with the health plan, providers, pharmacies, other vendors, and community-based organizations. You will assess and work with members to address both their medical and social needs (SDOH). Job Requirements: Licensed Practical Nurse (LPN) or Registered Nurse (RN) (license must be valid, unrestricted, and multi-state compact) Must be fluent in Spanish and English 2+ years experience as a care coordinator, case manager, community health worker, pharmacy technician, or social worker Must be located in the Central Time Zone (CST) Dedicated home office for remote work 1+ years of remote work experience Experience working with Medicaid and/or Dual Eligible patients Strong interpersonal, communication (both verbal and written), and problem-solving skills Experience with discharge planning Experience working with customers over the phone and by text message. Experience with Apple computers (i.e., MacBook) preferred Experience documenting case notes in a care management or electronic health record platform Experience with motivational interviewing Key Responsibilities Conduct outreach to motivate, facilitate, and educate members about the benefits of programs. Conduct assessments of the member's status and develop a care plan with the member to address their goals. Assessments are conducted by telephone and/or text. Evaluate individual member care needs and communicate medical information to health care professionals. Manage a caseload of members to ensure expedient contact is made with each member. Facilitate coordination of care with providers and schedule appointments as needed. Motivate members to be active and engaged participan",https://app.nursefern.com,Case Management (CM),NurseFern,2026-07-16T11:03:17.170149
MEDICAL MANAGEMENT - MEDICAL REVIEW EXAMINER NURSE 135-1009,,2026-07-08,Remote,On-site,Full-time,Days,Must Be Licensed In: Oklahoma,$0 - $0 Salary,"The Medical Review Examiner Nurse is responsible for auditing provider and facility claims. Identifying issues related to and/or participates in various projects aimed at identifying areas of non-compliance and/or potential fraud, waste and abuse, as it relates to provider billing practices. KEY RESPONSIBILITIES: Review claims by requesting medical records and other documents to evaluate for clinical appropriateness, coding compliance and validity of charges. Document ineligible charges and provide communications internally for claims processing and externally to providers. Provide review of complex claims for further research meeting the MRE ""pend"" criteria. Collaborate with Medical Director and/or other departments (and resources) to make claim determinations. Maintain tracking database including self-audit for quality control. Compile and analyze data and prepare routine reports as assigned. Identify trends and formulate recommendations based on findings. Suggest opportunities for special study. Serve as an internal resource to provider services, contracting, claims, medical management, configuration, and appeals & grievances. Provide guidance as it relates to clinical appropriateness of services. Participate in provider education upon request. Maintain files of MRE records. Participate in special projects and audits as assigned. QUALIFICATIONS: Extensive knowledge of ICD-9, ICD-10, HCPS, CPT-4 codes. Able to work independently and meet stringent deadlines. Successful completion of Health Care Sanctions background check. Proficiency in claims processing software and Microsoft applications. Possess strong oral and written communication skills. EDUCATION/EXPERIENCE: Current, active, unrestrictive license to practice as Registered Nurse (RN) or Licensed Practical Nurse (LPN) in the State of Oklahoma. Associates Degree required; Bachelor's Degree preferred. Five years of work experience in hospital, clinic or health plan clinical operations (for example",https://app.nursefern.com,Quality,NurseFern,2026-07-16T11:03:19.264009
SR. QUALITY OF CARE REVIEW NURSE,Oscar Medical Group,2026-07-08,Remote,On-site,Full-time,Days,Must Be Licensed In: State Of Residency,"$83,628 - $109,761.75 Salary","Clinical Quality programs are designed to enhance clinical outcomes and concierge-level service to our members, through review of services provided to members from network healthcare providers, facilities and Oscar employees. The Senior Clinical Quality Nurse drives clinical performance through the quality auditing and clinical quality of care review process for the departments they serve. The Clinical Quality Nurse serves as a peer mentor and a consultant, working collaboratively with team members to implement audit programs that reflect department goals and key performance indicators, meeting all regulatory and organizational requirements. You will report into the Nurse Manager, Quality of Care. Work Location: This is a remote position, open to candidates who reside in: Arizona; Florida; Georgia; or Texas. While your daily work will be completed from your home office, occasional travel may be required for team meetings and company events. #LI-Remote Pay Transparency: The base pay for this role is: $83,628 - $109,761.75 per year. You are also eligible for employee benefits, participation in Oscar's unlimited vacation program and annual performance bonuses. Responsibilities: Perform quality audits of internal and external member, provider and delegated vendor interactions; guide interrater reliability(IRR) assessments, supporting evidence-based clinical decision-making and workflow adherence Investigate provider and facility quality of care concerns, identifying and escalating negative performance trends for corrective action Consult with company partners to ensure that programs developed meet changing organizational needs while following accreditation and regulatory requirements Present quality and performance trend data to organizational partners, delegates and quality subcommittees as applicable; Collaborate on corrective action plans to address identified gaps Compliance with all applicable laws and regulations Other responsibilities as assigned Requirement",https://app.nursefern.com,"Utilization Review & Management (UR/UM), Quality",NurseFern,2026-07-16T11:03:21.361760
RN-CLINICAL INFORMATICIST,SSM Health,2026-07-08,Remote,On-site,Full-time,Days,Must Be Licensed In: Missouri,$0 - $0 Salary,"It's more than a career, it's a calling. MO-REMOTE Worker Type: Regular Job Summary: Analyzes, manages and communicates health information through clinical information systems and applications, supporting all service lines within a ministry or region. Uses excellent customer service skills to train and support business users in key operations. Supports existing functionality within the Epic system and other integrated clinical systems through problem-solving and educational skills. Utilizes a strong understanding of Epic software, operational workflows, and policies supporting the business. Job Responsibilities and Requirements: PRIMARY RESPONSIBILITIES Assists in the design and promotion of EHR and clinical application projects. Communicates and promotes the use of informatics knowledge to team members. Handles more complex problem solving. Understands workflows and systems. Identifies opportunities for system or process enhancements. Assists in identifying and addressing workflow gaps to improve efficiencies, solve complex issues and incorporate quality measures. Communicates and promotes the use of informatics knowledge to clinical team members and other individuals by presenting and discussing approaches to safe patient centered care. Uses continuous improvement principles to facilitate change management improving quality and process efficiencies through technology. Builds collaborative relationships by rounding and attending local meetings as requests. Participates in and supports new department/clinic/hospital installations. Communicates clearly, openly and efficiently to insure correct use of the EHR and timely resolution of day-today issues including support of downtime processes. Provides hands-on EHR and clinical application support in a hospital or clinic environment. Assists with promotion and adoption of clinical technologies that advance efficient practice and achieve desired outcomes. Provides effective and efficient onsite or phone support to op",https://app.nursefern.com,Nursing Informatics,NurseFern,2026-07-16T11:03:23.466599
NURSE PRACTITIONER,,2026-07-08,Remote,On-site,Contract,,"Must Be Licensed In: State Of Residency, Any State",$50 - $65 Hourly,"Blueberry is on a mission to make high quality pediatric care available to everyone. In this role, you will join a wonderful community of physicians who are fueled by that mission and have the opportunity to help build our inaugural team of nurse practitioners. Our practitioners love being a part of Blueberry for three key reasons: They get to practice high-quality, evidence based medicine Their voices matter and shape the future of pediatric telehealth They may be home alone, but they never feel alone. We are a community of clinicians who help each other out! Who You Are: A board certification Pediatric Nurse Practitioner (PNP) or Family Nurse Practitioner (FNP) with significant pediatric clinical experience, with an active license in at least (1) state You are responsible and self-motivated. We do not micromanage. You uphold Blueberry's values. You are committed to making sure that every parent has a great experience and every child gets great care. You are empathetic. You do a great job of making parents feel heard and understood. You are a person of integrity. We do not prescribe just to satisfy parents.. We practice evidence based medicine. We expect all Blueberry clinicians to uphold that bar. You are a collaborative partner to other medical staff and our customer support team, with whom you will work to ensure holistic patient care Role Details, Schedule & Shift Expectations***: 1099 Contract You will work 70-80 hours per month Shifts are typically 4-8 hour blocks of time 20% of time expected to be on weekends You are expected to work all shift times evenly Evening and weekend shifts split fairly among group Expanded shift times and overnight hours may be needed in the future You are eligible to earn extra income via contributing during surge times, marketing efforts, and other opportunities ***As a young company, growth requires change. Flexibility will be needed. Holidays: Major holidays - Must work 1 of 3 major holidays (rotating bas",https://app.nursefern.com,Telehealth,NurseFern,2026-07-16T11:03:25.566640
Remote - Psychiatric Mental Health Nurse Practitioner - Telehealth Addiction & Mental Health Care,Affect,2026-07-07,,Remote,Contract,Contract Employee,Remote,,"Affect is transforming behavioral health care by combining mobile technology with counseling and medical services, offering 100% virtual treatment. We break down barriers to care, making it more accessible and effective for our members.Our innovative approach integrates a smartphone app with a dedicated care team to deliver real-time, data-driven treatment for better outcomes and lower costs.About the Role:As a PMHNP, you'll play a key role in member care alongside a collaborative team of counselors, therapists, peer support specialists, and case managers. You'll provide evidence-based treatment for individuals with substance use disorders and mental health disorders.Affect specializes in substance-specific care. We prescribe Suboxone for Opioid Use Disorder and do not prescribe other controlled substances. While we provide extensive training in our treatment approach, clinical decisions remain at the provider's discretion in collaboration with the member.You must hold an active, unrestricted license in Illinois.We have a full-time and part-time opportunity in Illinois!Key Responsibilities:Conduct initial and follow up telehealth evaluationsDeliver care for both substance use and mental health conditions.Prescribe medications as appropriate and answer member questions.Complete documentation in our EHR (Healthie).Collaborate with your care team and attend occasional scheduled team meetings.Requirements:Active and verifiable PMHNP license (Medicaid enrollment is a plus) in the state(s) where you practice, as well as your state of residence if it is not Illinois.At least 2 years of experience, ideally in addiction or mental health treatment. We will consider relevant previous experience for those with less than 2 years experience as a PMHNP.Experience prescribing Suboxone and active DEA registration.Willingness to obtain multi-state licensure (cost covered by Affect).Empathy for members facing behavioral health challenges.Comfort using technology, including EHRs and mobile apps.Additional Information:You'll need a quiet, private office with a reliable internet connection for HIPAA-compliant telehealth visits. The role may include periodic meetings with internal teams; reasonable accommodations are available as needed.Why Join Affect?We are passionate about reimagining behavioral health treatment. Join a mission-driven team focused on meaningful work, offering competitive compensation, remote flexibility, professional growth, and a strong, supportive culture.Be part of the mission. Help us reshape the future of substance use disorder and mental health care!",https://job-boards.greenhouse.io/joinaffect/jobs/5287996008?gh_src=s6litg768us,"Advanced Practice Nurse, Entry Level, Psych | Behavioral Health | Mental Health, Sponsored, Triage | Telehealth",Remote Nurse Connection,2026-07-16T11:00:35.364159
Psychiatric Mental Health Nurse Practitioner - Oregon - Telehealth Addiction & Mental Health Care,Affect,2026-07-07,"Oregon, United States",Remote,Contract,Contract Employee,Remote,,"Affect is transforming behavioral health care by combining mobile technology with counseling and medical services, offering 100% virtual treatment. We break down barriers to care, making it more accessible and effective for our members.Our innovative approach integrates a smartphone app with a dedicated care team to deliver real-time, data-driven treatment for better outcomes and lower costs.About the Role:As a PMHNP atAffect, you will play a key role in member care alongside a team of counselors, therapists and case managers. You'll provide evidence-based treatment for individuals with substance use disorders and mental health disorders.We do not prescribe controlled substances other than Suboxone for the treatment of Opioid Use Disorder. Affect provides extensive training on evidence-based approaches to treatment, though medication decisions are ultimately made at the provider's discretion in collaboration with the member.You must hold an active, unrestricted license in Oregon and live in the state full time.We have full-time and part-time opportunities in Oregon!Key Responsibilities:Conduct initial and follow up telehealth evaluations.Deliver care for both substance use and mental health conditions.Prescribe medications as appropriate and answer member questions.Complete documentation in our EHR (Healthie).Collaborate with your care team and attend occasional scheduled team meetings.Requirements:Active and verifiable PMHNP license (Medicaid enrollment is a plus) in the state(s) where you practice, as well as your state of residence if it is not Oregon.At least 2 years of experience, ideally in addiction or mental health treatment. We will consider relevant previous experience for those with less than 2 years experience as a PMHNP.Experience prescribing Suboxone and active DEA registration.Willingness to obtain multi-state licensure (cost covered by Affect).Empathy for members facing behavioral health challenges.Comfort using technology, including EHRs and mobile apps.Additional Information:You'll need a quiet, private office with a reliable internet connection for HIPAA-compliant telehealth visits. The role may include periodic meetings with internal teams; reasonable accommodations are available as needed.Why Join Affect?We are passionate about reimagining behavioral health treatment. Join a mission-driven team focused on meaningful work, offering competitive compensation, remote flexibility, professional growth, and a strong, supportive culture.Be part of the mission. Help us reshape the future of substance use disorder and mental health care!",https://job-boards.greenhouse.io/joinaffect/jobs/5251176008?gh_src=h5drmf0g8us,"Advanced Practice Nurse, Entry Level, Psych | Behavioral Health | Mental Health, Sponsored, Triage | Telehealth",Remote Nurse Connection,2026-07-16T11:00:35.480108
PERINATAL NURSE NAVIGATOR,,2026-07-06,Remote,On-site,Full-time,Days,Must Be Licensed In: Texas,$0 - $0,"Are you passionate about the patient experience? At HCA Healthcare, we are committed to caring for patients with purpose and integrity. We care like family! Jump-start your career as a Perinatal Nurse Navigator today with Medical City Arlington. This position is on-site at our Medical City Arlington location in Arlington, TX and will focus on our Perinatal patients. Job Summary and Qualifications As a Nurse Navigator, you will function as a member of the multidisciplinary team and serve as an advocate and educator for patients with all types of medical conditions. You will be responsible for supporting patients through complex healthcare environments for the optimization of care and outcomes. You will facilitate patient follow-up through coaching, information transfer, and communication to improve continuity of care, enhance the medical management of complex diseases, and streamline the intervention process. You will also guide patients and families through the healthcare system by assisting with access issues to expedite the timeliness of care and treatment. You will achieve this goal by building relationships with patients and physicians, coordinating the defined plan of care, assisting with appointments, assisting in resolving barriers, providing education, and connecting with community resources. You will also assume responsibility and accountability for the management of resources to achieve efficient, high-quality outcomes for patients, including support with interdisciplinary and cross-facility coverage and collaboration. You are responsible for timely data collection that promotes tracking of the navigation program performance in line with HCA Healthcare, division, and facility goals (growth, quality, practice guidelines, etc). What you will do in this role: Serves as a patient advocate Assesses the patient's medical and psychosocial needs as they pertain to their primary medical or surgical condition for navigation Uses appropriate tools to identify pa",https://app.nursefern.com,Case Management (CM),NurseFern,2026-07-16T11:03:31.876005
REMOTE TRIAGE NURSE (FULL-TIME),Diana Health,2026-07-06,Remote,On-site,Full-time,,Must Be Licensed In: Tennessee,$0 - $0 Salary,"We are looking for a full-time LPN passionate about all aspects of women's health to provide direct patient care as part of an interdisciplinary care team and to serve as the first line of communication with patients in our clinical phone and messaging triage during office hours. The ideal candidate thrives in a busy practice, loves women's health and building relationships with patients, is an excellent problem-solver and communicator, and is able to multi-task easily. Bilingual skills preferred with a preference for Spanish language, open to other languages. What you'll do Patient Care Act as the first line of call in clinical communications for patients, within guidelines/protocols Administer injections and medications Provide direct clinical care as needed for minor check in visits or lab draws Provide supporting paperwork and education for patients Support clinic visits as appropriate and per training when needed Administrative Support the everyday flow of clinic acting as back up support for MA Maintaining logs Cleaning of rooms as needed and sterilization of instruments Obtaining and transcribing patient medical records Additional workflow items as the need arises Qualifications Current certification as a Tennessee Licensed Practical Nurse 2+ years of experience in an outpatient preferred Excellent communication, interpersonal, and organizational skills Strong computer skills and familiarity with EMRs Lactation certification (IBCLC, CLC, CLE) preferred, but not required Bilingual, Spanish skills preferred Benefits Competitive compensation Health; dental & vision, with an HSA/FSA option 401(k) with employer match Paid time off Paid parental leave Diana Health Culture Having a growth mindset and striving for continuous learning and improvement Positive, can do / how can I help attitude Empathy for our team and our clients Taking ownership and driving to results Being scrappy and resourceful",https://app.nursefern.com,Triage,NurseFern,2026-07-16T11:03:33.981538
MEMBER SERVICES TEAM LEAD - MEDICATION ACCESS & SUPPORT PROGRAMS,Maven,2026-07-06,Remote,On-site,Full-time,,Must Be Licensed In: United States,"$89,000 - $105,000 Salary","Maven is seeking a Team Lead to support frontline associates working on a new medication access and pharmacy supported care program. This is a player coach role focused on real time execution, coaching, and first line escalation. You will be closely embedded in daily operations, ensuring queues are healthy, issues are resolved quickly, and associates are supported as they navigate complex pharmacy and insurance workflows. This role is ideal for someone with strong operational instincts who enjoys being close to the work and developing others. The Member Services team supports members 7 days a week; shift availability will vary. What You'll Do: Real Time Execution & Queue Ownership Own real time execution during assigned shifts across chat and phone queues. Monitor queue health, coverage, and workload distribution to ensure timely responses. Step in directly to handle complex cases or volume spikes as needed. Team Leadership & Coaching Serve as day to day support for a team of Member Services Associates. Provide real time coaching on judgment calls, prioritization, and handling ambiguous cases where no clear script exists. Conduct quality reviews and deliver clear, actionable feedback. Support onboarding and ramping of new hires. Escalations & Issue Resolution Act as the first line escalation point for pharmacy and insurance issues including missing information, coverage rejects, routing questions, and fulfillment delays. Partner with internal teams to resolve escalated member issues while maintaining non clinical boundaries. Ensure appropriate handling and escalation of safety concerns or sensitive disclosures. Operational Excellence Ensure consistent execution of SOPs, scripts, and workflows. Identify breakdowns in workflows and flag patterns or risks to leadership. Help test, roll out, and reinforce new workflows, macros, or tooling changes. Support team performance across response time, resolution quality, and member satisfaction. Minimum Qualifications",https://app.nursefern.com,,NurseFern,2026-07-16T11:03:36.084875
RN - Patient Care Coordinator - Union Hospital Terre Haute,Vituity,2026-07-05,"Terre Haute, IN, United States",On-site,Regular | Perm Employee,Regular | Perm Employee,ON-SITE,$33.05 - $41,"Terre Haute, IN - Seeking RN Patient Care CoordinatorEverybody Has A Role To Play In Transforming HealthcareAt Vituity you are part of a larger team that is driven by our purpose to improve lives. We are dedicated to transforming healthcare through our culture by working together to tackle healthcare's most pressing challenges from the inside.Join the Vituity Team.At Vituity we've cultivated an environment where passion thrives, and success comes through shared purpose. We were founded in a culture that values team accomplishments more than individual achievements, an approach we call ""culture of brilliance."" Together, we leverage our strengths and experiences to make a positive impact in our local communities. We foster this through shared goals and helping our colleagues succeed, and we also understand the importance of recognition, taking the time to show appreciation and gratitude for a job well done.Vituity Locations:Vituity has opportunities at 900 practices across the country, serving 14.5+ million patients a year. With Vituity, if you ever need to move, you can take your job with you.The OpportunityCollaborate with the multidisciplinary healthcare teams to develop comprehensive care plans tailored to individual patient needs and preferences.Collaboration in interdisciplinary meetings to discuss patient progress, treatment plans, and discharge planning.Conduct routine rounds to assess patient status, identify emerging issues, and address immediate care needs.Collaborate with physicians, specialists, and other healthcare providers regarding the plan of care with a focus on discharge planning.Actively participate in plan of care meetings to facilitate communication amongst the patient care multidisciplinary team.Act as a liaison between the provider group and other members of the health care team with a focus on Case Management and nursing allowing the provider to function at the highest level of the scope of their role.Collaborate with members of the patient care team in the patient discharge planning process for safe discharge planning and optimal patient outcome.Assist in tracking the provider team's metric performance to support contract retention and incentive metric capture.Assist in identifying and mitigating barriers to discharge by working with all members of the multidisciplinary care team.Facilitate communication as a point of contact for the provider team with other disciplines.Foster effective communication and collaboration among healthcare team members to promote seamless care delivery.Serve as a resource and mentor for nursing staff, providing guidance on best practices in patient care coordination and rounding.Communicate with patients and families in a clear, empathetic manner, addressing questions, concerns, and preferences sensitively.Collaborate with case managers, social workers, and community resources to facilitate post-discharge care transitions and continuity of care.Participate in quality improvement initiatives and interdisciplinary committees to enhance patient care processes and outcomes.Promote and maintain the mission, values, and culture of Vituity.Provide leadership in assessing common or overlapping needs and identify opportunities for consolidation or optimization in delivery.Advise colleagues and leadership in navigating and utilizing Vituity resources to implement products and services as needed.Provide leadership, planning, implementation, and management of performance and quality improvement programs that help assess and improve operational performance, contract stability, patient satisfaction, financial viability, and knowledge dissemination for the practice line.Collaborate with leadership on project objectives and deliverables.Support incentive structures related to finance and quality.Promote and maintain the mission, values, and culture of Vituity.Required Experience and CompetenciesCurrent licensure as a Registered Nurse in the state of practice required.Minimum of 2-3 years of clinical nursing experience in a healthcare setting, with demonstrated proficiency in care coordination and direct patient care required.Comprehensive understanding of nursing principles, procedures, and practices relevant to patient care coordination.Proficiency in assessing patient needs, developing care plans, and implementing interventions to promote optimal health outcomes.Strong organizational skills and attention to detail, with the ability to prioritize tasks and manage multiple responsibilities effectively.Excellent interpersonal and communication skills, with the ability to interact professionally with patients, families, and healthcare team members.Proficiency in electronic health record systems and other healthcare technology platforms.Commitment to continuous learning and professional development in the field of nursing and care coordination.Leadership qualities to inspire and motivate team members, foster a collaborative work environment, and promote a culture of excell...",https://click.appcast.io/t/cL-QxFC1dXU1H02deG5ntgtyc_Nyi1F28tk2MIw_aSB7A2_64om-gaYbH1k8WwOA,"Clinical Coordinator | Navigator, Entry Level, Registered Nurse | RN, Sponsored",Remote Nurse Connection,2026-07-16T11:00:35.631252
"CA BASED LICENSED NURSE CARE MANAGER, ADULT",Included Health,2026-07-03,Remote,On-site,Full-time,Days,Must Be Licensed In: California,$35.43 - $50 Hourly,"We're looking for California Based Nurse Care Managers for our Care and Case Management team, who resides in California and holds a CA RN license; have experience working with a health plan, health navigator or third-party administrator (TPA). Are passionate about caring for members holistically through their healthcare journey and ensuring needs are met with industry-leading interventions. As a telephonic Nurse Care Manager you will report to the Manager, Care and Case Management and will guide members through complex medical and behavioral Health situations, partnering with a diverse clinical team that includes a variety of healthcare professionals, care coordinators, and records specialists, to deliver integrated remote care in a creative way. The Nurse Care Manager should enjoy spending time on the phone, listening to members' needs, answering questions, and serving as an advocate. You will excel at creating cohesive care plans, and have the clinical skills to guide members clinically and navigate available benefits and resources. Nurse Care Managers will support members through complex care management, disease management, and acute case management, ensuring they receive longitudinal care that results in excellent health outcomes. #LI-Remote Responsibilities: Deliver coordinated, patient-centered virtual Care Management by telephone or video that improves members' health outcomes. Create impactful care plans together with members and our diverse care team, and help members achieve the desired goals. Help members navigate complex medical conditions, treatment pathways, benefits, and the healthcare system in general. Partner with the members' local providers to ensure coordinated care. Provide compassionate, longitudinal follow-up care, building supportive relationships. Assist throughout acute healthcare episodes, such as hospitalizations and rehabilitation stays, providing coordinated Case Management to support the member and their family. Coordinate necessary r",https://app.nursefern.com,Case Management (CM),NurseFern,2026-07-16T11:03:38.178839
NURSE NAVIGATOR FIND PROGRAM-REMOTE OPPORTUNITY,Trinity Health,2026-07-03,Remote,On-site,Full-time,Days,Must Be Licensed In: Michigan,$0 - $0 Salary,"Employment Type: Full time Shift: Description: POSITION PURPOSE Facilitates communication and coordinates care with the patient, primary and specialty care physician, and hospital departments on standardized care pathways. Ensures the availability, access, and timeliness of services to optimize quality of care, coordination, and patient experience. Provides evaluation, education, coordination, and referral to patients identified with an incidental radiological finding with recommended follow-up. Works collaboratively with other FIND/LCS staff. ESSENTIAL FUNCTIONS Knows, understands, incorporates and demonstrates the mission, vision and values of Trinity Health in leadership, behaviors, practices and decisions. Ensures all patients that are identified with incidental and/or unexpected findings with recommended follow-up are contacted and offered the option of the recommended follow-up. Provides personalized nurse navigation interventions to patients who request additional information, assessment and/or referral. This includes assessment of patient educational level, barriers to learning and other psychosocial factors that may impede remarkable care. Ensures provider time is utilized efficiently by ensuring appropriate follow-up intervals are recommended for incidental and/or unexpected findings and that duplicate follow-up requests are avoided. Supports provider decision making by: Directing patients to the correct provider based on the recommendation for follow-up of incidental and/or unexpected findings. Assisting PCPs in ensuring their patients get appropriate follow-up for incidental and/or unexpected findings at intervals specifically recommended by the radiologist. Obtaining additional imaging for incidental and/or unexpected findings only at the specific request of the PCP. Provides education and navigation through the follow-up process. Providing referral and education based on care deemed appropriate. Utilizes the availab",https://app.nursefern.com,Case Management (CM),NurseFern,2026-07-16T11:03:40.279817
Care Coordinator Nurse Bilingual,86Borders,2026-07-02,,Remote,Regular | Perm Employee,Regular | Perm Employee,Remote,"$52,000 - $62,000","DepartmentCare CoordinationEmployment TypeFull-TimeMinimum ExperienceMid-levelCompensation$52,000 - $62,000As a Care Coordinator Nurse, you are responsible for providing care coordination for Medicaid, Medicare Advantage, and/or Dual Eligible Special Needs Plan (DSNP) members. You will create a positive experience for members by building trusted relationships with each member. This includes helping members access the right care at the right time with the health plan, providers, pharmacies, other vendors, and community-based organizations. You will assess and work with members to address both their medical and social needs (SDOH).Job Requirements:Licensed Practical Nurse (LPN) or Registered Nurse (RN) (license must be valid, unrestricted, and multi-state compact)Must be fluent in Spanish and English2+ years experience as a care coordinator, case manager, community health worker, pharmacy technician, or social workerMust be located in the Central Time Zone (CST)Dedicated home office for remote work1+ years of remote work experienceExperience working with Medicaid and/or Dual Eligible patientsStrong interpersonal, communication (both verbal and written), and problem-solving skillsExperience with discharge planningExperience working with customers over the phone and by text message.Experience with Apple computers (i.e., MacBook) preferredExperience documenting case notes in a care management or electronic health record platformExperience with motivational interviewingKey ResponsibilitiesConduct outreach to motivate, facilitate, and educate members about the benefits of programs.Conduct assessments of the member's status and develop a care plan with the member to address their goals. Assessments are conducted by telephone and/or text.Evaluate individual member care needs and communicate medical information to health care professionals.Manage a caseload of members to ensure expedient contact is made with each member.Facilitate coordination of care with providers and schedule appointments as needed. Motivate members to be active and engaged participants in their health and overall well-being.Identify and help address needs related to Social Determinants of Health.Coordinate and complete correspondence according to established workflows.Thoroughly and accurately document actions taken in a care management platform.Make a high volume of outreaches to members, families, providers, or other recipients as needed to successfully perform the role.Ability To:Work effectively in a multi-cultural setting with a wide range of populations in a diverse community, while demonstrating knowledge and continued learning of the assigned community's cultures and values.Be an advocate for, support, and motivate members to manage their health and healthcare.Maintain positive working relationships with members and their families, providers, and other external partners.Build trust, actively listen, intentionally communicate, collaborate, and problem-solve.Influence others toward positive outcomes.Show passion for helping people improve their lives.Move forward after setbacks or difficult interactions with members, using setbacks as learning opportunities for personal and professional growth.Schedule:8-hour shift during normal business hours, according to the assigned contractFive days per week, Monday - FridayWork Location:Remote (must be in Central Time (CST))Benefits:Competitive compensation packages401(k) with employer matchingMedical, dental, and vision insurance, including a 100% employer-paid optionPaid time off, paid sick time off, and paid holidaysRemote workComprehensive training and development100% employer-paid short-term disability, long-term disability, and basic life insuranceHealth Savings Plan with employer contributionsEmployee assistance program (EAP)",https://86borders.bamboohr.com/careers/74,"Case Management | Care Management, Clinical Coordinator | Navigator, Licensed Practical Nurse | LPN | LVN, Registered Nurse | RN, Sponsored",Remote Nurse Connection,2026-07-16T11:00:35.755267
CLINICAL TRIAGE RN,,2026-07-02,Remote,On-site,Full-time,Days,"Must Be Licensed In: Compact, Texas",$0 - $0 Salary,"Harbor Health is seeking a compassionate, detail-oriented, and clinically strong Registered Nurse to join our centralized clinical triage team. In this role, you will use your nursing judgment, evidence-based protocols, and clinical decision-support tools to assess member symptoms, determine appropriate dispositions, provide patient education, and escalate urgent concerns - all in support of a seamless, safe member experience across our Texas markets. You will work collaboratively with our clinical practice team to deliver exceptional care that aligns with our mission of transforming healthcare through our payvider model. POSITION DUTIES & RESPONSIBILITIES Clinical Triage & Queue Management Monitor assigned Athena and Twilio work queues according to established priority rules Manage live and non-live triage requests, including member calls, portal messages, clinic requests, refill-related symptom concerns, and other routed clinical concerns Match calls and tasks to the correct Athena patient case; identify duplicate, incomplete, or misrouted cases Prioritize work based on clinical urgency, member safety risk, and approved workflow standards Nursing Assessment & Disposition Conduct clinical assessments of member symptoms, history, current condition, and reported concerns Use approved triage protocols, clinical decision-support tools, and nursing judgment to determine appropriate care recommendations Confirm key member information including chief complaint, symptom onset, patient location, and callback number Identify red flags, worsening symptoms, high-risk presentations, or unclear clinical scenarios requiring escalation Determine appropriate triage outcomes: emergency care, same-day care, routine follow-up, home care guidance, or provider escalation Member Education & Care Coordination Provide clear, understandable member education aligned with approved clinical protocols Communicate return precautions, safety-net instructions, and guidance for the appropria",https://app.nursefern.com,Triage,NurseFern,2026-07-16T11:03:42.378904
"CLINICAL GUIDE, RN (PART TIME)",Rightway,2026-07-02,Remote,On-site,Part-time,,Must Be Licensed In: Compact,$34 - $40.86 Hourly,"Under the general supervision of the Clinical Lead, the Telehealth Triage (RN) performs clinical triage, condition support, care planning, clinical education, and care coordination functions in supporting Rightway members with navigating, accessing, and best managing their care needs. The Telehealth Triage (RN) also serves as a trusted advisor for appropriately directing care to high-quality providers with the objective of improving clinical outcomes while also reducing healthcare costs e.g. minimizing ED or other unnecessary care visits while increasing utilization of more appropriate care settings, such as primary care doctors. WHAT YOU'LL DO: Clinical triage to assess the severity of the patient's health concerns using evidence-based protocols and algorithms in directing care to the right healthcare resource in a timely manner without compromising quality or safety Clinical navigation support includes but is not limited to: condition education, care options, and planning, care compliance, medication adherence, shared decision support, and care coordination Appropriately leverages input and direction from the Rightway provider to determine the best clinical options for those more complex patient health care needs. Accurately documents symptoms/complaints, nursing assessment, the guidance provided, and member/caller response. Acts in the best interest of the member by being a health advocate and supporter in the member's healthcare journey. Proactive outreach engagement of high-risk, rising-risk, and gap in care members and assists them in making the necessary lifestyle and behavior changes. Coordinates the completion of screening services in high-risk patients by providing care management and adherence follow-up and care coordination support. Member's trusted healthcare advisor, member experience and retention focus e.g. longitudinal care education, guidance, and support Develops effective collaboration and working relationships across the Navigation team",https://app.nursefern.com,Triage,NurseFern,2026-07-16T11:03:46.577623
"RN - BED CONTROL / TRANSFER CENTER, NIGHTS",Piedmont,2026-07-02,Remote,On-site,Full-time,Nights,Must Be Licensed In: Georgia,$0 - $0,"Overview: The Bed Control/Transfer Center Registered Nurse (BCTC RN) coordinates and assigns all beds at Piedmont Atlanta Hospital (PAH). They are also responsible for evaluating, coordinating, processing, screening, and documentation of patient transfers into PAH. The BCTC RN collaborates with physician offices, emergency department, inpatient units, surgical services and procedural areas to facilitate patient flow and provide optimum service to all patients and physicians. At times the BCTC RN must assess patients for the most appropriate level of immediate care and optimal bed placement. BCTC RN utilizes problem solving and customer service skills to determine the best course of action for the patient, the physician, and the hospital by working closely with facility House Supervisors, referring physicians, ED/inpatient staff and administration. Responsibilities: The Bed Control/Transfer Center Registered Nurse (BCTC RN) coordinates and assigns all beds at Piedmont Atlanta Hospital (PAH). They are also responsible for evaluating, coordinating, processing, screening, and documentation of patient transfers into PAH. The BCTC RN collaborates with physician offices, emergency department, inpatient units, surgical services and procedural areas to facilitate patient flow and provide optimum service to all patients and physicians. At times the BCTC RN must assess patients for the most appropriate level of immediate care and optimal bed placement. BCTC RN utilizes problem solving and customer service skills to determine the best course of action for the patient, the physician, and the hospital by working closely with facility House Supervisors, referring physicians, ED/inpatient staff and administration. Qualifications: Education Bachelors Degree of Science in Nursing (BSN) Required Work Experience 3 years to 5 years of experience working as a Registered Nurse in an acute care setting Required Experience in critical care or emergency/trauma Preferred Proficient with EPIC",https://app.nursefern.com,,NurseFern,2026-07-16T11:03:48.695296
RN - PHONE TRIAGE - HOSPICE - EVENINGS/NIGHTS,Mercy,2026-07-02,Remote,On-site,Full-time,"Evenings, Nights",Must Be Licensed In: Missouri,$0 - $0 Salary,"The Registered Nurse (RN) is responsible for providing skilled professional nursing care to assigned terminally ill patients in their place of residence, as prescribed by the physician and in compliance with the standards of the State Nurse Practice Act. Performs duties and responsibilities in a manner consistent with our mission, values, and Mercy Service Standards. Position Details: Mercy Hospice RN Intake Nurse - St Louis  Remote RN Opportunity - Non-Patient Contact Role | Must Reside Within 1 hour of a Mercy Hospital Evening/Night Shift - Mon-Thur - 40 hours a week - Shift: 4:30 PM - 8:00 AM We are seeking a compassionate and dedicated Hospice RN to join our team for an evening/night shift. This position runs from 4:30 PM to 8:00 AM, providing critical support to our patients and team. What to Expect: Primary Hours of Activity: Most work will occur between 4:30 PM and 10:00 PM. Overnight Coverage: From 10:00 PM to 8:00 AM, the workload is typically lighter and consists mainly of urgent needs. This role is ideal for nurses who value autonomy and want to make a meaningful impact during critical hours while enjoying a predictable schedule. Incentives and Benefits: Full Time (40 hrs. per week), Evenings/Nights Evening and Night Differential Tuition Reimbursement up to $2,000 for continuing education RN to BSN Education Assistance - up to $16,000 Day-one, Comprehensive Health (medical, dental & vision insurance) Flexible scheduling Work life balance Autonomous work Family friendly Annual Merit raise - based on performance Paid Time Off (PTO) Annual contribution of $100 per month to eligible co-workers enrolled in the Dependent Care FSA Paid parental leave for new parents Life Insurance & AD&D Pharmacy Coverage Extended Sick Bank (ESB) 401(k) with employer match Future career growth! Mercy Hospice provides expectational service and compassionate care to individuals at the end of their lives. Our nurses enjoy an autonomous way of prov",https://app.nursefern.com,Triage,NurseFern,2026-07-16T11:03:50.797147
"DSNP RN I, PCA/MDC",Horizon Blue Cross Blue Shield,2026-07-02,Remote,On-site,Full-time,Days,Must Be Licensed In: New Jersey,"$70,500 - $94,395 Salary","Horizon Blue Cross Blue Shield of New Jersey empowers our members to achieve their best health. For over 90 years, we have been New Jersey's health solutions leader driving innovations that improve health care quality, affordability, and member experience. Our members are our neighbors, our friends, and our families. It is this understanding that drives us to better serve and care for the 3.5 million people who place their trust in us. We pride ourselves on our best-in-class employees and strive to maintain an innovative and inclusive environment that allows them to thrive. When our employees bring their best and succeed, the Company succeeds. About the Role This position is responsible for performing assessments for PCA and MDC services using established guidelines and assessments to ensure appropriate level of care and services are authorized. What You'll Do Assesses patient's clinical need against established guidelines and/or standards to ensure that the services provided are medically appropriate to members needs and aligned with benefit structure. Evaluates the necessity, appropriateness and efficiency of service provided. Develops, coordinates and assists in implementation of services to meet the needs of the members. Coordinates with patient, family, physician, hospital and other external customers with respect to the appropriateness of care from diagnosis to outcome. Coordinates the delivery of high quality, cost-effective care supported by clinical practice guidelines established by the plan addressing the entire continuum of care. Monitors patient's medical care activities, regardless of the site of service, and outcomes for appropriateness and effectiveness. Advocates for the member/family among various sites to coordinate resource utilization and evaluation of services provided. Refers members to MLTSS when appropriate. Educates members on the availability of SNP if appropriate. Documents accurately and comprehensively based on the stand",https://app.nursefern.com,Case Management (CM),NurseFern,2026-07-16T11:03:54.996107
"REGISTERED NURSE, CLINICAL DELIVERY",Care Access,2026-07-01,Remote,On-site,Full-time,Days,Must Be Licensed In: Compact,"$70,000 - $100,000 Salary","The Registered Nurse, Clinical Delivery (RN) in this role will manage the communication of critical and abnormal lab results to patients, ensuring compliance with state licensure requirements. This includes contacting patients, documenting communications, following up on lab escalations, and collaborating with providers to ensure all patient interactions are appropriately managed and documented. This role is also responsible for patient education, ensuring patients understand their lab results and any necessary next steps in their care, as well as providing study specific information that is tailored to the patient. Furthermore, they serve as a point of escalation for the Member Services team, addressing complex inquiries related to lab results and assisting in the resolution of patient concerns by providing clinical insights and ensuring patients receive accurate information and appropriate follow-up. The RN will liaise with the Clinical Conduct Team to investigate and resolve issues related to duplicate lab results or other concerning findings, as advised by the Medical Director. Lastly, they will assist in training and educating the Member Services team to improve patient interactions and enhance service quality. This role is critical in ensuring timely patient communication and maintaining compliance with clinical and legal standards. How You'll Make An Impact Receive and Review Lab Results from Pre-screening Program: Autonomously evaluate flagged abnormal, urgent, or critical lab findings to prepare them for patient communication, ensuring accuracy and timeliness. Patient Communication: Proactively contact patients to discuss abnormal and critical lab outcomes. Ensure focused and uninterrupted communication, adhering to protocols while delivering only legally permissible information within the RN scope of practice. Use communication techniques to convey complex medical information clearly in a way non-medical patients will understand. Understand that the resu",https://app.nursefern.com,"Case Management (CM), Triage, Telehealth",NurseFern,2026-07-16T11:03:59.193289
REGISTERED NURSE-INITIAL CLINICAL REVIEWER (PRIOR UM HEALTH PLAN EXPERIENCE)- REMOTE,Blue Cross Blue Shield of Arizona,2026-07-01,Remote,On-site,Full-time,Days,Must Be Licensed In: Arizona,$0 - $0 Salary,"This remote work opportunity requires residency, and work to be performed, within the State of Arizona. Purpose of the job Responsible for identifying, researching, processing, resolving, and responding to inquiries from internal and external customers with emphasis on excellence, privacy, compliance and versatility within the health insurance industry. Qualifications REQUIRED QUALIFICATIONS Required Work Experience 2 years of experience in clinical field of practice, health insurance, or other health care related field Required Education Associate's Degree in general field of study or Post High School Nursing Diploma or Certification (LPN only) from an approved program Required Licenses Active, current, and unrestricted license to practice in the State of Arizona (or an endorsement to work in Arizona) as a behavioral health professional such as LCSW, LPC, LISAC LMFT, or licensed psychologist (Psy.D. or Ph.D.), OR an active, current, and unrestricted license to practice nursing in either the State of Arizona or another state in the United States recognized by the Nursing Licensure Compact (NLC) as an RN, OR an active, current, and unrestricted license to practice in the State of Arizona as an LPN. Required Certifications N/A PREFERRED QUALIFICATIONS Preferred Work Experience 3 years of experience in clinical field of practice, health insurance, or other health care related field Preferred Education Bachelor's Degree in Nursing or related field of study Preferred Licenses Active, current, and unrestricted license to practice in the State of Arizona (a state in the United States) as a Registered Nurse Preferred Certifications N/A ESSENTIAL job functions AND RESPONSIBILITIES Identify, research, process, resolve and respond to customer inquiries and correspondence via telephone, written communication and/or in person. Answer a diverse and high volume of health insurance related customer calls or correspondence on a daily basis. Analyze medical records and appl",https://app.nursefern.com,Utilization Review & Management (UR/UM),NurseFern,2026-07-16T11:04:05.560594
BH UM CLINICAL REVIEWER- REMOTE AZ,Blue Cross Blue Shield of Arizona,2026-07-01,Remote,On-site,Full-time,Days,Must Be Licensed In: Arizona,$0 - $0 Salary,"This remote work opportunity requires residency, and work to be performed, within the State of Arizona. Purpose of the job Responsible for identifying, researching, processing, resolving and responding to inquiries from internal and external customers with emphasis on excellence, privacy, compliance and versatility within the health insurance industry. This job description is primary for utlization management functions but can assist with care management if a business need arises. Qualifications REQUIRED QUALIFICATIONS Required Work Experience 2 year(s) of experience in clinical field of practice, health insurance, or other health care related field Required Education Associate's Degree in general field of study or Post High School Nursing Diploma or Master's Degree in a behavioral health field of study (i.e., MSW, MA, MS, M.Ed.), Ph.D. or Psy.D. Required Licenses Active, current, and unrestricted license to practice in the State of Arizona (or an endorsement to work in Arizona) as a behavioral health professional such as LCSW, LPC, LISAC LMFT, or licensed psychologist (Psy.D. or Ph.D.), OR an active, current, and unrestricted license to practice nursing in either the State of Arizona or another state in the United States recognized by the Nursing Licensure Compact (NLC) as an RN. Required Certifications N/A PREFERRED QUALIFICATIONS Preferred Work Experience 3 year(s) of experience in clinical field of practice, health insurance, or other health care related field 1-2 year (s) of experience working in a managed care organization Preferred Education Bachelor's Degree in Nursing or related field of study Preferred Licenses Active, current, and unrestricted license to practice in the State of Arizona (a state in the United States) as a Registered Nurse Preferred Certifications N/A ESSENTIAL job functions AND RESPONSIBILITIES Identify, research, process, resolve and respond to customer inquiries and correspondence via telephone, written communication and/or in",https://app.nursefern.com,Utilization Review & Management (UR/UM),NurseFern,2026-07-16T11:04:07.672497
SR NURSE - CLIN. EDUCATION,,2026-07-01,Remote,On-site,Full-time,Days,Must Be Licensed In: State Of Residency,"$80,000 - $95,000 Salary","WNS, part of Capgemini, is an Agentic AI-powered leader in intelligent operations and transformation, serving more than 700 clients across 10 industries, including Banking and Financial Services, Healthcare, Insurance, Shipping and Logistics, and Travel and Hospitality. We bring together deep domain excellence - WNS' core differentiator - with AI-powered platforms and analytics to help businesses innovate, scale, adapt and build resilience in a world defined by disruption. Our purpose is clear: to enable lasting business value by designing intelligent, human-led solutions that deliver sustainable outcomes and a differentiated impact. With three global headquarters across four continents, operations in 13 countries, 65 delivery centers and more than 66,000 employees, WNS combines scale, expertise and execution to create meaningful, measurable impact. Job Description * Conducts training for staff members pertaining to Utilization Review process, clinical rules/guidelines, client/module/modality-specific workflows, and software enhancements * Creates educational material for review tiers by collaborating with key resources across departments to ensure clinical scenarios are properly incorporated into the educational content * Partners with Workforce Planning to develop training schedules conducive to achieving desired program specific outcomes * Proactively identifies targeted improvement opportunities * Partners with Human Resources and Clinical Operation leaders to highlight possible concerns amongst staff * Conducts focused training to ensure that all staff are properly educated on HealthHelp policies and clinical processes * Reviews monthly quality audit findings and conducts one-on-one coaching with staff to assist with resolving issues related to education and adherence to process and/or client-specific directives * Leverages tools and methodologies to assess the effectiveness of educational content and delivery * Advises Leadership",https://app.nursefern.com,Education,NurseFern,2026-07-16T11:04:09.786008
RESOURCE RN - POP HEALTH - UP TO 90% REMOTE - MUST HAVE AN ACTIVE IL LICENSE.,Cityblock,2026-06-30,Remote,Hybrid,Full-time,Days,Must Be Licensed In: Illinois,"$71,000 - $90,500 Salary","Key Requirements & Schedule Active Registered Nurse (RN) license in the state of Illinois required Willingness to obtain cross-licensure in Michigan Schedule: Monday-Friday, 7:30 AM - 4:00 PM CST (8:30 AM - 5:00 PM EST) The Resource RN provides nursing support to members with low-acuity, short-term clinical needs. This role does not carry an assigned member panel; instead, the Resource RN works from a task-based queue to address targeted clinical needs. Responsibilities include providing clinical education, delivering focused interventions, and supporting care transitions following inpatient or emergency department visits. Care is delivered virtually and in person, as appropriate. The Resource RN also conducts chart reviews and evaluates clinical data to identify members who may require higher levels of care management or short-term clinical intervention. Key Responsibilities Outreach to members while admitted inpatient or after inpatient or emergency department discharge to conduct focused transitions of care assessments. Outreach to case managers for members that are admitted inpatient to assist with discharge planning as needed. Complete self-efficacy and condition-specific screeners including behavioral health tools like PHQ-9, GAD-7, AUDIT, or DAST-10, to identify members requiring behavioral health programming. Conduct in-person clinical exams if appropriate and collaborate with care team members to determine if a different intensity program placement is needed. Conduct comprehensive medication reconciliation and address contracted and company-prioritized quality gaps, ensuring proper chart documentation and appropriate ICD or CPT coding as evidence of gap closure. Triage referrals from the Population Health Partner for short term clinical interventions and chronic disease management. Meet members in various community settings such as homes,shelters, or hospitals, serving as an extender of care team providers and performing tasks like administering",https://app.nursefern.com,,NurseFern,2026-07-16T11:04:11.895765
DAYTIME NEONATAL ICU/PERINATAL NURSE - (9A-6P EST),Pomelo Care,2026-06-30,Remote,Hybrid,Full-time,Days,Must Be Licensed In: Compact,"$78,000 - $83,000 Salary","Your North Star: Provide and facilitate amazing patient-centered clinical care to our NICU patients and their families. For families navigating the complexities of a NICU stay and the critical transition home, you are their expert clinical guide and reassuring presence. As a NICU/Perinatal Nurse at Pomelo, you will leverage your deep clinical expertise to provide a layer of virtual support to supplement the in-person care of both the birthing parent and their NICU baby. You will do more than just answer questions; you will actively teach, assess, triage, and intervene to build parent confidence and prevent complications. This role is a unique opportunity to use your NICU nursing skills in a flexible, impactful way, helping to ensure the safest possible transition from hospital to home for our most vulnerable patients. **We are currently hiring for the following FT Daytime hours: M-F 9am-6pm EST. Please note that holiday coverage is also expected on a rotating basis.** Reporting to the Nurse Lead, and working closely with the Pomelo NICU Support Team, your key responsibilities will include: Coordinating holistic family support by seamlessly connecting parents to our dedicated specialists, resource partners, and pediatric providers to ensure they are fully supported throughout the NICU journey and prepared for a safe discharge. Ongoing clinical and psychosocial assessment of new patients, providing reassurance and building rapport Establishing individualized care plans to meet specific health needs based on evidence-based standards Developing wellness goals by determining motivating factors and leveraging them for best possible health outcomes Identifying and addressing barriers to care that have been identified by patients and/or the care team. Reducing care gaps (missed appointments, medication management, etc.) by frequent engagements with patient Assessing the need for and educating patients on the equipment they will use to monitor their health remotely",https://app.nursefern.com,"Case Management (CM), Triage",NurseFern,2026-07-16T11:04:14.002895
INTEGRATED CARE MANAGER - MEDICARE ADVANTAGE (PRIOR CM EXPERIENCE WORKING IN A HEALTH PLAN)- REMOTE,Blue Cross Blue Shield of Arizona,2026-06-30,Remote,Hybrid,Full-time,Days,Must Be Licensed In: Arizona,$0 - $0 Salary,"This remote work opportunity requires residency, and work to be performed, within the State of Arizona. Purpose of the job Responsible for promoting continuity of care through a collaborative process that assesses, plans, implements, coordinates, monitors, and evaluates care options and services available to members through their benefit plan that meet the individuals' health care needs while promoting quality, cost effective outcomes. This job description is primary for case management functions but can assist with utilization management if a business need arises. Qualifications REQUIRED QUALIFICATIONS Required Work Experience 2 year(s) of experience in full-time equivalent of direct clinical care to the consumer Required Education Associate's Degree in general field of study or Post High School Nursing Diploma or Master's Degree in a behavioral health field of study (i.e., MSW, MA, MS, M.Ed.), Ph.D. or Psy.D Required Licenses Active, current, and unrestricted license to practice in the State of Arizona (or an endorsement to work in Arizona) as a behavioral health professional such as LCSW, LPC, LISAC LMFT, or licensed psychologist (Psy.D. or Ph.D.), OR an active, current, and unrestricted license to practice nursing in either the State of Arizona or another state in the United States recognized by the Nursing Licensure Compact (NLC) as an RN. Required Certifications Within 4 years of hire as a Care Manager employee must hold a certification in case management from the following certifications; Certified Case Manager (CCM), Certified Disability Management Specialist (CDMS), Case Management Administrator, Certified (CMAC), Case Management Certified (CMC), Certified Rehabilitation Counselor (CRC), Certified Registered Rehabilitation Counselor (CRRC), Certified Occupational Health Nurse (COHN), Registered Nurse Case Manager (RN, C), or Registered Nurse Case Manager (RN,BC). PREFERRED QUALIFICATIONS Preferred Work Experience 3 year(s) of experience in full-t",https://app.nursefern.com,Case Management (CM),NurseFern,2026-07-16T11:04:16.105469
REGISTERED NURSE - ICU - NIGHTS,Avel eCare Critical Care,2026-06-29,Remote,Hybrid,Full-time,"12hr shifts, Nights","Must Be Licensed In: State Of Residency, Any State",$0 - $0 Salary,"General Hours of Work: Nights, 12-hour shifts with weekend and holiday rotation Exempt/Nonexempt: Non-Exempt (hourly) Department/Unit: Acute Inpatient- ICU/Hospitalist Hours/FTE: 36 hours per week/.9 FTE Reports To: Supervisor- RN SUMMARY: Avel eCare Critical Care is a remote monitoring and management system. It networks multiple critical care sites into a central Avel Critical Care center. The Avel Critical Care RN is responsible for monitoring critical care patients and assisting inpatient bedside teams to respond to individual patient needs. They provide support and act as a resource for the bedside teams. The Avel Critical Care nurse uses the ANA Standards of Clinical Nursing Practice and the Nursing Process as they collaborate with bedside providers. The Avel Critical Care RN utilizes independent and interdependent nursing judgment in their practice. ESSENTIAL FUNCTIONS: Assessment: Collects patient health data. Diagnosis: Analyzes the assessment data in determining nursing diagnoses/problem focus. Outcome Identification: Identifies expected outcomes/goals individualized to the patient. Planning: Develops a plan of care that prescribes interventions to attain expected outcomes. Implementation: Implements the interventions identified in the plan of care. Evaluation: Evaluates the patient's progress toward attainment of the outcomes. Quality of Care: Systemically evaluates the quality and effectiveness of nursing practice. Performance Appraisal: Evaluates his/her own nursing practice in relation to professional practice standards and relevant statutes and regulations. Education: Acquires and maintains current knowledge in nursing practice. Collegiality: Contributes to the professional development of peers, colleagues and others. Ethics: Decisions and actions on behalf of clients are determined in a manner consistent with the ANA's code of ethics. Collaboration: Collaborates with the patient, significant others and health care provid",https://app.nursefern.com,"Virtual Care, Remote Patient Monitoring (RPM)",NurseFern,2026-07-16T11:04:18.218268
CLINICAL INTAKE/TRIAGE NURSE- REMOTE,Ria Health,2026-06-29,Remote,Hybrid,Full-time,,"Must Be Licensed In: Compact, California",$0 - $0 Salary,"Our Clinical Intake/ Triage Nurse works in collaboration with both admissions and clinical teams to support positive patient onboarding and follow-up care outcomes to the Ria Health program. This remote role will work in the Pacific Time Zone. Principal Duties and Responsibilities: Welcomes patients to our program/complete screening for AUD (alcohol use disorder) and determines if appropriate for the program as according to addiction screening tools. Prompt the patient to download the Ria app and sign in to Zoom Educates patients on breathalyzer use and frequency Educates patients on Ria Health Medication Formulary and use of Anti-Craving medications, expectations/side effects. Completes Initial Nursing Intake and enters data into Ria Health EMR for clinicians to review. Completes scheduling of First Medical Appointment and Coach Intake Appointment Completes additional screening examinations Performs assessments on patients experiencing symptoms Communicates frequently with the Ria Health providers Competencies Comprehensive Assessment: Conduct thorough evaluations, including withdrawal risk assessments. Clinical Knowledge: Understand addiction pharmacology and harm reduction strategies. Patient Education: Provide information on treatment plans and medication-assisted therapies. Interdisciplinary Collaboration: Coordinate with healthcare teams for integrated care. Education/Experience: RN, Preference will be given to candidates who have a compact license and California license. Additional licenses for other/ all 50 state licenses a bonus. 3-5 years of experience related to the clinical scope, addiction medicine experience preferred Preferred telemedicine experience of at least one year. Tech-savvy and understands the importance of data security. Provide excellent nursing care and enjoy communicating with patients through video, messaging, and phone calls. Assists in the virtual clinic with other duties as assigned Other Qualifications",https://app.nursefern.com,Triage,NurseFern,2026-07-16T11:04:20.310179
SENIOR CASE MANAGER (RN),Arlo,2026-06-29,Remote,Hybrid,Full-time,Days,Must Be Licensed In: State Of Residency,"$90,000 - $110,000 Salary","Most of what makes American healthcare expensive isn't medical care. It's the machinery wrapped around it: middlemen taking a cut, fraud nobody stops, and billing systems designed to fight over payment instead of deliver care. The result is higher premiums, denied claims, surprise bills, and a system patients increasingly experience as adversarial. Arlo is rebuilding health insurance for small businesses from first principles: making sure as much of every premium dollar as possible goes to care instead of getting absorbed by the system around it. We do that by identifying fraud earlier, steering members toward higher-quality and lower-cost care, automating operational overhead, and eliminating vendors whose business exists mostly to take a cut. AI is the foundation that makes this work. We use it across underwriting, operations, clinical programs, and member experience to build an insurer that becomes more efficient as the technology improves. We're already operating at meaningful scale: profitable, hundreds of millions in premiums, tens of thousands of members covered, and growing quickly through brokers, employers, and partners. Backed by Upfront Ventures, 8VC, and General Catalyst, with a team from Palantir, YC companies, and longtime healthcare operators. About the Role We're hiring our first Senior Case Manager to own the medical journeys of our members. You'll review claims data, prior authorizations, and admission/discharge feeds to spot members who need help, then work directly with them and their providers to make sure the right care happens at the right time. This is a role for an experienced RN who can think clinically, communicate warmly, and operate independently - equal parts clinical judgment and hands-on coordination. You'll be a foundational member of our clinical team, with real influence over how we build our case management program from the ground up. What you will do Review claims, prior auth requests, and ADT (admission/discharge/transfer",https://app.nursefern.com,"Case Management (CM), Utilization Review & Management (UR/UM)",NurseFern,2026-07-16T11:04:22.417843
