job_title,company,date_posted,location,remote_status,employment_type,schedule,license_requirements,salary_range,job_description,apply_link,specialties,source_site,scraped_at
"CARE ALLY, RN CASE MANAGER (HYBRID ROLE)",Curana,2026-06-19,Remote,Hybrid,Full-time,Days,Must Be Licensed In: Virginia,$0 - $0 Salary,"The Care Ally, Case Manager is a key member of the interdisciplinary care team (ICT). They use a collaborative process of assessment, planning, implementing, coordinating, monitoring, and evaluating options and services required to meet the members health and social needs. They act as a liaison between our Members, their Responsible Parties and/or Power of Attorneys (RP/POAs), Advance Plan Provider/PCP, and key Align Senior Care stakeholders. The Care Ally, Case Manager reports to the Supervisor of Case Management. Essential Duties & Responsibilities Responsibilities Executes on strategies and goals set by the Align Senior Care Board of Directors, the Senior Leadership Team, and Executive Director for managing and improving overall Member experience. Contacts Plan members to conduct a comprehensive health assessment of the individual, develop a plan of care, and participate in the facilities interdisciplinary care team meeting. Serves as health coach to educate the member, the family and/or caregiver, about disease status and treatment, plan benefits, community resources, and resource options Collaborates with members of the interdisciplinary care team and medical director(s) to facilitate appropriate treatment for members Routinely follows up with member as scheduled to assess progress towards goals Communicates with the member and/or caregiver to assist with the development of health goals and identify interventions to achieve these goals Provide patient-centered intervention, such as making and verifying appointments, performing medication and care compliance initiatives. Acts as front-line support with Members and their RP/POAs to ensure the needs of the Member are met. Serves as a connection point among Members, their Communities, their Care Team, and Align Senior Care internal departments. Regularly engages Align Senior Care Members and RP/POAs in-person or by phone to provide education and assistance with utilizing Align Senior Care benefits. Including but",https://app.nursefern.com,Case Management (CM),NurseFern,2026-06-20T11:20:15.273853
APPEALS NURSE (RN) ANALYST,Johns Hopkins,2026-06-19,Remote,Remote,Full-time,Days,Must Be Licensed In: Maryland,$36.31 - $56.28 Hourly,"Requisition #:667278 Location:Johns Hopkins Health Plans, Hanover, MD 21076 Category:Nursing Schedule:Day Shift Employment Type:Full Time Position Summary: Responsible for the timely review and resolution of clinical appeals submitted by providers and members across all lines of business. Communicates appeal determinations in accordance with regulatory requirements and serves as a clinical resource to support non-clinical staff with administrative denials and coding-related appeals. Maintains accurate tracking of appeals through logs, databases, and reporting tools. Education: Graduate of an accredited school of nursing required; BSN preferred. Licensure/Certification: Current Registered Nurse (RN) license in the State of Maryland required. Experience: Minimum of three (3) years of acute care nursing experience required. Prior experience within a health insurance or payer environment strongly preferred, including case management, utilization management, appeals, or claims processing. Experience participating in quality improvement initiatives is a plus. Salary Range: Minimum 36.31/hour - Maximum 56.28/hour. Compensation will be commensurate with equity and experience for roles of similar scope and responsibility. In cases where the range is displayed as a $0 amount, salary discussions will occur during candidate screening calls, before any subsequent compensation discussion is held between the candidate and any hiring authority. The Hospital reserves the right to modify employee schedules as needed. We are committed to creating a welcoming and inclusive environment, where we embrace and celebrate our differences, where all employees feel valued, contribute to our mission of serving the community, and engage in equitable healthcare delivery and workforce practices. Johns Hopkins Health System and its affiliates are drug-free workplace employers. Johns Hopkins Health System and its affiliates are an Equal Opportunity employer. All qualified applicants will rec",https://app.nursefern.com,"Utilization Review & Management (UR/UM), Denials & Appeals, Quality",NurseFern,2026-06-20T11:20:17.361273
ICU CLINICAL DOCUMENTATION INTEGRITY REGISTERED NURSE RN- HYBRID,Conifer,2026-06-19,Remote,Hybrid,Full-time,Days,Must Be Licensed In: Alabama,$0 - $0 Salary,"HYBRID ROLE MUST LIVE WITHIN 1 HOUR OF BIRMINGHAM, AL JOB SUMMARY Responsible for reviewing medical records to facilitate and obtain appropriate physician documentation for any clinical conditions or procedures to support the appropriate severity of illness, expected risk of mortality, and complexity of care of the patient, by improving the quality of the physicians' clinical documentation. Exhibits a sufficient knowledge of clinical documentation requirements, MS-DRG Assignment, and clinical conditions and/or procedures. Educates members of the patient care team regarding documentation guidelines, including the following: attending physicians, allied health practitioners, nursing, and case management. ESSENTIAL DUTIES AND RESPONSIBILITIES Include the following. Others may be assigned. 1. Record Review: *Completes initial medical records reviews of patient records within 24-48 hours of admission for a specified patient population to: (a) evaluate documentation to assign the principal diagnosis, pertinent secondary diagnoses, and procedures for accurate MS-DRG assignment, risk of mortality and severity of illness; and (b) record in business partner designated CDI tool and/or host medical record system. *Conducts follow-up reviews of patients every 24-48 hours or as needed up through discharge to support assigned working MS-DRG assignment upon patient discharge, as necessary. *Formulate physician queries regarding missing, unclear, or conflicting health record documentation by requesting and obtaining additional documentation within the health record, as necessary. *Collaborates with providers, case managers, nursing staff and other ancillary staff regarding documentation and to resolve physician queries prior to discharge. 2.CDI *Communicates/Completes Clinical Documentation Integrity (CDI) activities and coding issues (lacking documentation, physician queries, etc.) for appropriate follow-up, provider education and DRG Miss-Match reconciliation. *Assis",https://app.nursefern.com,Clinical Documentation Integrity (CDI),NurseFern,2026-06-20T11:20:19.478687
CDI CLINICAL DOCUMENTATION INTEGRITY REGISTERED NURSE RN- HYBRID,Conifer,2026-06-19,Remote,Hybrid,Full-time,Days,Must Be Licensed In: Alabama,$0 - $0 Salary,"HYBRID ROLE MUST LIVE WITHIN 1 HOUR OF Anniston, AL JOB SUMMARY Responsible for reviewing medical records to facilitate and obtain appropriate physician documentation for any clinical conditions or procedures to support the appropriate severity of illness, expected risk of mortality, and complexity of care of the patient, by improving the quality of the physicians' clinical documentation. Exhibits a sufficient knowledge of clinical documentation requirements, MS-DRG Assignment, and clinical conditions and/or procedures. Educates members of the patient care team regarding documentation guidelines, including the following: attending physicians, allied health practitioners, nursing, and case management. ESSENTIAL DUTIES AND RESPONSIBILITIES Include the following. Others may be assigned. 1. Record Review: *Completes initial medical records reviews of patient records within 24-48 hours of admission for a specified patient population to: (a) evaluate documentation to assign the principal diagnosis, pertinent secondary diagnoses, and procedures for accurate MS-DRG assignment, risk of mortality and severity of illness; and (b) record in business partner designated CDI tool and/or host medical record system. *Conducts follow-up reviews of patients every 24-48 hours or as needed up through discharge to support assigned working MS-DRG assignment upon patient discharge, as necessary. *Formulate physician queries regarding missing, unclear, or conflicting health record documentation by requesting and obtaining additional documentation within the health record, as necessary. *Collaborates with providers, case managers, nursing staff and other ancillary staff regarding documentation and to resolve physician queries prior to discharge. 2.CDI *Communicates/Completes Clinical Documentation Integrity (CDI) activities and coding issues (lacking documentation, physician queries, etc.) for appropriate follow-up, provider education and DRG Miss-Match reconciliation. *Assists",https://app.nursefern.com,Clinical Documentation Integrity (CDI),NurseFern,2026-06-20T11:20:21.561610
CLINICAL DOCUMENT SPECIALIST I PRN,AdventHealth,2026-06-19,Remote,Remote,PRN/Per Diem,Days,Must Be Licensed In: Florida,$31.82 - $59.17 Salary,"Joining AdventHealth is about being part of something bigger. It's about belonging to a community that believes in the wholeness of each person, and serves to uplift others in body, mind and spirit. AdventHealth is a place where you can thrive professionally, and grow spiritually, by Extending the Healing Ministry of Christ. Where you will be valued for who you are and the unique experiences you bring to our purpose-minded team. All while understanding that together we are even better. Schedule: PRN Shift: Day (United States of America) Address: 301 MEMORIAL MEDICAL PKWY City: DAYTONA BEACH State: Florida Postal Code: 32117 Job Description: Reviews concurrent medical records for compliance, completeness, and accuracy regarding severity of illness (SOI), risk of mortality (ROM), and quality. Completes accurate and timely record reviews to ensure the integrity of documentation compliance. Inputs data accurately into software, resulting in precise metrics obtained through the reconciliation process. Recognizes opportunities for documentation improvement using strong critical-thinking skills. Initiates and formulates CDI severity worksheets and clinically credible clarifications for inpatients, presenting opportunities for improved documentation compliance to clinical team members. Knowledge, Skills, and Abilities: * Excellent interpersonal skills including excellent verbal and written communication skills; proficient in and demonstrates excellent physician relations. [Required] * Able to organize and present information clearly and concisely; excellent computer and keyboarding skills; ability to use multiple software programs simultaneously; high degree of prioritization skills. [Required] * Ability to learn/develop and fine-tune the skills necessary to perform optimally as a Clinical Documentation Specialist. [Required] * Dependable, self-motivated and pleasant. [Required] * Utilize and demonstrate excellent critical-thinking, problem-solving and de",https://app.nursefern.com,Clinical Documentation Integrity (CDI),NurseFern,2026-06-20T11:20:23.642040
"TRIAGE LICENSED PRACTICAL NURSE, LPN",,2026-06-19,Remote,Remote,Full-time,,Must Be Licensed In: Compact,$25 - $30 Hourly,"Position: LPN, Licensed Practical Nurse P Pay: $25 / hr. - $30 / hr. Depending on experience The Triage LPN answers, monitors, and returns calls/communications related to Caris Healthcare patients working under the supervision of an RN and/or in consultation with or under the direction of Physicians or Nurse Practitioners. Must recognize physical, psychosocial, and spiritual aspects of care. Accurately identify patients with at-risk conditions, while supporting all triage processes, works within the LPN scope of practice as defined by the Board of Nursing and Caris Healthcare policies and procedures. The LPN may contribute to nursing assessment and development of plan of care but may not independently assess or make clinical decisions based on their singular clinical judgment. This will be a remote position. Flexible schedule: Mon - Thurs 5pm to 5 am alternating / Fri 10pm-5 am alternating / Sat and Sun 12pm to 10 pm alternating Caris Healthcare's mission is to provide hospice care with grace. Serving patients throughout the Southeast region, we support our team members, patients and their families with compassion, accountability, respect, integrity and service. If you are ready for a rewarding career with a company that offers employees a culture of integrity and excellence, consider joining the Caris Healthcare team. At Caris, you will have a career, not just a job. Our mission driven culture is evident by our current employees and the impact made on patients and families. All Caris team members commit to The Better Way, a list of promises we make to each other and our customers. The Better Way commitment is reflected in the benefits we provide. Benefits include: Competitive Salary Bonus Eligibility Eligible for benefits within 60 days Health Benefits (Medical, Dental, Vision); health savings account Earned Time Off 401 (K) plan with company match Paid Training Mileage Reimbursement Tuition Reimbursement Flexible Scheduling Career Advancement Opp",https://app.nursefern.com,Triage,NurseFern,2026-06-20T11:20:29.892224
NURSE DATA ABSTRACTOR (PART TIME),,2026-06-19,Remote,Remote,Part-time,Days,"Must Be Licensed In: State Of Residency, United States",$0 - $0 Salary,"Pedestal Health (formerly Target RWE) combines deep health system partnerships, longitudinal data curation at scale, and modern study design to build continuous, high-quality evidence for life sciences organizations. The company partners with pharmaceutical and biotech companies, providers and payers to generate rigorous, multimodal evidence that supports clinical, regulatory and strategic decision-making across the full lifecycle of care. Pedestal Health is committed to advancing medical decision making to improve outcomes for patients. Pedestal Health is a Highlander Health company. Learn more at pedestalhealth.com. The Role We are seeking a Nurse Data Abstractor to remotely support deliverables across all therapeutic lines. This role plays an integral part in meeting and exceeding client expectations, advancing Pedestal Health's position as an industry leader in real-world evidence. What You'll Do Perform clinical data abstraction based upon project-specific requirements. Provide input and recommendations to improve overall abstraction projects, including abstraction guidelines, educational resources, clinical insights, and workflow suggestions. Attend project meetings and training as requested. Assist in User Acceptance Testing (UAT) to test abstraction guidelines, workflows, and education materials. Maintain current knowledge of project requirements related to clinical data abstraction. Track completion of assigned work to ensure required benchmarks are met and report status as needed. Maintain abstraction accuracy at or above project-defined quality thresholds. Meet project-defined case volume and turnaround targets as communicated by the project team. Protect the confidential nature of all clinical data, maintaining strict confidentiality and security of all home-based and remote clinical data/PHI containing copies and electronic files. Support the team on projects and priorities as business needs arise. What You'll Bring Associate's degree in nursing r",https://app.nursefern.com,Data Abstraction,NurseFern,2026-06-20T11:20:31.975111
"REGISTERED NURSE I, ONCOLOGY - EXPERT MEDICAL OPINION",,2026-06-19,Remote,Remote,Full-time,Days,Must Be Licensed In: State Of Residency,"$85,000 - $90,000 Salary","Transcarent's Expert Medical Opinion is currently Recruiting for a Full Time Oncology Registered Nurse I. If you have Oncology experience, this position is for you! This position is a Remote position. Applicants will be required to work 9am to 6pm CST. As an Oncology Registered Nurse I, you will be responsible for managing the member's clinical experience from the point of request, through the desired outcome. Responsibilities Activate new member account, draft member medical history and identify the goal of the consult Accurately enter necessary information into Case Management Software Identify appropriate medical records needed and follow 2nd.MD protocol for release of information forms Work closely with HIT (Health Information Technician) to organize medical records for specialist Identify the most appropriate 2nd.MD Specialist relative to the member's condition and goal of the consult Coordinate video or phone consult with member and specialist Schedule 2nd.MD Monitor in advance of consult Troubleshoot and address issues prior to consult as needed Conduct ongoing follow-up, immediately after the consult and as needed to ensure member achieves the desired outcome Review specialist notes post-consult and make available to member Facilitate local recommendations as needed, and communicate with local primary care physician or specialist post-consult as needed Participate in weekly Care Team meetings Assist Account Management in enhancing vendor partner relationships Company Lead Case Manager assumes the liaison role, ensuring ongoing communication and reporting to the designated company Assist Nurse Manager and Chief Clinical Officer with special projects as needed Identify appropriate cases for testimonials Qualifications RN with minimum of three years' experience Communication skills, time management, organization, attention to detail, professionalism, critical thinking, interpersonal skills, experience navigating through multiple technology",https://app.nursefern.com,"Nurse Consultant, Quality",NurseFern,2026-06-20T11:20:34.062321
CDI SPECIALIST - FLOAT POOL TEAM,Ensemble,2026-06-19,Remote,Remote,Full-time,Days,Must Be Licensed In: State Of Residency,"$80,000 - $80,000 Salary","CAREER OPPORTUNITY OFFERING: Bonus Incentives Paid Certifications Tuition Reimbursement Comprehensive Benefits Career Advancement The Base Salary for this role is $80,000 The CDI Specialist facilitates and obtains appropriate physician documentation for any patient clinical condition or procedure to support the appropriate severity of illness, expected risk of mortality, and complexity of care as documented in patient medical records. Extensive medical record review and interaction with physicians, nursing staff, other patient care givers and HIM coding professionals is done to ensure the documentation is complete and accurate. Job Responsibilities: Completes initial patient medical record review within 24-48 hours of patient's admission; completes subsequent reviews of patient's medical record reviews every 24-48 hours and enters review findings in CDE software system Assigns Principal diagnosis, CC/MCC (complication and comorbidity/major complication and comorbidity), evaluate for Severity of Illness (SOI) and Risk of Mortality (ROM) on all patients while in-house. Assigns working ICD-10-CM and PCS codes and DRG (Diagnosis Related Group) using encoder in CDE software. Clarifies with physicians regarding missing, unclear, unsupported or conflicting health record documentation by requesting and obtaining additional documentation from physicians when needed. Face to face physician interaction and written clarifications are used. Educates key healthcare providers such as physicians, nurse practitioners, allied health professionals, nursing and care coordination regarding clinical documentation improvement, documentation guidelines and the need for accurate and complete documentation in the health record. Partners with coding professionals to ensure accuracy of diagnostic and procedural data and completeness of supporting documentation to determine the working and final DRG assignment. Reviews DRG denial letters and writes denial appeal letters. Col",https://app.nursefern.com,Clinical Documentation Integrity (CDI),NurseFern,2026-06-20T11:20:36.143524
"REGISTERED NURSE RN, 3-11:30 PM, CALL CENTER - REMOTE IN CT",UnitedHealth Group,2026-06-19,Remote,Remote,Full-time,Evenings,Must Be Licensed In: Connecticut,$29 - $52 Hourly,"ProHealth Physicians (CT), part of the Optum family of businesses, is seeking a Remote Registered Nurse RN to join our team in Farmington, CT. Optum is a clinician-led care organization that is changing the way clinicians work and live. As a member of the Optum Care Delivery team, you'll be an integral part of our vision to make healthcare better for everyone. At Optum, you'll have the clinical resources, data and support of a global organization behind you so you can help your patients live healthier lives. We believe you deserve an exceptional career, and will empower you to live your best life at work and at home. Experience the fulfillment of advancing the health of your community with the excitement of contributing new practice ideas and initiatives that could help improve care for millions of patients across the country. Because together, we have the power to make health care better for everyone. Join us and discover how rewarding medicine can be while Caring. Connecting. Growing together. Are you ready to make a positive impact in health care? If so, you're the missing piece in our care team. As part of the Optum and UnitedHealth Group family, ProHealth Physicians offers new opportunities for growth. Here, you'll experience: Exceptional teamwork Robust medical resources Passionate professionals with a focus on patient-centered care Position Details: Location: Connecticut Department: Nursing Call Center Schedule: 40 hours/weekly, Monday through Friday 3:00PM - 11:30PM. Fully remote. This position includes every other weekend and every other holiday. The RN is responsible for delivery of patient care to individuals, and families through telephone calls with patients with varying levels of acuity and medical concerns. RN addresses patients' wellness, acute illness, chronic disease, disability and end of life needs while maintaining the standards of professional nursing practice. The RN assists with patient inquires including questions related to medi",https://app.nursefern.com,Triage,NurseFern,2026-06-20T11:20:38.233632
RN CASE MANAGER ED FOCUS - REMOTE,UnitedHealth Group,2026-06-19,Remote,Remote,Full-time,Days,Must Be Licensed In: Compact,$28.94 - $51.63 Hourly,"The RN Case Manager monitors real-time 'Admit, Discharge, Transfer' (ADT) notifications to provide proactive patient and provider outreach and discharge coordination to support optimal transitions of care. Actively supports ED discharge follow-up care utilizing approved clinical guidelines to transition and provide continuity of care for members to an appropriate next site of care in collaboration with the hospitals/physician team and available outpatient ecosystem resources (PCP, specialist, in-home care, etc.). This position requires a candidate that can be flexible, adapting as the program grows to meet the needs of the populations and markets. You'll enjoy the flexibility to work remotely * from anywhere within the U.S. as you take on some tough challenges. Must have compact licenses and the ability to obtain other RN non-compact License. Primary Responsibilities: Independently collaborates effectively with ED and outpatient care teams to establish an individualized transition plan for members Independently serves as the clinical liaison with hospital, clinical and administrative staff and performs transition of care/care coordination for ED discharges using evidenced- based criteria within the documentation system Performs expedited, standard, concurrent, and retrospective clinical reviews at in network and/or out of network facilities Interacts and effectively communicates with ED staff, members, and their families and/or designated representative to assess discharge needs, formulate discharge plan and provide health plan benefit information Identifies member's ED discharge support opportunities level of risk by monitoring real- time ADT feeds and communicates with patient, ED, and outpatient teams for discharge coordination Conducts transition of care outreach following ED discharge to confirm access and completion of discharge plan Manages assigned case load in an efficient and effective manner utilizing time management skills Demonstrates exemplary knowl",https://app.nursefern.com,Case Management (CM),NurseFern,2026-06-20T11:20:40.322018
TELEHEALTH REGISTERED NURSE (PART-TIME),Hey Jane,2026-06-19,Remote,Remote,Part-time,Days,"Must Be Licensed In: State Of Residency, California",$48 - $53 Hourly,"Unless otherwise noted, all positions are fully remote with work permitted from the following states: CA, CO, HI, IL, MA, MD, NJ, NM, NY, OR, and WA. We are living through a pivotal moment for reproductive and sexual health-and Hey Jane is uniquely positioned to help. From day one, we've been committed to providing safe, discreet medication abortion treatment-and have helped more than 100,000 people get the care they need. Today, we offer a range of reproductive and sexual health care services from the comfort and convenience of your phone. Our in-house clinical care team, composed of board certified doctors, advanced practice clinicians, nurses, and patient care advocates, is just a text message away. We're committed to helping our patients get safe, discreet, judgment-free virtual health care, from a team that truly cares. Role Overview We are seeking a compassionate, detail-oriented Registered Nurse who is committed to reproductive justice and trauma-informed care, and energized by the opportunity to expand access to safe, patient-centered abortion care through telemedicine. In this role, you will provide direct clinical support to patients undergoing medication abortion. As a remote RN, you will respond to patient's medical questions and concerns, delivering timely triage, clinical assessment, and patient-specific nursing guidance. You'll ensure every patient feels heard, supported, and cared for-providing culturally responsive, evidence-based care during moments that matter most. We are currently hiring for 1 part time RN. Working hours: 10 hr shifts - 12pm-10pm ET / 9am-7pm PT Working days: Friday and Sunday + one on-call shift outside of scheduled working hours Compensation: $48/hr-$53/hr + on-call pay Anticipated start: December 2026 Qualifications 2+ years of clinical experience as an RN (BSN required) preferably in telehealth 1+ year experience providing abortion & reproductive healthcare Active state licensure (RN) in least one of the following",https://app.nursefern.com,Telehealth,NurseFern,2026-06-20T11:20:42.425639
TELEHEALTH REGISTERED NURSE (BILINGUAL SPANISH),Hey Jane,2026-06-19,Remote,Remote,Full-time,10hr shifts,"Must Be Licensed In: State Of Residency, California","$93,000 - $97,000 Salary","Unless otherwise noted, all positions are fully remote with work permitted from the following states: CA, CO, HI, IL, MA, MD, NJ, NM, NY, OR, and WA. We are living through a pivotal moment for reproductive and sexual health-and Hey Jane is uniquely positioned to help. From day one, we've been committed to providing safe, discreet medication abortion treatment-and have helped more than 100,000 people get the care they need. Today, we offer a range of reproductive and sexual health care services from the comfort and convenience of your phone. Our in-house clinical care team, composed of board certified doctors, advanced practice clinicians, nurses, and patient care advocates, is just a text message away. We're committed to helping our patients get safe, discreet, judgment-free virtual health care, from a team that truly cares. Role Overview We are seeking a compassionate, detail-oriented Registered Nurse who is committed to reproductive justice and trauma-informed care, and energized by the opportunity to expand access to safe, patient-centered abortion care through telemedicine. In this role, you will provide direct clinical support to patients undergoing medication abortion. As a remote RN, you will respond to patient's medical questions and concerns, delivering timely triage, clinical assessment, and patient-specific nursing guidance. You'll ensure every patient feels heard, supported, and cared for-providing culturally responsive, evidence-based care during moments that matter most. We are currently hiring for 2 bilingual Spanish full time RNs. Hire 1 Working hours: 10 hr shifts - 12pm-10pm ET / 9am-7pm PT Working days: Wednesday - Saturday Compensation: $93,000-$97,000 (higher rate based on Spanish language fluency) + weekend differential pay Anticipated start: August 2026 Hire 2 Working hours: 10 hr shifts - 12pm-10pm ET / 9am-7pm PT Working days: Sunday - Monday Compensation: $93,000-$97,000 (higher rate based on Spanish language fluency) + weekend di",https://app.nursefern.com,Telehealth,NurseFern,2026-06-20T11:20:44.509555
"UTILIZATION REVIEW CLINICIAN (RN, OT, OR PT) - REMOTE",WellSky,2026-06-18,Remote,Remote,Full-time,Days,"Must Be Licensed In: State Of Residency, United States",$0 - $0 Salary,"The Utilization Review Clinician is responsible for reviewing medical records to determine medical necessity. This includes conducting patient evaluations, managing admissions and informational visits, and ensuring timely post-discharge follow-ups with completed assessments to help prevent acute care readmissions. In this role, you will also review requests for post-acute services promptly, using established clinical guidelines and coverage criteria to assess appropriateness. You'll collaborate with physicians, healthcare providers, and both internal and external stakeholders to support improved health outcomes. By applying clinical expertise, you'll coordinate care with facilities and providers, follow standard operating procedures and organizational policies, and consult with peer reviewers, Medical Directors, or delegated clinical reviewers to ensure care is medically appropriate, high-quality, and cost-effective throughout the medical management process. The ideal candidate will have working knowledge of Microsoft Office applications (e.g., Word, Excel) and be comfortable using clinical decision support tools and operational software. Join us in shaping the future of healthcare - apply today! Key Responsibilities: Conduct prior authorization reviews and/or continued stay reviews for post-acute care services by applying clinical guidelines and escalating cases to medical directors as needed Approve services in compliance with health plan guidelines, contractual agreements, and medical necessity criteria Collaborate with case managers, physicians, and medical directors to ensure appropriate levels of care and seamless care transitions Participate in team meetings, educational activities, and interrater reliability testing to maintain review consistency and professional growth Ensure compliance with federal, state, and accreditation standards, and identify opportunities to enhance communication or processes Support all payer programs and initiatives relat",https://app.nursefern.com,Utilization Review & Management (UR/UM),NurseFern,2026-06-20T11:20:46.593444
"PRIMARY CARE NURSE PRACTITIONER, 100% VIRTUAL",Elevance Health,2026-06-18,Remote,Remote,Full-time,Days,Must Be Licensed In: Indiana,$0 - $0 Salary,"Primary Care Nurse Practitioner, 100% Virtual Job Description: CareBridge Advance Practice Provider, Nurse Practitioner - Indiana SIGN ON BONUS $10,000 *Seeking experienced Nurse Practitioner candidates that have an active, unrestricted Family Or Adult Nurse Practitioner license in the state of Indiana AND Must Have an active RN Compact license. Location: Virtual - This role enables associates to work virtually full-time, except for required in-person training sessions, providing maximum flexibility and autonomy. This approach promotes productivity, supports work-life integration, and ensures essential face-to-face onboarding and skill development. Alternate locations may be considered if candidates reside within a commuting distance from an office. Please note that per our policy on hybrid/virtual work, candidates not within a reasonable commuting distance from the posting location(s) will not be considered for employment, unless an accommodation is granted as required by law. CareBridge Health is a proud member of the Elevance Health family of companies, within our Carelon business. CareBridge Health exists to enable individuals in home and community-based settings to maximize their health, independence, and quality of life through home-care and community based services. Work Shift: Monday - Friday, 8:00 am to 5:00 pm (EST or CST) And rotating on-call. The Advance Practice Provider, Nurse Practitioner is responsible for collaborating with company physicians, the patient's other physicians and providers, and their family members to develop complex plans of care in accordance with the patient's health status and overall goals and values. Provides clinical and non-clinical support to patients. How you will make an impact: Provides primary care and acute care via telephone and tele video modalities to patients who receive home and community-based services through state Medicaid programs, dual eligible members and other membership as assigned by our MCO",https://app.nursefern.com,Telehealth,NurseFern,2026-06-20T11:20:48.673283
TELEPHONIC NURSE CASE MANAGER I,Elevance Health,2026-06-18,Remote,Remote,Full-time,Days,Must Be Licensed In: Compact,$0 - $0 Salary,"Location: This role enables associates to work virtually full-time, with the exception of required in-person training sessions, providing maximum flexibility and autonomy. This approach promotes productivity, supports work-life integration, and ensures essential face-to-face onboarding and skill development. Alternate locations may be considered if candidates reside within a commuting distance from an office. Please note that per our policy on hybrid/virtual work, candidates not within a reasonable commuting distance from the posting location(s) will not be considered for employment, unless an accommodation is granted as required by law. Work schedule: Monday - Friday 8am to 4:30pm EST, with 2 evenings per month. ***This position will service members in different states; therefore Multi-State Licensure will be required. The Telephonic Nurse Case Manager I is responsible for performing care management within the scope of licensure for members with complex and chronic care needs by assessing, developing, implementing, coordinating, monitoring, and evaluating care plans designed to optimize member health care across the care continuum. Performs duties telephonically. How you will make an impact: Ensures member access to services appropriate to their health needs. Conducts assessments to identify individual needs and a specific care management plan to address objectives and goals as identified during assessment. Implements care plan by facilitating authorizations/referrals as appropriate within benefits structure or through extra-contractual arrangements. Coordinates internal and external resources to meet identified needs. Monitors and evaluates effectiveness of the care management plan and modifies as necessary. Interfaces with Medical Directors and Physician Advisors on the development of care management treatment plans. Negotiates rates of reimbursement, as applicable. Assists in problem solving with providers, claims or service issues. Minimum Requir",https://app.nursefern.com,Case Management (CM),NurseFern,2026-06-20T11:20:50.754618
HYBRID RN - INTERNAL MEDICINE CLINIC,Sanford,2026-06-18,Remote,Hybrid,Full-time,Days,Must Be Licensed In: North Dakota,$29.5 - $44.5 Salary,"Facility: 5th Broadway Clinic Location: Bismarck, ND Address: 515 E Broadway Ave, Bismarck, ND 58501, USA Shift: 8 Hours - Day Shifts Job Schedule: Full time Weekly Hours: 40.00 Salary Range: $29.50 - $44.50 Pay Info: $20,000 Sign on Bonus Department Details Our Internal Medicine team provides comprehensive, patient-centered care for adults, focusing on the prevention, diagnosis, and management of acute and chronic conditions. As a Nurse in our clinic, you will play a key role in supporting providers and ensuring a positive patient experience. Daily tasks include coordinating care across specialty and primary care teams and maintaining accurate documentation and follow clinical protocols and quality standards. This role is the best of both worlds having face to face collaboration and local flexibility to be remote. After a 4-6 month in-clinic orientation, this role will be work from home. Must reside within 60 miles of Bismarck, ND  Monday - Friday 8:00a-4:30pm No weekends or holidays Experience is credit to wage range Great opportunity for those looking to advance and create efficient workflow for staff and patients. Come join a great team in a fast paced environment! Job Summary The Registered Nurse (RN) is responsible for utilizing the nursing process (assessment, diagnosis, outcomes/planning, implementation and evaluation) to provide individualized nursing care to patients. Responsible for the coordination of care, patient assessment, patient education, triage, and various other nursing interventions. Collaborates with other inter-professional colleagues, including physicians, to plan, implement and evaluate care. Demonstrates competency and practices within the full scope of nursing expertise/knowledge and utilizes appropriate age and population specific standards as designated in their assigned clinical setting. Functions within the scopes and standards of nursing practice as outlined in the Nurse Practice Act and Administrative Rules in state o",https://app.nursefern.com,,NurseFern,2026-06-20T11:20:52.850460
ACCRED SEPSIS COORDINATOR RN,,2026-06-18,Remote,On-site,Full-time,Days,Must Be Licensed In: Florida,$0 - $0,"Last year our HCA Healthcare colleagues invested over 156,000 hours volunteering in our communities. As a(an) Accred Sepsis Coordinator RN with HCA Florida Blake Hospital you can be a part of an organization that is devoted to giving back! Job Summary and Qualifications We are seeking a Registered Nurse Sepsis Coordinator for our facility to ensure that we continue to provide all patients with high quality, efficient care. We are an amazing team that works hard to support each other, and we are seeking a phenomenal addition like you who feels patient care is as meaningful as we do. We want you to apply now! What You Will Do In Your Role: You are responsible for overall surviving sepsis program initiative and identifying areas for improvement in recognition, process of 'Code Sepsis/ Sepsis Alert' activation, compliance in completing the sepsis bundle and providing suggestion to improve outcomes. You will help build a team of sepsis champions including charge and unit nurse, key physician representing the Emergency Department, Intensivist Group, Hospitalists and Surgeons. You will conduct daily Sepsis Rounds during which unit patients and previous subjects of code sepsis are provided follow up and current length of stay, complications related to severe sepsis are addressed. You are responsible for hospital wide data collection including: Total cases of severe sepsis, with and without shock Sepsis Bundle Compliance within one hour of recognition and activation of the sepsis team. Unit and physician compliance (ED physician, Intensivist) Mortality rate Vent day, ICU LOS, sepsis CVC utilization rate for overall severe sepsis, severe sepsis with shock and severe sepsis without shock. What qualifications you will need: Bachelor's Degree in Nursing or a Master's Degree in Nursing preferred Current Florida RN license Current BLS (Basic Life Support) Three to five years of Acute Care, Critical Care, and/or ED experience with a solid grasp of hemodynamics Critical thi",https://app.nursefern.com,Quality,NurseFern,2026-06-20T11:20:59.125218
REGISTERED NURSE - INTAKE COORDINATOR,SSM Health,2026-06-18,Remote,On-site,Full-time,Days,Must Be Licensed In: Missouri,$32.77 - $52.43 Hourly,"It's more than a career, it's a calling IL-SSM Health St. Mary's Hospital - Centralia Worker Type: Regular Job Highlights: Department: BH Intake Schedule : 7:00 PM to 7:00 AM on variable shifts. Every third weekend required. Preferred Qualifications: Experience with psychiatric patients. Benefits: Competitive, affordable health insurance including but not limited to: Getting paid every day! Access up to $5,250 in tuition coverage per year Paid maternity & paternity coverage Adoption assistance Various competitive health insurance options & wellness plans Retirement benefits including employer matching plans Long & short-term disability Employee assistance programs (EAP) Pay Range: $32.77 - $52.43 Pay Rate Type: Hourly SSM Health values the skills and talents that each team member brings to our organization. Compensation for this role is based on a variety of components including relevant experience, labor market, and other qualifications. The posted pay range for this position is what SSM Health reasonably expects, in good faith, to offer based on the circumstances at the time of posting. SSM Health may ultimately pay more or less than the posted range as permitted by law. Job Summary: Coordinates patient intake activities and resources. Job Responsibilities and Requirements: PRIMARY RESPONSIBILITIES Evaluates severity of illness for all elective, direct and urgent admissions to determine appropriate level of patient care. Reviews physician orders for clinical appropriateness/completeness and proper admission status. Coordinates education and development of internal staff and external departments to ensure understanding of intake review and approval process. Conducts complex clinical review for inpatient, outpatient, and ancillary services requests for medical necessity. Applies the existing body of evidence-based practice and scientific knowledge in health care to nursing practice, ensuring that nursing care is delivered based on patient's age-sp",https://app.nursefern.com,,NurseFern,2026-06-20T11:21:01.208930
MEDICAL REVIEW NURSE - RISK & APPEALS,Allstate,2026-06-18,Remote,Remote,Full-time,Days,Must Be Licensed In: State Of Residency,"$62,100 - $103,950 Salary","Are you a clinically experienced Registered Nurse looking to apply your expertise beyond direct patient care? As a Medical Review Nurse you will play a critical role in strengthening risk management and improving decision-making across our health and accident products. You'll use your clinical knowledge to evaluate medical records, guide coverage determinations, and support fair, evidence-based appeal outcomes-directly impacting both business outcomes and member experience. This is an opportunity to bring your clinical judgment, analytical thinking, and passion for quality care into a dynamic, fast-paced environment where your insights drive meaningful results. What You'll Do Serve as a trusted clinical expert supporting accident and health lines of business Review medical records and claims to determine coverage and benefit eligibility Evaluate medical necessity and appropriateness of care based on evidence-based guidelines Draft clear, defensible written rationales for coverage and appeal determinations Analyze medical and claims data to identify trends, risks, and improvement opportunities Assess medical information to determine current and potential risk exposure for coverage decisions Interpret and apply policy contract language to ensure consistent, accurate determinations Synthesize complex data from multiple sources to inform business decisions Maintain strong productivity and quality in a high-volume, fast-paced environment Collaborate cross-functionally while demonstrating strong independence and accountability What You Bring Required Active Registered Nurse (RN) license Proven ability to analyze and interpret complex medical information and documentation Strong clinical judgment and decision-making skills Excellent written and verbal communication skills Preferred 5+ years of clinical nursing experience Experience in health insurance, utilization review, medical claims, or appeals Familiarity with medical coding systems (CPT, ICD-10, HCPCS) and cla",https://app.nursefern.com,"Utilization Review & Management (UR/UM), Quality",NurseFern,2026-06-20T11:21:03.292924
CDS TRAINEE - MEDICAL RECORDS,,2026-06-18,Remote,On-site,Full-time,Days,Must Be Licensed In: Nevada,$0 - $0 Salary,"CDS Trainee is responsible for conducting clinically based concurrent and retrospective reviews of inpatient medical records to evaluate the clinical documentation is reflective of quality-of-care outcomes and reimbursement compliance for acute care services provided. CDS Trainee will collaborate closely with the medical staff to facilitate appropriate clinical documentation of patient care. Other responsibilities include conducting documentation for inpatient admission criteria, initial and extended-stay concurrent reviews on all selected admissions and documenting findings Additional duties as assigned. Qualifications EDUCATION, EXPERIENCE, TRAINING Required qualifications: Medical Graduate, PA or Nursing Graduate. Minimum of six (6) months of clinical experience in an acute care setting in any capacity. Knowledge of care delivery documentation systems and related medical record documents. Knowledge of age-specific needs and the elements of disease processes and related procedures. Strong broad-based clinical knowledge and understanding of pathology / physiology of disease processes. Excellent written and verbal communication skills. Excellent critical thinking skills. Excellent interpersonal skills to build effective partnering relationships with physicians, nurse staff and hospital management staff. Working knowledge of inpatient admission criteria. Ability to work independently in a time-oriented environment. Computer literacy and familiarity with the operation of basic office equipment. Assertive personality traits to facilitate ongoing physician communication. Preferred qualifications: Working knowledge of Medicare reimbursement system and coding structures preferred. Employment Status Full Time Shift Days",https://app.nursefern.com,Clinical Documentation Integrity (CDI),NurseFern,2026-06-20T11:21:07.517469
CLINICAL APPEALS AUDITOR - LPN,UnitedHealth Group,2026-06-18,Remote,Remote,Full-time,Days,Must Be Licensed In: Louisiana,"$59,832 - $89,748 Salary","As a Governmental Audit Reviewer, you are the expert who ensures clinical documentation stands up to scrutiny. You take the lead in auditing, submitting, and appealing records for home health, hospice, LTACHs, and community-based services. When external payers come calling-whether it's ADRs, CERTs, RACs, ZPICs, or other audits-you're ready. You dive into the details, respond with precision, and defend the integrity of care through every pre- and post-payment review. Your work protects reimbursement, supports compliance, and keeps the organization audit-ready at all times. Primary Responsibilities: Reviews clinical documentation for Home Health, Hospice, LTACHs, and Community-Based Services in response to governmental audits (e.g., ADRs, RACs, CERTs, ZPICs) Ensures consistency in clinical reviews through standardized processes and high inter-rater reliability Drafts professional response letters and manages internal determinations for audit appeals Coordinates and tracks appeal assignments, ensuring deadlines are met and documentation is prepared for Administrative Law Judge hearings Maintains up-to-date knowledge of federal/state regulations, industry standards, and internal policies related to compliance and reimbursement Collaborates across departments to minimize operational disruptions and communicate audit trends for corrective action Supports the Governmental Audit Supervisor with repayment processes and additional compliance audits You'll be rewarded and recognized for your performance in an environment that will challenge you and give you clear direction on what it takes to succeed in your role as well as provide development for other roles you may be interested in. Required Qualifications: Associate's degree in Nursing Current and unrestricted licensure as a LPN 1+ years of experience in hospice, LTACH, and/or home health care Working knowledge of reimbursement and compliance regulations Proficient in Microsoft Office applications (Word, Excel, etc.)",https://app.nursefern.com,"Utilization Review & Management (UR/UM), Denials & Appeals, Quality",NurseFern,2026-06-20T11:21:09.652891
CASE MANAGER - BEHAVIORAL HEALTH,Blue Cross and Blue Shield of Minnesota,2026-06-18,Remote,Remote,Full-time,Days,Must Be Licensed In: Minnesota,"$68,900 - $113,700 Salary","The Case Manager is a critical component of BCBSMN Care Management team as the primary clinician providing condition and case management services to members. The position exists to support member needs across the continuum of care by leveraging member partnership, case and disease management processes, skill sets and tools. Your Responsibilities Receives referral and/or reaches-out to member and leverages clinical knowledge, motivational interviewing and behavioral modification techniques. Conducts comprehensive clinical assessments; gathers, analyzes, synthesizes and prioritizes member needs and opportunities. Collaborates and communicates with member, family, or designated representative on a plan of care that produces positive clinical results and promotes high-quality effective outcomes. Identifies relevant BCBSMN and community resources and facilitates warm program and network referrals. Monitors and evaluates plan of care over time. Ensures member data is documented according to BCBSMN application protocol and regulatory standards. Maintains outstanding level of service at all points of customer contact. Understands broad-based goals of assigned market segment(s) including clinical and service availability. Collaborates and coordinates with team members to facilitate day to day functions and enhance the overall operation of the department. Engage providers telephonically in reviewing and understanding treatment plans, including alignment with benefits and medical reimbursement policies to facilitate optimal treatment plans, care coordination, and transition of care between settings. Required Skills and Experience Registered nurse with current MN license and with no restrictions or Behavioral Health Professional that is Clinician licensed for independent practice with one or more of the following licenses with no restrictions: Licensed Marriage and Family Practice (LMFT), Licensed Independent Clinical Social Worker (LICSW), Licensed Professional Counselor (LPC",https://app.nursefern.com,Case Management (CM),NurseFern,2026-06-20T11:21:11.746329
LPN / LVN - Remote Nurse (FT),Flagler Health,2026-06-14,,Remote,Contract,Contract Employee,Remote,$22.00 - $24,"About the jobFlagler Health is building the clinical operating system for modern musculoskeletal care.We partner with MSK provider groups and specialty clinics to help them grow, operate more efficiently, and deliver better longitudinal care across patient acquisition, clinical workflows, and ongoing patient engagement. Our platform sits at the intersection of care delivery and clinic operations, helping providers capture more value across the full patient lifecycle.We've recently raised our Series B and are entering our next phase of growth.Location: Fully Remote Schedule: Full Time (40 hours/week)Job Summary:We are seeking a dedicated and compassionate LPN/LVN to join our remote team for delivery of RTM & CCM Services as a contractor. These services provide a personalized mobility for the patients outside the clinic and help to better document their health. You will be conversing with the patients to ensure that they are improving every single day.Responsibilities:Facilitate patient enrollment into our RTM (Remote Therapeutic Monitoring) or Chronic Care Management (CCM) programs using Flagler's portal.Make daily calls and text messages to patients to document patient health status and keep them engaged.Assist in the collection and documentation of patient health information, including histories, health status and new symptoms.Support patients by sending health pointers (stretches, meditation videos, light exercises).Maintain strict confidentiality in handling patient information, adhering to HIPAA regulations and company policies.Participate in ongoing company training and check-ins.Expectations:Punctuality and reliability.Access to laptop with working microphone, camera, and reliable internet connection.Access to a quiet space to work full time.Requirements:Certification as an LPN3+ years of experience working in office or remoteProficiency with technology such as Zoom, Slack, and online enrollment platforms.Strong organizational skills and the ability to manage multiple tasks efficiently.Excellent communication skills, both verbal and written, with a focus on empathy and patient support.Ability to work independently in a remote setting, showing initiative and self-motivation.Familiarity with HIPAA regulations and a commitment to maintaining patient privacy.Preferred Medical Specialty:NeurologyOrthopedicsPhysical & Rehabilitation MedicineSports MedicineWhat we offer:A fully remote work environment, allowing for flexibility and work-life balance.Opportunities for professional growth and development within a rapidly growing tech-driven company.A supportive and inclusive culture that values different opinions and fosters innovation.Pay: $22.00 - $24.00 per hour (negotiable).Contractor position.Join us in transforming healthcare and making a real difference in patients' lives!Our valuesThis is what you can expect of your teammates at Flagler:Persistence + ownership of outcomes: We wear many hats and aren't afraid to run through walls to solve hard problems.Personal + professional growth: We push ourselves to learn new things and embrace challenges, even if it means that we sometimes fail.Don't take things personally: We value and react quickly to constructive feedback.Speed is our ally: In the fast-paced world of startups, we understand the value of moving swiftly. We thrive on the adrenaline of working rapidly.Be Right: We are highly detailed oriented and try to be right, a lot.",https://jobs.ashbyhq.com/flaglerhealth/af55be58-bc5c-4e61-87df-baf96d636462,"Entry Level, Licensed Practical Nurse | LPN | LVN, RPM | Remote Patient Monitoring",Remote Nurse Connection,2026-06-20T11:19:47.323253
Sr. Clinical Trials Manager - VahatiCor,T45 Labs,2026-06-13,,Remote,Regular | Perm Employee,Regular | Perm Employee,Remote with Travel,"$135,000 - $183,000","Sr. Clinical Trials Manager - VahatiCorStatus: Full-time, ExemptReports to: Sr. Clinical Program ManagerOverviewVahatiCor is a medical device company developing breakthrough cardiovascular technologies, including Class III catheter-based systems. We operate with a purpose-driven, agile, and collaborative culture, where each team member plays a meaningful role in advancing solutions that improve patient outcomes. As our clinical program expands, we are building a strong clinical operations function to support early feasibility studies and future pivotal trials.The Sr. Clinical Trials Manager will lead the planning, execution, and operational oversight of clinical studies from startup through study closeout. This role serves as the study-level operational owner, accountable for timelines, budgets, vendor performance, enrollment forecasting, study metrics, risk management, and cross-functional execution. The ideal candidate brings deep experience in clinical operations leadership, study management, and cardiovascular medical device studies.ResponsibilitiesStudy Planning & Execution Lead operational planning and execution of clinical studies from startup through study closeout. Own study startup strategy and maintain accountability for site activation progress across all participating sites. Develop and maintain study timelines, milestones, and operational deliverables. Own enrollment forecasting, study metrics, and operational reporting. Identify operational risks and implement mitigation plans to maintain study performance. Ensure study execution remains aligned with protocol requirements, timelines, budgets, and business objectives.Vendor & Operational Management Serve as the primary operational contact for CROs, vendors, consultants, and external study partners. Manage vendor deliverables, timelines, communication, budgets, and performance. Own study-level vendor oversight and operational accountability. Maintain oversight of site budgets and contracts in collaboration with Clinical Affairs and study leadership. Ensure operational activities remain aligned across vendors, sites, and internal stakeholders.Documentation & Quality Maintain oversight of study documentation, TMF quality, and inspection readiness activities. Ensure study conduct remains compliant with SOPs, GCP, FDA regulations, quality system requirements, and study plans. Own study-level risk identification, issue escalation, and mitigation planning. Maintain oversight of CAPA follow-up and resolution activities. Drive resolution of study-level operational challenges.Cross-Functional Collaboration Partner closely with Clinical Affairs, Regulatory, Quality, Data Management, Engineering, and other internal stakeholders. Lead study team meetings and operational reviews. Provide regular study updates, operational insights, enrollment forecasts, and risk assessments to leadership. Drive alignment across internal teams, vendors, and clinical sites. Ensure consistent execution of study processes across participating sites.Required Experience & Qualifications Bachelor's degree in Life Sciences, Nursing, Biomedical Engineering, or a related scientific discipline. 7+ years of experience managing clinical studies within the medical device industry. Experience with cardiovascular and catheter-based medical device clinical studies strongly preferred. Demonstrated experience leading study-level clinical operations activities, including study startup, vendor management, enrollment forecasting, study metrics, and cross-functional execution. Demonstrated experience managing clinical trial timelines, budgets, operational deliverables, and external vendors. Demonstrated experience overseeing clinical studies from startup through study closeout. Demonstrated understanding of FDA regulations, ICH/GCP, and clinical research operations. Strong leadership, communication, organizational, and problem-solving skills. Ability and willingness to travel up to 30% based on study and business needs. Thrives in a dynamic, fast-paced, early-stage medical device environment where adaptability, initiative, and collaboration are critical to success.EligibilityCandidates must be permanently authorized to work in the United States without the need for current or future visa sponsorship. We are currently unable to sponsor employment visas or permanent residency (PERM) applications.Why Work for VahatiCor? Help bring a first-of-its-kind therapy to patients with coronary microvascular dysfunction, a large and historically underserved patient population with limited treatment options. Work alongside an experienced leadership team with deep expertise in cardiovascular medical devices, clinical research, regulatory affairs, and commercialization. Make a visible impact in a collaborative, fast-moving environment where individual contributions directly influence the future of the technology, the clinical program, and the company.Location and CompensationThis...",https://jobs.workable.com/view/xcpcq4khsghsL9GhMsN1fA/remote-sr.-clinical-trials-manager---vahaticor-in-santa-clara-at-t45-labs?utm_source=remotenurseconnection&utm_medium=jobboard,"Biotech | Health Tech | Medical Device, Clinical Research, Management | Leadership, Registered Nurse | RN",Remote Nurse Connection,2026-06-20T11:19:47.529743
Sr. Clinical Research Associate - VahatiCor,T45 Labs,2026-06-13,United States,Remote,Regular | Perm Employee,Regular | Perm Employee,Remote with Travel,"$113,000 - $153,000","Title: Sr. Clinical Research Associate - VahatiCorStatus: Full-time, ExemptReports to: Sr. Clinical Program ManagerOverviewVahatiCor is a medical device company developing breakthrough cardiovascular technologies, including Class III catheter-based systems. We operate with a purpose-driven, agile, and collaborative culture, where each team member plays a meaningful role in advancing solutions that improve patient outcomes. As our clinical program grows, we are building a dedicated clinical operations team to support early feasibility studies and future pivotal trials.The Sr. Clinical Research Associate will own site activation, study startup, site management, enrollment performance, and protocol execution across VahatiCor's cardiovascular clinical studies. This role serves as the primary operational partner to clinical sites, driving site readiness, investigator engagement, enrollment success, and consistent protocol execution throughout the study lifecycle. The ideal candidate brings deep experience in clinical operations, site management, and cardiovascular medical device studies.ResponsibilitiesSite Activation & Startup Lead site qualification, feasibility, and readiness activities for assigned clinical trial sites. Own site startup and activation activities, including collection and review of essential regulatory and startup documentation. Ensure investigators, study coordinators, and site personnel are prepared to enroll patients efficiently and compliantly. Partner with the Clinical Trials Manager and study leadership on site contracting and budgeting activities and ensure timely site activation. Track startup milestones and proactively identify and resolve activation barriers.Site Management & Enrollment Serve as the primary operational contact for assigned clinical trial sites. Build and maintain strong relationships with investigators, coordinators, and site personnel. Drive patient screening and enrollment activities to achieve study recruitment goals. Own site performance across assigned sites and implement actions to improve enrollment, protocol adherence, and study execution. Partner with sites to address operational challenges and maintain study momentum.Training & Study Execution Conduct site initiation visits and provide study-specific training to investigators and site personnel. Deliver ongoing site education throughout study execution. Ensure study activities are conducted in accordance with the protocol, GCP, FDA regulations, and company procedures. Participate in investigator meetings, study team meetings, and site training activities.Monitoring & Quality Conduct monitoring activities as required to ensure study quality, compliance, and protocol adherence. Review site documentation and study records for completeness and accuracy. Identify protocol deviations, compliance concerns, and operational risks and escalate appropriately. Ensure site documentation is complete, accurate, maintained in accordance with study requirements, and inspection-ready at all times.Cross-Functional Collaboration Partner closely with the Clinical Trials Manager, Sr. Clinical Program Manager, Clinical Affairs, Regulatory, Quality, and Data Management teams. Communicate site feedback, enrollment trends, operational challenges, and emerging risks to study leadership. Contribute to continuous improvement of site activation, enrollment, and study execution processes.Required Experience & Qualifications Bachelor's degree in Life Sciences, Nursing, Biomedical Engineering, or a related scientific discipline. 7+ years of clinical research experience within the medical device industry. Demonstrated experience owning site startup, activation, enrollment, and clinical trial execution activities. Experience owning site qualification, initiation, monitoring, and site management activities. Experience working on catheter-based cardiovascular medical device studies strongly preferred. Demonstrated understanding of FDA regulations, ICH/GCP, and clinical research operations. Strong written and verbal communication skills. Strong organizational, relationship-building, and problem-solving skills. Ability and willingness to travel up to 60% to conduct site startup, activation, training, monitoring, and study execution activities. Thrives in a dynamic, fast-paced, early-stage medical device environment where adaptability, initiative, and collaboration are critical to success.Why Work for VahatiCor? Help bring a first-of-its-kind therapy to patients with coronary microvascular dysfunction, a large and historically underserved patient population with limited treatment options. Work alongside an experienced leadership team with deep expertise in cardiovascular medical devices, clinical research, regulatory affairs, and commercialization. Make a visible impact in a collaborative, fast-moving environment where individual contributions directly influence the future of the technology, the clinical program...",https://jobs.workable.com/view/f8mceMDR8dADaFLyD1dxDt/remote-sr.-clinical-research-associate---vahaticor-in-united-states-at-t45-labs?utm_source=remotenurseconnection&utm_medium=jobboard,"Biotech | Health Tech | Medical Device, Clinical Research, Registered Nurse | RN",Remote Nurse Connection,2026-06-20T11:19:47.620193
Coding/CDI Denials Analyst - CCDS,UT Southwestern Medical Center,2026-06-13,"Texas, United States",Remote,Regular | Perm Employee,Regular | Perm Employee,Remote,,"WHY UT SOUTHWESTERN?With over 75 years of excellence in Dallas-Fort Worth, Texas, UT Southwestern is committed to excellence, innovation, teamwork, and compassion. As a world-renowned medical and research center, we strive to provide the best possible care, resources, and benefits for our valued employees. Ranked as the number 1 hospital in Dallas-Fort Worth according to"" target=""_blank"">Learn more about these and other UTSW employee benefits!EXPERIENCE AND EDUCATIONRequiredExperience3 years three to five (3-5) year's acute hospital-based Coding and/or CDI experience orAn equivalent combination of education and experience may be consideredDenials and Appeals experience in an acute Hospital setting andExperience working in a remote environmentLicenses and Certifications(RHIA) REGD HEALTH INFO ADMINIST or(RHIT) REGD HEALTH INFO TECHNOLO or(CCS) CERT CODING SPECIALIST or(CCDS) Cert Clinical Documentation or(CDIP) CERT DOCUMNTATN IMPROVMNT PRACPreferredExperienceRN with CDI experienceJOB DUTIESReview coding and/or clinical denials, ensuring all coding guidelines and conventions were followed, and ensuring all clinical evidence and provider documentation supports the assigned codes and DRG.Compose an effective appeal utilizing appropriate coding guidelines, relevant and effective clinical documentation, current industry guidelines, evidence-based medicine, and local and national medical management standards and protocols.Identify coding and/or documentation trends for root causes of denials.Identify and communicate DRG changes and financial impact.Identify coding and clinical educational opportunities and report these to the Lead Denials Analyst.Identify front-end activities that influence denial/appeals process.Support the Quality Standards set by UTSW and the HIM Coding & CDI Department.Maintains an expert level of knowledge of Coding/CDI guidelines and practices.Other duties as assigned.SECURITY AND EEO STATEMENTSecurityThis position is security-sensitive and subject to Texas Education Code 51.215, which authorizes UT Southwestern to obtain criminal history record information. To the extent this position requires the holder to research, work on, or have access to critical infrastructure as defined in Section 113.001(2) of the Texas Business and Commerce Code, the ability to maintain the security or integrity of the critical infrastructure is a minimum qualification to be hired and to continue to be employed in the position.EEO StatementUT Southwestern Medical Center is committed to an educational and working environment that provides equal opportunity to all members of the University community. As an equal opportunity employer, UT Southwestern prohibits unlawful discrimination, including discrimination on the basis of race, color, religion, national origin, sex, sexual orientation, gender identity, gender expression, age, disability, genetic information, citizenship status, or veteran status.",https://utsw.taleo.net/careersection/2/jobdetail.ftl?job=868284&lang=en&utm_source=remotenurseconnection&utm_medium=jobboard,"CDI | Clinical Documentation Integrity Specialist, Registered Nurse | RN",Remote Nurse Connection,2026-06-20T11:19:47.751642
Manager of Clinical Operations and Quality - RN Required,Sevaro,2026-06-13,United States,Remote,Regular | Perm Employee,Regular | Perm Employee,Remote,,"About SevaroSevaro is redefining neurology care through cutting-edge technology, data, and AI-driven innovation. As a leading provider of tele-neurology services, we partner with hospitals nationwide to deliver immediate, expert stroke and neurological care.We are a mission-driven, high-growth company leveraging automation, data intelligence, and emerging technologies to improve outcomes, expand access, and transform how care is delivered.Position OverviewThe Manager of Clinical Operations & Quality plays a critical role in supporting and optimizing Sevaro's telehealth programs nationwide. Reporting to the Director of Clinical Operations & Quality, this individual will lead implementation initiatives, drive quality improvement efforts, and support the ongoing operational success of both new and existing hospital partners.This role requires a highly organized, relationship-driven professional who thrives in a fast-paced healthcare environment and is passionate about improving stroke and neurological care delivery through innovation, collaboration, and operational excellence.Key ResponsibilitiesTelehealth Program ImplementationsLead and manage telehealth implementation projects from kickoff through go-live.Develop and maintain project plans, timelines, workflows, and implementation documentation.Coordinate communication between internal teams and hospital stakeholders to ensure successful execution.Manage multiple implementation projects simultaneously while meeting deadlines and operational goals.Coordinate onsite implementation and training visits with hospital partners as needed.Support operational collaboration with physician recruitment, credentialing, and licensing teams when applicable.Quality Improvement & Clinical OperationsMonitor clinical quality metrics and maintain accurate, complete case documentation with timely clinician follow-up as needed.Identify and communicate operational issues to hospital partners in a timely manner.Review thrombolytic cases, identify process improvement opportunities, and initiate root cause analysis for performance outliers.Manage documentation requests from hospital partners and coordinate provider follow-up promptly.Escalate hospital concerns, case reviews, or operational issues appropriately for physician leadership review.Collaborate regularly with physician leads regarding ongoing quality initiatives and operational concerns.Prepare and report stroke quality metrics by site, provider, and organizational trends on a recurring basis.Participate in hospital stroke committee meetings and educational sessions.Coordinate educational lectures, mock drills, and Sevaro training initiatives.Assist in the development and maintenance of clinical workflows, protocols, and best practice guidelines.Support pre-implementation meetings and onboarding activities for new hospital partners.Review stroke alert workflows, protocols, and order sets for quality improvement opportunities.Contribute to clinical accreditation maintenance by ensuring workflows, documentation, and quality processes meet applicable standards.Fulfill on-call responsibilities as assigned to ensure continuity of operational support.Clinician & Hospital Partnership ManagementServe as a primary operational contact for Sevaro clinicians, addressing questions, concerns, and operational needs with appropriate escalation.Foster strong clinician relationships through responsive communication and operational support.Own the day-to-day operational relationship with hospital partners from implementation through ongoing program management.Coordinate onsite quality visits and service expansion initiatives.Collaborate with hospital leadership and clinical teams to optimize telehealth workflows and patient care outcomes.Provide educational resources and operational support to ensure successful program utilization.QualificationsActive RN License required.Bachelor's degree in Nursing, Healthcare Administration, or a related clinical field.Minimum 3-5 years of experience in clinical operations or healthcare quality management, preferably within a stroke or neurology program.Minimum 2 years of demonstrated leadership or supervisory experience, with direct oversight of clinical or operational staff.Strong analytical, organizational, and communication skills with a proven ability to translate data into actionable improvement strategies.Ability to thrive in a fast-paced, fully remote work environment with a high degree of self-direction and professional accountability.PreferredMaster's degree in Nursing, Healthcare Administration, or a related field.Experience with Joint Commission accreditation processes, including survey preparedness and gap analysis.Experience with clinical accreditation processes and quality standards.Familiarity with telehealth workflows, teleneurology programs, and clinical documentation standards.Project management experience, including leading cross-functional or multi-site initiatives.Comfort with emerging ...",https://jobs.ashbyhq.com/sevaro/9bd636ed-01b9-4a66-8ce0-1c9733410648?utm_source=remotenurseconnection&utm_medium=jobboard,"Management | Leadership, Quality, Registered Nurse | RN",Remote Nurse Connection,2026-06-20T11:19:47.843857
Nurse Practitioner,Ayble Health,2026-06-13,United States,Remote,Regular | Perm Employee,Regular | Perm Employee,Remote,,"Ayble Health: Nurse Practitioner- part-timeAbout Us:Ayble Health is transforming the way we care for chronic GI conditions such as IBS, GERD, Functional Dyspepsia, Crohn's Disease, and Ulcerative Colitis. Our mission is to help patients get better, faster by combining person-centered clinical care, behavior science, and intelligent technology with the support of a multidisciplinary care team.Through telehealth visits, secure messaging, personalized nutrition and behavioral interventions, and data-driven insights, we help patients make meaningful, sustainable changes that improve both symptoms and quality of life. Our approach is truly one-size-fits-none.Ayble's clinical model is backed by more than 15 clinical studies, including multiple randomized controlled trials published in leading gastroenterology journals. We are backed by leading venture capital firms, including early investors in Headspace, ClassPass, Venmo, Lyft, Bonobos, and Snap.The Role:We are seeking a part-time Nurse Practitioner (with the potential to transition to a full-time role). We're looking for passionate, patient-centered clinicians to deliver evidence-based, whole-person care to individuals living with chronic GI conditions.As an Ayble Nurse Practitioner, you will serve as a core member of our multidisciplinary care team, collaborating with physicians, registered dietitians, pharmacists, and behavioral health providers to help patients effectively manage their digestive health. Care is delivered virtually through Ayble's technology platform and designed to support patients longitudinally throughout their journey.Our approach to digestive health combines medical management, nutrition, behavior change, and mind-gut interventions. In addition to providing clinical care, Nurse Practitioners play a central role in supporting patients between visits, helping them implement care plans, overcome barriers to success, build sustainable health behaviors, and remain engaged throughout their treatment journey. This role is ideal for clinicians who enjoy developing meaningful patient relationships and partnering with patients over time to drive lasting outcomes.We welcome candidates from a variety of clinical backgrounds, including gastroenterology, primary care, family medicine, internal medicine, emergency medicine, preventative medicine, obesity medicine, lifestyle medicine, and functional medicine. While prior experience treating digestive health conditions is beneficial, it is not required. Nurse Practitioners will have access to ongoing training, clinical resources, and support from our Integrated Care team to develop expertise in Ayble's evidence-based approach to managing chronic GI conditions.In This Role, You Will:Collaborate with a multidisciplinary team of care providers to deliver coordinated, whole-person care.Develop individualized care plans that may incorporate nutrition, behavioral health, supplementation, lifestyle modification, medication management, and other evidence-based interventions.Evaluate patient symptoms and clinical progress, order and interpret laboratory testing when appropriate, and collaborate with supervising physicians on treatment planning and escalation of care.Provide longitudinal support to patients through telehealth visits and asynchronous communication, helping patients implement care plans and achieve their health goals.Utilize evidence-based communication and behavior change strategies to promote patient engagement, adherence, and self-management.Adhere to evidence-based clinical guidelines and best practices, including those established by the American Gastroenterological Association (AGA) and American College of Gastroenterology (ACG).Coordinate care with patients' existing healthcare providers, including sharing clinical information and facilitating referrals or escalation of care when appropriate.Deliver care virtually through Ayble's telehealth platform while maintaining high standards of clinical quality, patient engagement, and documentation.Contribute to the ongoing development and improvement of clinical workflows, patient education resources, and care protocols.Who We are Looking For:Required Qualifications:Master of Science in Nursing (MSN), Post-Master's Certificate, or Doctor of Nursing Practice (DNP) from an accredited Nurse Practitioner program.Current national board certification as a Nurse Practitioner through ANCC, AANPCB, or another recognized certifying body.Active, unrestricted RN and APRN licenses in at least five (5) U.S. states.Ability to maintain licensure and eligibility for credentialing as required by applicable state laws and organizational policies.Ability to commit to a minimum of 30 hours per week.Experience working collaboratively within a multidisciplinary care team.Experience supporting patients with chronic disease management, behavior change, and longitudinal care.Familiarity with evidence-based communication strategies, including Motivational Interviewing and othe...",https://jobs.ashbyhq.com/ayblehealth/4870781a-cee6-46cb-9b5d-40fda701f430?utm_source=remotenurseconnection&utm_medium=jobboard,"Advanced Practice Nurse, Entry Level, Triage | Telehealth",Remote Nurse Connection,2026-06-20T11:19:47.933045
"Critical Care Nurse -Clinical Specialist (Patient Monitoring) - Columbia, South Carolina",Philips,2026-06-13,"Columbia, SC, Greenville, SC",Remote,Regular | Perm Employee,Regular | Perm Employee,Remote with Travel,,"Job TitleCritical Care Nurse -Clinical Specialist (Patient Monitoring) - Columbia, South CarolinaJob DescriptionBring your passion for patient care and technology to this role where you'll be responsible for providing clinical customer support as the clinical application knowledge expert. You'll facilitate solutions design, optimization, configuration, and delivery of Philips Hospital Patient Monitoring (HPM) products to ensure a quality customer experience.Your RoleServing as a clinical resource to Philips HPM customers, working closely with the field service, sales, and project management organizations throughout a multiphase implementation and go-live process - establishing and maintaining strong working relationships with key internal partners and customers to enable a successful implementation team.Understanding customer goals and developing plans to support clinical solutions implementation and usage - delivering clinical services to customers that are consultative, advanced, and focused on workflows and optimization.Managing the clinical aspects of an implementation to include assessing workflows, evaluating education needs, creating education plans, determining custom configurations requirements, planning and delivering equipment and application education, supporting first customer use, encouraging ongoing adoption of change, and optimizing use of complex monitoring solutions.Understanding the clinical implications of technical implementations (including networks and clinical informatics systems); applying product and clinical knowledge to troubleshoot and solve problems.Approximately 90% travel across the district is required. The average driving time is 1-4 hours daily. Occasional overnight stays and travel by air/train/bus may be required. Further support across the zone is required, and occasional national travel may be required.You're The Right Fit IfYou've acquired 4+ years of experience as a Registered Nurse in a hospital environment. Prior clinical training and adult education delivery experience is highly preferred.Your skills include experience in an Intensive Care Unit (ICU), Critical Care Unit (CCU), Emergency Room (ER), Operating Room (OR), Neonatal Intensive Care Unit (NICU), and/or Pediatric Intensive Care Unit (PICU) settings. Knowledge of Philips IntelliVue monitoring equipment and applications preferred.You have a Bachelor of Science in Nursing degree or equivalent licensure to practice nursing (Registered Nurse); must be able to provide verification for current/active license. Certified Technical Trainer Plus (CTT+) and/or Virtual Certified Technical Trainer Plus (VCTT+) is preferred.You're passionate about technology and education related to patient care.You have excellent verbal and written communication and presentation skills.You must be able to successfully perform the following minimum Physical, Cognitive and Environmental job requirements with or without accommodation for this Clinical position.You must be able to:Work in an office/home office and/or remote setting, as well as in a hospital/healthcare environment; adhere to requirements.Work flexible hours (based on business needs).Wear all required personal protective equipment.May be required to comply with vendor credentialing.How We Work TogetherWe believe that we are better together than apart. For our office-based teams, this means working in-person at least 3 days per week. Onsite roles require full-time presence in the company's facilities. Field roles are most effectively done outside of the company's main facilities, generally at the customers' or suppliers' locations.This is a field role.About PhilipsWe are a health technology company. We built our entire company around the belief that every human matters, and we won't stop until everybody everywhere has access to the quality healthcare that we all deserve. Do the work of your life to help improve the lives of others.Learn more about our business.Discover our rich and exciting history.Learn more about our purpose.Learn more about our culture.Philips Transparency DetailsThe annual pay range for this position in SC is $87,000 to $140,000.This role also includes company fleet/car, training, and advancement opportunities. The actual base pay offered may vary depending on multiple factors including job-related knowledge/skills, experience, business needs, geographical location, and internal equity.In addition, other compensation such as an annual incentive plan, sales commission, or long-term incentives may be offered. Employees are eligible to participate in our comprehensive Philips Total Rewards benefits program, which includes a generous PTO, 401k (up to 7% match), HSA (with company contribution), stock purchase plan, education reimbursement, and much more. Details about our benefits can be found here.At Philips, it is not typical for an individual to be hired at or near the top end of the range for their role and compensation decisions are dependent upon the fact...",https://philips.wd3.myworkdayjobs.com/jobs-and-careers/job/Greenville-South-Carolina-United-States/Critical-Care-Nurse--Clinical-Specialist--Patient-Monitoring---South-Carolina_584193,"Biotech | Health Tech | Medical Device, Clinical Consultant, Critical Care, Emergency Medicine | Urgent Care, Entry Level, Pediatrics, Registered Nurse | RN",Remote Nurse Connection,2026-06-20T11:19:48.020009
Prescribing Nurse Practitioner or Physician Assistant (Virtual - Remote) - 1099 Contractor,Lyra Health,2026-06-13,,Remote,Contract,Contract Employee,Remote,,"About LyraLyra Clinical Associates partners with Lyra Health, a leading provider of evidence-based mental health care, serving more than 20 million people globally in partnership with employers and more than 100 million through health plan and partner relationships. The company has delivered more than 15 million sessions of mental health care, published more than 35 peer-reviewed studies, and delivered unmatched outcomes in terms of access, clinical effectiveness, and cost efficiency. Lyra members have access to care in one day, and nine out of ten improve with the support of providers like you. Lyra is transforming access to life-changing mental health care through Lyra Empower, the only fully integrated, AI-powered platform combining the highest-quality care and technology solutions. You will be contracted by Lyra Clinical Associates.About The OpportunityLyra's provider network is composed of in-person and virtual therapists, physicians, and coaches across the US. With our advanced matching technology, supportive provider platform, and opportunities for training and clinical consultation, being part of our network is an incredible chance to do what you love (like patient care) with support for the things you don't love (like self promotion and scheduling).As a contract Child and Adolescent nurse practitioner, you will provide essential clinical care. This role emphasizes core competencies such as diagnostic expertise, family engagement, ethical practice, and continuous improvement to ensure the highest standard of care.You'll provide evidence-based treatment via live 30-minute video intake appointments and regular follow-up appointments. You'll conduct psychiatric evaluations and provide medication management. Lyra makes it easy to refer patients to evidence-based therapy and coaching services in tandem with your care.You will provide care to children, teens, and young adults from a multitude of different backgrounds and experiences, as well as those with varying needs and abilities. We strive to continue to meet their unique needs by delivering culturally-responsive care-an approach that is mindful of the impact of cultural background on each person's care experience.ResponsibilitiesPractice comprehensive mental health medication management via a 60-minute intake appointment and regular follow-up appointmentsConduct mental health risk assessments, psychiatric medication evaluations, and longitudinal medication treatmentConstruct patient-centered treatment plans, document treatment recommendations, message patients, and prescribe and manage psychiatric medicationsExperience and commitment to providing safe, evidence-based medication treatment that follows clinical best practice guidelines (e.g., measurement based care, patient-centered care, paying close attention, medication minimizing risks, and maximizing benefits)RequirementsGraduate from an accredited (CCNE) Psychiatric-Mental Health Nurse Practitioner (PMHNP) program; OR graduate from an accredited PA program (ARC-PA) with certification through PANCE with preference for Certificate of Added Qualifications in psychiatry, post-graduate fellowship in psychiatry, or other academic psychiatry certificate program completion, including a Doctor of Medical Science with Psychiatry concentrationUnrestricted state license in WisconsinA minimum of 2 years in practiceStrong preference for NPs and PA-Cs with an active DEA licensePreference for NPs and PA-Cs with additional certification or clinical experience with minorsMust have office space with ability to see clientsAbility to provide care to patients with a full range of diagnoses, clinical complexity, and severity levels, with a preference for providers who offer in-person optionsFull-time resident of the United StatesHere are some of the advantages of joining the Lyra provider network:Set your own schedule without a minimum hours requirementFocus less on the administrative burden of billing with Lyra's paperless billing and quick payment turnaroundAccess to a custom-built calendar for new patients to connect seamlesslyAccess to experienced clinical consultations to get rapid support with your patients as well as access a range of specialty group consultation meetingsHave peace of mind with Lyra's 24/7 Care Navigation team for client crisis supportWe are an Equal Opportunity Employer. We do not discriminate on the basis of race, color, religion, sex (including pregnancy), national origin, age, disability, genetic information or any other category protected by law.By applying for this contract position, your data will be processed as perWorkforce Privacy Notice. If you are a California resident and would like to limit how we use this information, please use the Limit the Use of My Sensitive Personal Informationform. This information will only be retained for as long as needed to fulfill the purposes for which it was collected, as described above. Please note that Lyra does not ""sell"" or ""share"" personal infor...",https://careers.lyrahealth.com/job/wisconsin/prescribing-nurse-practitioner-or-physician-assistant-virtual-remote-1099-contractor/43250/96362753104,"Advanced Practice Nurse, Psych | Behavioral Health | Mental Health",Remote Nurse Connection,2026-06-20T11:19:48.107343
Nurse Coordinator,WVU Medicine,2026-06-13,,On-site,Regular | Perm Employee,Regular | Perm Employee,ON-SITE,,"Welcome! We're excited you're considering an opportunity with us! To apply to this position and be considered, click the Apply button located above this message and complete the application in full. Below, you'll find other important information about this position.Acts as a liaison between providers, departments, other healthcare professionals and schedulers to coordinate testing, scheduling, referrals etc. Develops and implements strategic interventions across the system to improve patient access and navigation.MINIMUM QUALIFICATIONS:EDUCATION, CERTIFICATION, AND/OR LICENSURE:Current Registered Nurse license issued by the state in which services will be provided or current multi-state Registered Nurse license through the enhanced Nurse Licensure Compact (eNLC).State criminal background check and Federal (if applicable), as required for regulated areasObtain certification in Basic Life Support within 30 days of hire date.EXPERIENCE:Two years' experience as an RN OR five years' experience as an LPN required.PREFERRED QUALIFICATIONS:EDUCATION, CERTIFICATION, AND/OR LICENSURE:Bachelor's Degree in nursing(BSN).EXPERIENCE:Experience in outpatient clinical setting.Proficient with Epic Cadence/Scheduling.CORE DUTIES AND RESPONSIBILITIES:The statements described here are intended to describe the general nature of work being performed by people assigned to this position. They are not intended to be constructed as an all-inclusive list of all responsibilities and duties. Other duties may be assigned.Attends conferences or educational opportunities to ensure up to date knowledge.Act as point of escalation for providers, providing triaging and medical advice where applicable.Coordinate scheduling, testing, and referrals across multiple departments to ensure patients move efficiently through their care pathway.Monitors and manages patient's appointments, testing and labs necessary for the patient population.Partners with specialty leaders and enterprise resources to identify areas of opportunity for improvement of access and navigationDevelops and implements strategic interventions across the system to improve patient access and navigationReview patient charts to identify outstanding testing, labs, or clinical prerequisites and ensure completion before appointments.Facilitate accurate and complete referrals, ensuring required documentation and clinical information are in place before scheduling.Document coordination activities and communication in the EHR, using Epic tools and work queues to track needs and progress.Participate in relevant meetings or workgroups focused on patient access, navigation, and workflow optimization.PHYSICAL REQUIREMENTS:The physical demands described here are representative of those that must be met by an employee to successfully perform the essential functions of this job. Reasonable accommodations may be made to enable individuals with disabilities to perform the essential functions.Heavy/Hard work: Work requires strength and/or stamina, lifting, moving, stooping, reaching, positioning of patients, standing, walking, carrying of patients, materials and equipment weighing 35+lbs.WORKING ENVIRONMENT:The work environment characteristics described here are representative of those an employee encounters while performing the essential functions of this job. Reasonable accommodations may be made to enable individuals with disabilities to perform the essential functions.Prolonged time sitting or at deskTravel may be necessary in departments with multiple locations.SKILLS & ABILILTIES:Strong working knowledge of scheduling workflows and referral processes.Ability to troubleshoot complex access and coordination issues.Excellent communication and problem-solving skills.Proficiency in Epic or similar EHR platforms.High attention to detail and accuracy.Ability to work collaboratively with diverse clinical and administrative teams.Strong organizational and multitasking abilities.Ability to identify system-level barriers and propose actionable solutions.Additional Job Description:Scheduled Weekly Hours:40Exempt/Non-Exempt:Shift:United States of America (Non-Exempt)Company:SYSTEM West Virginia University Health SystemCost Center:674 SYSTEM System IntegrationsAddress:1085 Van Voorhis RdMorgantownWest VirginiaEqual Opportunity EmployerWest Virginia University Health System and its subsidiaries (collectively ""WVUHS"") is an equal opportunity employer and complies with all applicable federal, state, and local fair employment practices laws. WVUHS strictly prohibits and does not tolerate discrimination against employees, applicants, or any other covered persons because of race, color, religion, creed, national origin or ancestry, ethnicity, sex (including gender, pregnancy, sexual orientation, and gender identity), age, physical or mental disability, citizenship, past, current, or prospective service in the uniformed services, genetic information, or any other characteristic protected under applicable federal, ...",https://wvumedicine.wd1.myworkdayjobs.com/WVUH/job/Peak-Health-Administrative-Building/Nurse-Coordinator_JR26-30527/,"Clinical Coordinator | Navigator, Entry Level, Licensed Practical Nurse | LPN | LVN, Registered Nurse | RN",Remote Nurse Connection,2026-06-20T11:19:48.196526
Nurse Practitioner- QC,Science&Humans,2026-06-13,,Remote,Contract,Contract Employee,Remote,,"About Science & HumansScience & Humans is a leading hormone health platform in Canada. Our end-to-end digital platform offers scientifically proven solutions, products, and devices for Hormone Health, Aging Well, Longevity, and Sexual Wellness. With over 30,000 satisfied customers, Science & Humans has become Canada's largest hormone health platform.We are currently seeking highly qualifiedNurse Practitioners who hold a valid license in Quebecto join our team. This is an exceptional opportunity for professional growth within an innovative and rapidly growing organization.Key ResponsibilitiesProvide virtual consultations and patient care through our digital platform.Deliver specialized care in Men's Health and/or Women's Health, including hormone therapies and related treatments.Collaborate with patients to develop personalized care plans that align with their health goals.Ensure the highest standards of care and compliance with all relevant regulations.Required QualificationsLicensure:Active Quebec (QC) NP license required; additional provincial licenses are an assetLanguage:Fully bilingual in French and English (required)Who You AreClinical Expert- You are a Nurse Practitioner with specialized experience in women's health, hormonal therapy, and holistic care, with a focus on supporting women through peri- to post-menopause. Bonus if you also have basic knowledge of nutrition, exercise, and psychology.Detail-Oriented- You are thorough in client assessments, symptom tracking, and documentation, ensuring every aspect of care is accurately recorded in the EMR.Strong Communicator- You bring strong interpersonal and communication skills, with the ability to genuinely connect with patients in a virtual setting.Collaborative- You are comfortable working closely with Nurses, Doctors, and coaches, and know when to escalate situations outside your scope of expertise to the MDs.Problem Solver- You can make critical decisions when symptoms escalate or change, ensuring the client's health is always the top priority.Client-Centered- You are dedicated to improving client outcomes, especially through HRT management, symptom relief, holistic approaches, and long-term health improvements.Adaptable- You thrive in the fast-paced nature of virtual healthcare while maintaining high standards of care, and you embrace the growth and evolution of a start-up environment.Educator- You are passionate about educating both clients and the care team, ensuring everyone understands care plans and treatment options.Committed to Evidence-Based Care- You stay up to date with the latest research and guidelines in women's health and apply them consistently in practice.Comfortable with Remote Work- You are at ease working virtually and using online medical consultation platforms to connect with clients and manage care. Familiarity with telehealth platforms and electronic medical record (EMR) systems is essential.Science & Humans is an equal-opportunity employer. We celebrate diversity and are committed to creating an inclusive environment for all employees. We encourage applications from all qualified individuals. Only those selected for an interview will be contacted.",https://scienceandhumans.bamboohr.com/careers/51?utm_source=remotenurseconnection&utm_medium=jobboard,"Advanced Practice Nurse, Entry Level, Triage | Telehealth, Women's Health",Remote Nurse Connection,2026-06-20T11:19:48.284901
"Manager, Clinical Excellence & Education",Thyme Care,2026-06-13,United States,Remote,Regular | Perm Employee,Regular | Perm Employee,Remote,,"OUR MISSIONWe exist to create a more connected, compassionate, and confident experience for people with cancer and those who care for them. We make it easier to get answers, access high-quality care quickly, and feel supported throughout treatment and beyond.Today, Thyme Care is a market-leading value-based oncology care enabler, partnering with national and regional health plans, providers, and employers to deliver better outcomes and lower costs for thousands of people across the country. Our model combines high-touch human support with powerful technology and AI to bring together everyone involved in a person's cancer journey: caregivers, oncologists, health plans, and employers.As a tech-native organization, we believe technology should strengthen the human connection at the center of care. Through data science, automation, and AI, we simplify complexity, improve collaboration, and help care teams focus on what matters most: supporting people through cancer.Looking ahead, our vision is bold: to become a household name in cancer care, where every person diagnosed asks for Thyme Care by name. If you're inspired to make cancer care more human and to help reimagine what's possible, we'd love to meet you. Together, we can build a future where every person with cancer feels truly cared for, in every moment that matters.WHAT YOU'LL DOThis role sits within the nursing vertical of Thyme Care's Quality, Training and Enablement org, focused on the education and development of our nursing care team. You are the primary owner of how nurses at Thyme Care learn, develop, and stay current, building the programs, content, and infrastructure that equip our nursing team to deliver exceptional care at scale. You are distinct from the Training and Onboarding Manager, who owns new hire ramp programs across the broader care team. Your focus is the ongoing clinical education of practicing nurses, including certification, comorbidity knowledge, and clinical standards, after they have completed onboarding.Own ongoing clinical education program delivery for the nursing team:Design, execute, and continuously improve Thyme Care's clinical education programs for practicing nurses, including continuing education, evidence-based practice updates, skills development, and specialty training. This role focuses on post-onboarding clinical growth, not new hire ramp.Build and operate an in-house Oncology Certified Nurse (OCN) preparation program:Design and own Thyme Care's internal OCN certification pathway, including study materials, practice assessments, cohort programming, and exam preparation support. Track certification rates over time and continuously improve the program to increase pass rates and nurse participation.Deliver ongoing education on oncology comorbidities:Develop and maintain a curriculum that equips nurses to recognize, understand, and respond to the comorbidities most common among Thyme Care's member population. Ensure content stays current with evolving clinical evidence and is actionable at the point of care.Host live and asynchronous training sessions:Plan, facilitate, and manage a regular cadence of live training events, including webinars, case-based learning sessions, and clinical skills workshops, alongside a library of self-paced async content. Ensure both modalities are well-attended, clinically rigorous, and consistently evaluated for effectiveness.Act on quality audit findings routed through the closed-loop process:Receive training development priorities surfaced through the org-level quality-to-training process owned by the Senior Manager, QTE Operations, and translate them into targeted clinical education interventions for the nursing team. Track completion and report outcomes back to the process owner.Audit existing clinical education content and recommend improvements:Conduct structured reviews of current nursing education programs, assessing clinical accuracy, coverage gaps, and delivery effectiveness. Bring prioritized, evidence-based recommendations to leadership for investment and action.Design and develop scalable clinical learning content:Build nursing education materials across a range of formats, including e-learning modules, job aids, clinical reference tools, and facilitator guides, in partnership with subject matter experts across Clinical, Quality, and Operations.Track clinical education OKRs and report on program health:Own the metrics that measure nursing education effectiveness, including completion rates, competency assessment outcomes, OCN certification rates, and quality improvement indicators. Report progress on a consistent cadence and use data to iterate.Serve as the clinical subject matter resource for nursing education:Draw on your nursing background and oncology expertise to ensure all education content is clinically accurate, relevant to Thyme Care's care model, and credible to the practicing nurses who use it.WHAT YOU'VE DONEActive RN licensure with 5+ years of clinical experienc...",https://jobs.ashbyhq.com/thyme-care/a182e26b-eb84-4940-bae1-676e7a0bb6a1/application?utm_source=remotenurseconnection&utm_medium=jobboard,"Management | Leadership, Nurse Educator, Oncology & Hematology, Registered Nurse | RN",Remote Nurse Connection,2026-06-20T11:19:48.376200
