job_title,company,date_posted,location,remote_status,employment_type,schedule,license_requirements,salary_range,job_description,apply_link,specialties,source_site,scraped_at
CLINICAL RISK MANAGEMENT LEAD,Humana,2026-10-07,Remote,Remote,Full-time,Days,Must Be Licensed In: State Of Residency,"$104,000 - $143,000 Salary","The Clinical Risk Management Lead supports clinical risk management activities across the Primary Care Organization (PCO) by identifying, assessing, monitoring, and mitigating risks related to clinical practice, patient care, regulatory compliance, and operational processes. This role partners with clinical and business leaders to evaluate risk exposure, assess existing controls, recommend improvements, and support the implementation of risk management strategies that align with organizational objectives. You will report to the Associate VP, Risk Management. The position works closely with leaders across CenterWell Senior Primary Care, Conviva, and MaxHealth, as well as cross-functional partners in Compliance, Legal, Privacy, Human Resources, and Enterprise Health & Safety. The Clinical Risk Management Lead also serves as a clinical subject matter resource, providing guidance on clinical risk management, control design, issue mitigation, and regulatory considerations. Key Responsibilities Conduct clinical risk assessments to identify, evaluate, and prioritize risks related to clinical operations, patient care, and healthcare delivery. Develop and execute clinical risk management plans, including assessment of existing controls and recommendations for risk mitigation strategies. Partner with clinical leadership to evaluate risks and support the implementation of effective controls and corrective actions. Present findings, recommendations, and risk mitigation strategies to leadership and key stakeholders. Collaborate with Compliance, Legal, Privacy, Human Resources, Enterprise Health & Safety, and other internal teams on risk-related initiatives. Identify, document, and support resolution of business issues related to clinical practice and operational processes. Guide business and clinical partners through risk mitigation and corrective action planning. Conduct research, gather information, interview stakeholders, and evaluate clinical risk scenarios to support ob",https://app.nursefern.com,"Nurse Consultant, Quality",NurseFern,2026-10-07T16:09:02.607736
CARE MANAGER- TELEPHONIC NURSE,Humana,2026-10-07,Remote,Remote,Full-time,Days,Must Be Licensed In: Compact,"$71,100 - $97,800 Salary","Shift/availability details: Full time 40 hours a week scheduled for 8 hour shifts, 5 days a week. The schedule is Monday-Friday from 9am-5:30pm EST. Required weekend coverage every 3rd weekend on Saturday & Sunday from 9am-5:30pm EST. When working weekends, it will allow for days off during the week. Required to work a rotating holiday schedule. Available to train on days or times outside of the shift advertised. Schedule and shift changes may be required based on patient care needs and business demands. This is a work-from-home telephonic Registered Nurse position. As a Care Manager, Telephonic Nurse, you will report directly to the Manager, Care Management. You will help to ensure optimal continuity of care for patients transitioning into and out of our services. You will be responsible for being knowledgeable regarding post-acute levels of care, and an expert regarding CenterWell Home Health services including home health, hospice, and palliative care. You will communicate with the CenterWell Home Health clinical team and help facilitate patient follow-up for patients in need of (additional) services. Essential Functions: Be a CenterWell Home Health representative in supporting patients who have been discharged from service or for those who may need post-acute services. Navigate healthcare options; care services post-acute offerings, Medicare coverage, billing issues, and accessing healthcare resources. Use a variety of tools and methods to quickly provide patient options and education including but not limited to sites of service, specialty offerings, post-acute care, and other related questions. Handle a variety of customer issues including location lookup, directions, and complaints. Make clinical level of care determination based on discussion, medical records, and any other important clinical data. Match these needs to a service site location or, if not available, look up and provide alternative services. Be a customer advocate throughout the referral",https://app.nursefern.com,Case Management (CM),NurseFern,2026-10-07T16:09:04.702999
"PATIENT PLACEMENT AND TRANSFER COORDINATOR, RN - NIGHTS",Methodist Health System,2026-10-07,Remote,On-site,PRN/Per Diem,Nights,Must Be Licensed In: Texas,$0 - $0 Salary,"Hours of Work : 1800 Days Of Week : Night Shift position Work Shift : PRN (United States of America) Job Description : Your Job: MHS1The Patient Placement and Transfer Coordinator Registered Nurse (RN) facilitates the transfer of patients to and within the Methodist Health System (MHS) System. The primary function of the position is to facilitate physicians/consumers access to MHS hospitals through the Patient Placement and Transfer Center (PPTC). The above is accomplished through the use of medical staff or organizational accepted criteria and participation in ongoing clinical improvement, hospital, and medical staff quality initiatives.MHS1 Your Job Requirements:* Graduate from an accredited nursing program.* Bachelor's Degree in Nursing (BSN) required, (waiver may be granted for ADN with equivalent experience, knowledge, skills and Director Approval.)* Work Experience: 3 years or more of healthcare experience - minimum 2 years acute hospital experience, preferably Adult Critical Care and House Supervisor.* Must have current RN license to practice professional nursing in the state of Texas.* Ability to lift, push and pull with assistance (mechanical or co- worker) the weight of an average patient/the heaviest object specific to the department.* Being able to lift 10 lbs- 50 IBS maximum and occasional lifting and/or carrying articlesYour Job Responsibilities:* Manages day to day PPTC calls. Facilitates the coordination of patient's Placement and Transfer with physicians, staff RNs, and other departments while meeting state and federal regulations (COBRA/EMTALA).* Assures PPTC calls will be processed in accordance with the standards and protocols. Identifies and reports quality issues to support Medical Staff QA.* Matches patient needs and system resources to optimize the value of the service for patients, referral sources, and for MHS System facilities.* Provides follow-up calls and communications with both internal and external customers to ensure stakeholder",https://app.nursefern.com,,NurseFern,2026-10-07T16:09:08.887224
PRE-AUTHORIZATION REGISTERED NURSE,Humana,2026-10-07,Remote,Remote,Full-time,Days,"Must Be Licensed In: Compact, Virginia","$71,100 - $97,800 Salary","The Pre-Authorization Nurse completes medical necessity and level of care reviews for requested services using clinical judgment and refers to internal stakeholders for review depending on case findings. Educates providers on utilization and medical management processes. Enters and maintains pertinent clinical information in various medical management systems. Understands department, segment, and organizational strategy and operating objectives, including their linkages to related areas. Makes decisions regarding own work methods, occasionally in ambiguous situations, and requires minimal direction and receives guidance where needed. Follows established guidelines/procedures. Use your skills to make an impact Required Qualifications Active Licensed Registered Nurse (RN) in the state of Virginia or obtain a license in a state that participates in the compact license, (eNLC) with no disciplinary action Minimum two, (2) years varied clinical nursing experience in an acute care, skilled or rehabilitation setting Previous experience in utilization management, case management, discharge planning and/or home health or rehab Intermediate to Advanced knowledge using Microsoft Office Word, Excel, PowerPoint, navigating multiple systems and platforms and ability to troubleshoot and resolve basic technical difficulties in a remote environment Ability to work independently under general instructions and with a team Preferred Qualifications Health Plan experience working with large carriers Previous Medicare/Medicaid experience Certification in Case Management (CCM) or Managed Care Nursing (CMCN) Experience working with MCG or Interqual guidelines Additional Information Workstyle: Remote work at home Location: Virginia or reside in a state participating in a compact license, (eNLC) Travel: Less than 5% for market meetings as business needs. Hours: Must be able to work 8 hours Monday through Friday between 8:00 AM to 5:00 PM Eastern- May be required to work rotating ho",https://app.nursefern.com,"Utilization Review & Management (UR/UM), Prior Authorization (PA)",NurseFern,2026-10-07T16:09:13.049032
SEXUAL AND REPRODUCTIVE HEALTH PHONE TRIAGE NURSE,Repro After Dark,2026-10-07,Remote,Remote,Part-time,"Evenings, Weekends, Nights",Must Be Licensed In: State Of Residency,$0 - $0 Salary,"Job Title: Sexual & Reproductive Health Phone Triage NurseService: After-Hours Sexual & Reproductive Health Triage LineReports to:Hours: Out-of-hours, including evenings, nights, weekends and public holidays, as requiredEmployment Type: Part-time: 24 hours per weekRole PurposeThe Sexual & Reproductive Health Phone Triage Nurse provides safe, compassionate and clinically appropriate telephone assessment and advice to patients accessing an after-hours sexual and reproductive health service.The team member will undertake structured telephone triage, assess clinical urgency and risk, provide evidence-based advice and self-care guidance, and ensure patients are directed to the most appropriate service or level of care. The nurse will work autonomously within their scope of practice while recognizing when escalation, urgent assessment or emergency intervention is required.The role requires excellent clinical judgement, communication skills and sensitivity when discussing confidential and potentially distressing sexual and reproductive health concerns.Key ResponsibilitiesTelephone Clinical Assessment & Triage Conduct comprehensive, structured telephone assessments of patients presenting with sexual and reproductive health concerns including during and after abortion. Identify presenting symptoms, relevant medical and reproductive history, medication, allergies, pregnancy status and other relevant risk factors. Assess clinical urgency and determine the appropriate pathway for care. Recognise red-flag symptoms requiring urgent or emergency assessment and escalate appropriately. Provide clear, safe and evidence-based clinical advice within professional scope of practice. Support patients with appropriate self-care and safety-netting advice where clinically suitable. Arrange or facilitate onward referral to appropriate services, including urgent care, emergency departments, primary care, sexual and reproductive health services or other specialist services. Provide appropriate",https://app.nursefern.com,Triage,NurseFern,2026-10-07T16:09:15.118154
TELEHEALTH REGISTERED NURSE (WED-SAT SHIFT),Hey Jane,2026-10-07,Remote,Remote,Full-time,,"Must Be Licensed In: Compact, California, Colorado, Illinois, Nevada, New Jersey, New York, Ohio, Michigan, Virginia","$90,000 - $93,000 Salary","Unless otherwise noted, all positions are fully remote with work permitted from the following states: CA, CO, HI, IL, MA, MD, NJ, NM, NY, OR, and WA. We are living through a pivotal moment for reproductive and sexual health-and Hey Jane is uniquely positioned to help. From day one, we've been committed to providing safe, discreet medication abortion treatment-and have helped more than 100,000 people get the care they need. Today, we offer a range of reproductive and sexual health care services from the comfort and convenience of your phone. Our in-house clinical care team, composed of board certified doctors, advanced practice clinicians, nurses, and patient care advocates, is just a text message away. We're committed to helping our patients get safe, discreet, judgment-free virtual health care, from a team that truly cares. Role Overview We are seeking a compassionate, detail-oriented Registered Nurse who is committed to reproductive justice and trauma-informed care, and energized by the opportunity to expand access to safe, patient-centered abortion care through telemedicine. In this role, you will provide direct clinical support to patients undergoing medication abortion. As a remote RN, you will respond to patient's medical questions and concerns, delivering timely triage, clinical assessment, and patient-specific nursing guidance. You'll ensure every patient feels heard, supported, and cared for-providing culturally responsive, evidence-based care during moments that matter most. We are currently hiring for a full time RN. Working hours: 10 hr shifts - 12pm-10pm ET / 9am-7pm ET Working days: Wednesday, Thursday, Friday, and Saturday Compensation: $90k-$93k Anticipated start: December 2026 Qualifications 2+ years of clinical experience as an RN (BSN required) preferably in telehealth 1+ year experience providing abortion & reproductive healthcare Active state licensure (RN) in least one of the following states: CA, CO, IL, MI, NJ, NV, NY, OH, VA or co",https://app.nursefern.com,"Case Management (CM), Triage, Telehealth",NurseFern,2026-10-07T16:09:17.182431
REGISTERED NURSE TRIAGE AND TRANSITIONS TEAM PRN,Intermountain Health,2026-10-07,Remote,Remote,Part-time,,Must Be Licensed In: Colorado,$35.22 - $53.29 Salary,"The RN Transition and Triage Care Manager offers comprehensive, time-limited services to patients and their families, ensuring continuity of care as they move across healthcare settings and clinicians. This role aims to prevent health complications, connect patients to resources, and guide them to the appropriate level of care. Utilizing clinical expertise, technology, and evidence-based practices, the manager assesses, plans, implements, and evaluates patient care through telephone or digital communication methods. Effective collaboration with patients, families, healthcare providers, payers, community-based providers, and other involved parties is essential to deliver efficient, effective, and patient-centered care management services. The manager operates in various settings, including triage, transitions of care, clinics, communities, and post-acute care environments. Essential Functions Patient Identification and Assessment: Identifies patients for proactive interventions using specific screening criteria, medical record review, payor models, medical risk scores, or referrals. Assesses patients' medical, functional, and social conditions per department policy/guidelines to develop individualized care plans, care recommendations, or referrals as appropriate. Care Plan Management: Coordinates with internal and external services for social determinants of health (SDoH) needs and care in the community. Evaluates the effectiveness of the patient's care plan and outcomes. Modifies the plan of care or specific interventions, as appropriate. Acute Symptom Triage: Conducts remote nursing assessments: Utilizes critical thinking skills to assess patient symptoms, medical history, and concerns, applying evidence-based protocols to determine appropriate care recommendations. Patient Support: Supports patient self-management and behavior change through health coaching, care navigation, care coordination, and education of identified patient/caregiver/family to identify and",https://app.nursefern.com,Triage,NurseFern,2026-10-07T16:09:19.249766
"NURSE PRACTITIONER, 24/7 CARE (1099)",Teladoc,2026-10-07,Remote,Remote,Contract,,"Must Be Licensed In: State Of Residency, Any State",$0 - $0 Salary,"We are seeking experienced Family Nurse Practitioners who are board certified through the ANCC (American Nurses Credentialing Center) or AANP (American Association of Nurse Practitioners) and committed to delivering exceptional virtual care experiences. In this role, you'll deliver comprehensive virtual care through on-demand visits through a variety of modalities to provide patients with timely, convenient care whenever and wherever they need it. As an independent contractor, you can either add to your current clinical practice or build an entire telemedicine practice depending on the state(s) you are licensed in. This position supports hiring 100% remote within the U.S. What We Offer: Teladoc Health APPs incorporate telehealth into their practices to help more patients access affordable, quality care. We offer a convenient way to increase your income without additional overhead expenses. Registered members using our services come from health insurance plans, employers, hospitals, and unions. Common illnesses we treat include cold/flu symptoms, bronchitis, allergies, sinusitis and UTI's. We offer strong clinical guidelines within our platform, along with required training prior to accepting consults. Accessible and easy-to-use telehealth platform via the web or on our mobile app. Simple documentation requirements using our proprietary software. Free medical malpractice insurance while practicing on the Teladoc platform, and continued coverage if you decide to leave Teladoc Health. Required Qualifications: Advanced Practice Registered Nurse with either a Master of Science in Nursing (MSN) or Doctor of Nursing Practice (DNP) 3+ years of clinical experience as a Nurse Practitioner with urgent care or emergency medicine. Candidates must hold active, unrestricted licensure in a minimum of four (4) states at the time of hire. Must hold an active Drug Enforcement Agency (DEA) Must be nationally NP board certified: FNP-BC or FN",https://app.nursefern.com,Telehealth,NurseFern,2026-10-07T16:09:23.382097
PATIENT PLACEMENT AND TRANSFER CENTER MGR. - PATIENT PLACEMENT CENTER,UTMB Health,2026-10-06,Remote,On-site,Full-time,,Must Be Licensed In: Texas,$0 - $0 Salary,"EDUCATION & EXPERIENCE Minimum Qualifications: Bachelor's degree in nursing Five (5) years experience in healthcare, three of the five years in a lead/supervisory experience. Preferred Qualifications: (For Associate Director and above jobs. ) Nursing degree preferred. Master's degree preferred. Working knowledge of multiple healthcare information system applications is preferred. Five years of clinical practice is preferred. Two years of emergency department/critical care experience preferred. JOB DESCRIPTION: The Patient Placement and Transfer Center Manager manages all UTMB's bed placement and transfer center functions. The primary responsibility will be to coordinate the timely and efficient bed assignment and transfer of patients from referring facilities or departments to appropriate levels of care within the hospital. The manager will lead a team of nurses and placement coordinators, ensuring smooth communication and collaboration among various community hospitals, insurance companies, vendors, departments, and stakeholders involved in patient transfers. ESSENTIAL JOB FUNCTIONS Oversight of registered nurses and patient placement coordinators who coordinate bed assignments, all incoming transfers, and patient flow for all UTMB hospitals. Exhibits effective communication and collaboration with hospital and community leadership. Responsible for 24/7 operation including clinical operations, staffing, quality assurance, compliance, data analytics and reporting, and financial management, ensuring operations function in a manner that complies with standards of practice. Ongoing accountability for the continuous assessment, improvement, coordination, and integration of the department services and standards of care into the UTMB's primary function. Works closely with the Director, Medical Director, and the Chief Medical Officer to project and prepare annual operating budgets. Monitors fiscal budget to control operational and capital expenditures while mon",https://app.nursefern.com,,NurseFern,2026-10-07T16:09:27.535957
CASE MANAGER UTILIZATION RN,Kaiser Permanente,2026-10-06,Remote,On-site,Full-time,Nights,Must Be Licensed In: California,$82.74 - $101.26 Salary,"Works collaboratively with an MD to coordinate and screen for the appropriateness of admissions and Continued stays. Makes recommendations to the physicians for alternate levels of care when the patient does not meet the medical necessity for Inpatient hospitalization. Interacts with the family, patient and other disciplines to coordinate a safe and acceptable discharge plan. Functions as an indirect caregiver, patient advocate and manages patients in the most cost effective way without compromising quality. Transfers stable non-members to planned Health care facilities. Responsible for complying with AB 1203, Post Stabilization notification. Complies with other duties as described. Must be able to work collaboratively with the Multidisciplinary team, multitask and in a fast pace environment. Essential Responsibilities: Plans, develops, assesses and evaluates care provided to members. Collaborates with physicians, other members of the multidisciplinary health care team and patient/family in the development, implementation and documentation of appropriate, individualized plans of care to ensure continuity, quality and appropriate resource use. Recommends alternative levels of care and ensures compliance with federal, state and local requirements. Assesses high risk patients in need of post-hospital care planning. Develops and coordinates the implementation of a discharge plan to meet patients identified needs; communicates the plan to physicians, patient, family/caregivers, staff and appropriate community agencies. Reviews, monitors, evaluates and coordinates the patients hospital stay to assure that all appropriate and essential services are delivered timely and efficiently. Participates in the Bed Huddles and carries out recommendations congruent with the patients needs. Coordinates the interdisciplinary approach to providing continuity of care, including Utilization management, Transfer coordination, Discharge planning, and obtaining all authorizations/approva",https://app.nursefern.com,"Case Management (CM), Utilization Review & Management (UR/UM)",NurseFern,2026-10-07T16:09:29.598892
"RN, CANCER SCREENING & PREVENTION",Color,2026-10-06,Remote,Remote,Full-time,Days,Must Be Licensed In: State Of Residency,"$110,000 - $120,000 Salary","We are seeking a dedicated and experienced Registered Nurse (RN) to join our Virtual Cancer Clinic care team. This role is critical in supporting patients who report symptoms, need education and follow-up after abnormal screening results, and require timely coordination to get the care they need. You work in partnership with our care team including physicians, advanced practice providers, genetic counselors and care advocates. The ideal candidate will be passionate about cancer screening & prevention, adept at using telehealth technology, and committed to improving outcomes. You deeply understand the challenges that patients face, the importance of cancer screening, and you are passionate about helping large populations achieve better health outcomes. How You'll Contribute: Serve as a vital clinical resource for our cancer screening & prevention population by assisting with triage, care coordination, and education via phone & async messaging. Conduct clinical and needs assessments to identify and address patient needs. Perform telephone visits with patients who report symptoms, ensuring these symptoms are being addressed appropriately, helping coordinate follow up care, and escalating to the next level of care when needed. Follow up on abnormal cancer screening results by ensuring patients receive results, educating patients on next steps, helping coordinate follow up appointments until the appropriate work up is complete. Review annual patient engagement surveys to verify if screening needs have changed or patients have new clinical needs to be addressed. Provide compassionate, empathetic care, establishing close, trust-based relationships with patients, and going above and beyond to help and support the patient. Collaborate with Care Advocates to address non-clinical support and care needs. Develop clinical protocols and best practices to coordinate care and provide clinical support to patients from screening to survivorship, in close collaboration wit",https://app.nursefern.com,Case Management (CM),NurseFern,2026-10-07T16:09:31.663987
TELEHEALTH CLINICAL RESOURCE NURSE,Equum,2026-10-06,Remote,Remote,Full-time,"8hr shifts, 12hr shifts","Must Be Licensed In: Compact, New York",$0 - $0 Salary,"As a Telehealth Clinical Resource Nurse, you will serve as a centralized clinical resource supporting hospitals and healthcare partners nationwide. This role combines advanced clinical judgment, real-time patient surveillance, interdisciplinary care coordination, and staff support to improve patient care outcomes across multiple care settings. Unlike traditional bedside nursing, this position focuses on proactive patient monitoring, clinical escalation, workflow optimization, and collaboration with on-site teams through Equum's virtual care platform. WHY JOIN US? Apply your acute care expertise across multiple patient populations and healthcare environments while helping hospitals deliver safer, more efficient care. Work in telehealth environment that allows you to focus on clinical excellence without the physical demands of direct bedside care. Work/Life Balance: Structured 8 and 12-hour shifts with shift differentials and flexible scheduling. Comprehensive Benefits: Medical, Dental, Vision, 401(k), Paid Time Off, Life/Disability Insurance. KEY RESPONSIBILITIES Monitor patient status remotely using advanced telehealth technology and electronic health record systems (Epic, Cerner, Meditech). Identify changes in patient condition and facilitate appropriate clinical escalation and intervention. Support bedside clinicians through real-time clinical consultation and workflow guidance. Coordinate communication among physicians, nurses, case managers, and other members of the care team. Assist with adherence to evidence-based practices, quality initiatives, and patient safety protocols. Document clinical activities and recommendations within designated electronic health record systems. Participate in multidisciplinary rounds and care coordination activities across partnered healthcare facilities. Serve as a clinical resource for hospitals, emergency departments, intensive care units, step-down units, post-acute settings, and home-based care programs. REQUIREMENTS Act",https://app.nursefern.com,"Case Management (CM), Telehealth, Virtual Care, Remote Patient Monitoring (RPM)",NurseFern,2026-10-07T16:09:35.795937
"NURSE CARE MANAGER, PRAXIS HEALTH",Praxis Health,2026-10-06,Remote,Remote,Full-time,"8hr shifts, 9hr shifts","Must Be Licensed In: Idaho, Oregon, Washington",$30 - $37 Hourly,"Join Our Team as a Nurse Care Manager! **Remote opportunity for residents of Oregon, Washington, and Idaho.** The Nurse Care Manager supports patients through every stage of their healthcare journey by coordinating care, ensuring timely follow-up, and promoting evidence-based practices. This role bridges communication between patients, families, and providers to improve outcomes, reduce avoidable hospitalizations, and enhance patient satisfaction across Praxis Health clinics. Compensation: $30-$37/hour, depending on experience Schedule: Full-time; Monday-Friday, 8-hour shifts, or four 9-hour shifts per week We are excited to share with you a short video that shows why the Praxis Health family is so special. Please click here: https://youtu.be/MrNWtn42prY Essential Duties and Responsibilities The following essential job functions are intended to describe the general nature and level of work performed. They are not intended to be an exhaustive list of all responsibilities, duties, and skills required. Reasonable accommodations may be made to enable individuals with disabilities to perform the essential functions. Serve as a patient advocate and navigator, guiding patients and caregivers through the healthcare system. Review provider notes, discharge summaries, and clinical documentation to provide personalized patient education based on condition-specific knowledge and best practices. Complete emergency room and hospital follow-up calls, offering education on alternative access points (e.g., urgent care, same-day appointments, telehealth) to reduce avoidable ED visits. Perform comprehensive medication and allergy reconciliation with patients, caregivers, or facilities; verifying names, dosages, and frequencies per clinical protocols. Facilitate medication education and adherence support, including alignment with standing orders, protocols, and chronic disease management goals. Identify and support high-risk patients, including those with chronic conditions, f",https://app.nursefern.com,Case Management (CM),NurseFern,2026-10-07T16:09:37.866600
REGISTERED NURSE TRANSFER CENTER,Ascension,2026-10-06,Remote,Remote,Full-time,"12hr shifts, Nights",Must Be Licensed In: Wisconsin,$36.37 - $68.46 Salary,"Your future role at a glance Location: Remote - Must be within 1 hour of Milwaukee, WI Department: Transfer Center Schedule: Night shift | 7pm - 7am | Full-time How you'll make an impact in this role Facilitate patient movement across markets based on acuity, bed availability, and service requirements. Collaborate with multidisciplinary teams to ensure appropriate levels of care. Connect requesting physicians with specialty consultants and maintain relationships with referral sources. Assist and maintain records with pre-registration, insurance verification, and overall care processes for process improvement purposes. Monitor status changes and relay pertinent medical reports to admitting physicians and nursing units. What minimum requirements you'll need Licensure / Certification / Registration: Registered Nurse obtained prior to hire date or job transfer date required. BLS Provider preferred. American Heart Association or American Red Cross accepted. Education: Diploma from an accredited school/college of nursing OR Required professional licensure at time of hire. Bachelors in Nursing Additional Preferences: 2+ years Emergency Department (ED) experience, charge nurse or some type of leadership Benefits that help you thrive Comprehensive health coverage: medical, dental, vision, prescription coverage and HSA/FSA options Financial security & retirement: employer-matched 403(b), planning and hardship resources, disability and life insurance Time to recharge: pro-rated paid time off (PTO) and holidays Career growth: Ascension-paid tuition (Vocare), reimbursement, ongoing professional development and online learning Emotional well-being: Employee Assistance Program, counseling and peer support, spiritual care and stress management resources Family support: parental leave, adoption assistance and family benefits Other benefits: optional legal and pet insurance, transportation savings and more Life at Ascension: Where purpose meets opportunity Ascension is a leading",https://app.nursefern.com,,NurseFern,2026-10-07T16:09:42.003633
RN - TRANSFERS AND ADMISSIONS CENTER,Piedmont,2026-10-06,Remote,On-site,Full-time,,Must Be Licensed In: Georgia,$0 - $0 Salary,"Overview: Experience the advantages of real career change Join Piedmont to move your career in the right direction. Stay for the diverse teams you'll love, a shared purpose, and schedule flexibility that frees you to live for what matters both in and outside of work. You'll feel valued, motivated to be your best, and recognized for your contributions to exceptional patient outcomes. Piedmont leaders are in your corner, invested in your success. Our wellness programs and comprehensive total benefits and rewards meet your needs today, and help you plan for the future. As an RN, your dedication to holistic, patient-centered care in your community is deeply valued. Piedmont supports nurses with the compensation, work/life balance, and resources they deserve. You'll work in a positive, collaborative environment alongside dedicated team members, and use state-of-the-art technology that strengthens patient care and services. You may participate in clinical research that opens doors to working on the forefront of medical advances and changes patient lives. Apply today to make a positive difference in every life you touch. Responsibilities: The staff nurse provides nursing care to patients from birth through the lifecycle utilizing nursing processes to assess, plan, implement, and evaluate the care for patients. He/she functions within the framework of the policies and procedures of the organization and demonstrates professional growth and accountability. The staff nurse is responsible for maintaining standards of practice, coordinating patient care activities of all assigned staff in the provision of quality nursing care. Qualifications: Education Graduate from a recognized, accredited school of nursing Required Bachelor's Degree Preferred Work Experience No experience required New Graduates of a nursing program eligible Required Nursing Experience in Hospital Setting Preferred 1 year in a hospital setting for PRN positions Preferred Licenses and Certifications RN - R",https://app.nursefern.com,,NurseFern,2026-10-07T16:09:44.115074
SERVICE ACCESS NURSE - INPATIENT/SURGERY PRESERVICE VERIFICATION (100% REMOTE POSITION),Duke Health,2026-10-06,Remote,Remote,Full-time,Days,"Must Be Licensed In: Compact, North Carolina",$0 - $0 Salary,"Duke University Health System - Patient Revenue Management Office (PRMO) seeks to hire an experienced Service Access Nurse who will embrace our mission of Advancing Health Together. Job Summary Manage patient intake process (including patient triage and admissions) for non-critical transfer patients into Duke University Health System from referring hospitals, clinics, and physicians offices, ensuring appropriate level of care and financial screening. Work Performed Evaluate appropriate level of patient care, utilizing expert level clinical decision making to determine severity of illness for all elective, urgent and emergent admissions. Requires expert level analysis of patient clinical information and formulation of an accurate assessment of the patient and his/her condition. Coordinate with patient, physicians, nursing and/or clinical staff when requirements of admission are not met/authorized, requiring facilitation of alternative care arrangements, physician/administrative override, or delay in service. Responsible for collecting accurate and viable patient insurance information, and escalating all self-pay patients through the appropriate financial screening process (i.e. POMC, Medicaid, CharityCare, patient liability). Coordinate with physician, nursing and/or clinical staff in determining that the following have all been secured: (1) referral authorizations,(2) prior approval of specific treatments and surgical procedures, and(3) second surgical opinions of specific treatment/surgical procedures. Analyze clinical and financial information received on proposed admissions for coding accuracy, difficulty in obtaining authorization, and potential for financial issues. Initiate and facilitate pre-admission and pre-certification authorizations, requiring the detailed evaluation of clinical documentation. Responsible for ensuring all scheduled surgical cases are reconciled with the appropriate billing system. Ensure inpatient vs. outpatient scheduli",https://app.nursefern.com,Case Management (CM),NurseFern,2026-10-07T16:09:46.180793
REGISTERED NURSE TEAM LEAD,Twin Health,2026-10-06,Remote,Remote,Full-time,Days,Must Be Licensed In: State Of Residency,"$90,000 - $112,000 Salary","Join us in one of our most critical clinician roles, inspiring behavior change and motivating members to adopt new behaviors and improve their health. As an RN at Twin you make a difference in people's lives every day by providing clinical guidance, support, education, and encouragement to empower your members seeking to prevent and reverse chronic metabolic diseases and improve their overall health. The RN Team Lead role is a great fit for you if you have experience managing operational initiatives, driving or supervising teams and their work, delivering on results and building rapport with departmental partners. You are also highly motivated, energetic, and focused on enhancing the quality of healthcare. You have demonstrated the ability to work collaboratively with an interdisciplinary care team in the adoption of new technologies to coordinate care, engage in shared decision making, and achieve successful clinical outcomes. You are comfortable leveraging data in observing trends and developing corrective action plans to facilitate the transformation of member lives. Join Us This is an exciting role for a Registered Nurse with a diverse healthcare systems background. Join us to use your finely-tuned skills providing patient care and overseeing team successes in accomplishing outcomes. You will also support a dynamic care team in identifying member goals, health priorities and learning opportunities. This will include acting independently to determine methods and procedures on new or special assignments, collaborating with partners and teams, while leading and overseeing direct reports. Other skill set considerations in",https://app.nursefern.com,"Case Management (CM), Triage, Quality",NurseFern,2026-10-07T16:09:48.247883
VIRTUAL NURSE COORDINATOR (PER DIEM),DispatchHealth,2026-10-06,Remote,Remote,PRN/Per Diem,,Must Be Licensed In: State Of Residency,$38 - $51 Hourly,"The Virtual Nurse Coordinator(VNC) serves as a key member of the Hospital at Home team, delivering comprehensive, patient-centered acute care in the home as a safe and effective alternative to traditional hospitalization. Leveraging advanced clinical judgment, critical thinking, technology, and evidence-based practice, the RN provides coordinated virtual and in-home care while serving as a patient advocate throughout the care journey. Working collaboratively with interdisciplinary teams, the RN coordinates transitions of care, assesses patients' clinical and psychosocial needs, addresses social determinants of health, and partners with patients, caregivers, and community resources to promote successful recovery. As the primary point of contact for patients and care providers, the RN ensures seamless communication, continuity of care, patient safety, and adherence to organizational standards and clinical protocols. This role contributes to the ongoing development and refinement of an innovative home-based care model by improving patient outcomes, reducing hospital readmissions and emergency department utilization, enhancing the patient and provider experience, and advancing the delivery of high-quality, coordinated healthcare in the home. ESSENTIAL DUTIES AND RESPONSIBILITIES (Other duties may be assigned) Utilize clinical judgment and critical thinking to assess, monitor, and respond to changes in patient condition, escalating concerns appropriately. Coordinate care across the interdisciplinary team to ensure seamless transitions, continuity of care, and timely interventions. Serve as a patient and family advocate by promoting shared decision-making, patient education, and engagement throughout the care journey. Collaborate with patients, caregivers, providers, community partners, and ancillary services to develop and implement individualized care plans. Assess and address clinical, psychosocial, environmental, and social determinants of health that may impa",https://app.nursefern.com,Virtual Care,NurseFern,2026-10-07T16:09:50.312266
Field Care Manager Nurse,Humana,2026-10-05,"Illinois, United States",Remote,Regular | Perm Employee,Regular | Perm Employee,Remote with Travel,"$71,100 - $97,800","Become a part of our caring communityHumana Gold Plus Integrated is seeking a Field Care Manager Registered Nurse (RN) to assess and evaluate member's needs and requirements to achieve and/or maintain optimal wellness state by guiding members and families toward resources appropriate for the care and wellbeing of members. The Field Care Manager Nurse employs a variety of strategies, approaches, and techniques to manage a member's physical, environmental, and psycho-social health issues.The Field Care ManagerRegisteredNursekey roles and responsibilities may include the following:Identifiesand resolves barriers that hinder effective care.Ensurespatient is progressingtowards desired outcomes by continuouslymonitoringpatient care through assessments and/or evaluations.Createsplansofcare.Communicates with internal and external stakeholders.Understands department, segment, and organizational strategy and operatingobjectives, including their linkages to related areas.Makes decisionsregardingown work methods, occasionally in ambiguous situations, and requires minimal direction and receives guidance where needed.Follows establishedguidelines/procedures.VisitsMedicaid members in their homes,SupportiveLiving Facilities, and/or Long-Term Care Facilities and other care settings - 75-90% local travel (see Additional Information section).Upon hire, this role will be assigned to support either MLTSS or LTSS based on business needs.Use your skills to make an impactRequired QualificationsMustresideinthestate of Illinois.Registered Nurse in the state of Illinois without disciplinary action.2+ years ofexperience ofin-home case/care management.Experience working with the adult population.Knowledge of community health and social service agencies andadditionalcommunity resources.Exceptional communication and interpersonal skills with the ability to quickly build rapport.Ability to work with minimal supervision within the role and scope.Ability to use a variety of electronic informationapplications/softwareprograms including electronic medical records.Intermediate toAdvanced computer skills and experience with Microsoft Word, Outlook, and Excel.Excellent keyboard and web navigation skills.Preferred QualificationsBachelor of Science in Nursing (BSN).3+ years of in-home assessment and care coordination experience.Experience with Medicare/Medicaid members.Experience with health promotion, coaching, and wellness.Previousmanaged care experience.Bilingual - English, Spanish.Certification in Case Management.Motivational Interviewing Certification and/or knowledge in area.Additional InformationWorkstyle/Travel:This is a Hybrid-Home position that requires occasional onsite work atthemarket office in Schaumburg,Illinois, aswell75-90% travel in the field to visit membersthroughout Illinois.Work Schedule:Typically,Monday - Friday; 8am - 5pm CSTTravel:Requires travel, 75-90% of the timeBenefits:Benefits are effective on day 1.Full timeAssociates enjoy competitive pay and a comprehensive benefits package that includes 401k, Medical, Dental, Vision and a variety of supplemental insurances, tuitionassistanceand much more.This role is considered patient facing and is part of Humana's Tuberculosis (TB) screening program. If selected for this role, you will be required to be screened for TB.This role is part of Humana's driver safety program and therefore requires an individual to have a valid state driver's license and are expected to maintain personal vehicle liability insurance. Individual must carry vehicle insurance in accordance with their residing state minimum required limits, or $25,000 bodily injury per person/$25,000 bodily injury per event /$10,000 for property damage or whichever is higher.Work at Home Requirements: To ensure Home or Hybrid Home/Office employees' ability to work effectively, the self-provided internet service of Home or Hybrid Home/Office employees must meet the following criteria: At minimum, a download speed of 25 Mbps and an upload speed of 10 Mbps is required; wireless, wired cable or DSL connection is suggested. In certain roles, the minimum recommended internet speed required by Humana may not be sufficient for business needs. Humana reserves the right to require associates to upgrade their internet service if necessary. Work from a dedicated space lacking ongoing interruptions to protect member PHI / HIPAA information.Travel: While this is a remote position, occasional travel to Humana's offices for training or meetings may be required.Scheduled Weekly Hours40Pay RangeThe compensation range below reflects a good faith estimate of starting base pay for full time (40 hours per week) employment at the time of posting. The pay range may be higher or lower based on geographic location and individual pay will vary based on demonstrated job related skills, knowledge, experience, education, certifications, etc.$71,100 - $97,800 per yearThis job is eligible for a bonus incentive plan. This incentive opportunity is based u...",https://click.appcast.io/t/y70QjgVcaYbfF0GSjvw8Do5XL8O1m3WdJjmV-ubYasKVQa9K9Oxg0hA3-C-dXTjh,"Case Management | Care Management, Entry Level, Registered Nurse | RN, Sponsored",Remote Nurse Connection,2026-10-07T16:08:36.824996
Hospice Registered Nurse (RN) Case Manager,PruittHealth,2026-10-05,"Macon, Georgia, United States",On-site,Regular | Perm Employee,Regular | Perm Employee,ON-SITE,,"KEY BENEFITS:* Flexible Spending Account* Paid Orientation* Health Savings Account* Flexible Schedule* Profit sharing* Employee Assistance Program* Retirement Plan* Health Insurance, Vision Insurance, Dental Insurance, Life Insurance, Tuition Reimbursement program, Paid Time OffREGISTERED NURSE CASE MANAGER (RN)HOSPICE SERVICESJoin the PruittHealth Hospice family, where the health and safety of our workforce is our top priority!We're not only committed to your career, we're committed to the health and safety of all our patients and nurses.If you're looking to be a part of a uniquely specialized team of caregivers providing hospice care in the patient's home or care facility, then now is the time to join one of the leading providers of post-acute care.PruittHealth Hospice will help you conquer your career goals.At PruittHealth, we are searching for caregivers who are committed to serving our patients with care and compassion,and in return, we are committed to supporting your nursing careerthrough top-of-market pay, flexible schedules, comprehensive health plans, and more.Investing in Our Employee-Partners with BenefitsTop-of-market payAnnual merit increasesPaid time offEmployee Referral Bonus ProgramPreceptorship Program and hands-on trainingCompetitive mileage reimbursement ratesComprehensive health plans401(k) and profit-sharing plansResponsibilitiesComplete evaluations, assessments, and treatments in accordance with policy and the individualized care planComplete all documentation and records in a timely and accurate mannerFollow established policies and procedures as related to the scope of practiceMaintain continuity of patient care in a hospice settingLICENSURE, CERTIFICATION, AND EDUCATIONAL REQUIREMENTSCurrent, active, and unrestricted Registered Nurse (RN) licensure in the state of practiceFamily Makes Us Stronger.Our family, your family, one family. Committed to loving, giving, and caring. United in making a difference.We are eager to connect with you!Apply Nowto get started at PruittHealth Hospice!As an Equal Employment Opportunity employer, all qualified applicants will receive consideration without regard to race, color, religion, sex, national origin, disability, or veteran status.For Florida Job Postings Only:For more information regarding Florida's Care Provider Background Screening Clearinghouse Education and Awareness, please visit#HS1",https://click.appcast.io/t/wFqUfYc9aiyXybW3J_f__NgU0DiOqzxx-FTFPHyIHCI4ZleB5RLAXW-YGJrnMWBh,"Case Management | Care Management, Entry Level, Hospice, Registered Nurse | RN, Sponsored",Remote Nurse Connection,2026-10-07T16:08:37.144082
Senior Clinical Surveyor - Healthcare,DNV,2026-10-01,"Maryland, United States, Mississippi, United States",Remote,Regular | Perm Employee,Regular | Perm Employee,Remote with Travel,$90000- $100000,"DNV's Healthcare Division is seeking to fill the role of Clinical Surveyor. This position can be remote from anywhere in the Continental U.S with travel to customer sites up to 100% of the time.DNV's Healthcare Division is the vanguard of quality improvement in the healthcare industry through promoting adoption and ensuring compliance with internationally recognized ISO 9001 quality management and NIAHO accreditation standards. Our teams of highly qualified healthcare professionals work as trusted partners with providers nationwide to ensure the highest quality and safest care.What you'll doParticipate as a member of the healthcare survey team ensuring provider compliance with the guidelines, principles and written instructions established by DNV.Work independently to survey healthcare organizations throughout the United States.Apply analysis and reasoning skills to determine healthcare organizations' degree of compliance with applicable standards and ISO principles.Prepares management reports linked to standard nonconformities with potential system(s) vulnerabilities and related organizational risk points.Effectively communicates (constructive and collegial) and engages with healthcare organization staff in interactive dialogues on standards-based issues to assess compliance and to identify opportunities for improving compliance.Where applicable, supervise the work and provide guidance and/or training to other survey team members.Attend scheduled educational calls.Complete all required ongoing training and educational requirements.Participates in other DNV activities as assigned.ResponsibilitiesGenerous paid time off (vacation, sick days, company holidays, personal days)Multiple Medical and Dental benefit plans to choose from, Vision benefitsSpending accounts - FSA, Dependent Care, Commuter Benefits, company-seeded HSAEmployer-paid, therapist-led, virtual care services through Talkspace401(k) with company matchCompany provided life insurance, short-term, and long-term disability benefitsEducation reimbursement programFlexible work schedule with hybrid/remote opportunitiesCharitable Matched Giving and Volunteer Rewards through our Impact ProgramVolunteer time off (VTO) paid by the companyCareer advancement opportunities**Benefits may vary based on position, tenure, location, and employee electionDNV is a proud equal opportunity employer committed to building an inclusive and diverse workforce. All employment is decided on the basis of qualifications, merit or business need, without regard to race, color, religion, age, sex, sexual orientation, gender identity, national origin, disability or protected veteran status.DNV is committed to ensuring equal employment opportunity, including providing reasonable accommodations to individuals with a disability. US applicants with a physical or mental disability who require a reasonable accommodation for any part of the application or hiring process may contact the North America Recruitment department ([email protected]). Information received relating to accommodations will be addressed confidentially.For California, Washington, New York, Washington, D.C., Illinois, and Maryland: ""DNV provides a reasonable range of compensation for this role. The actual compensation is influenced by a wide array of factors, including but not limited to skill set, level of experience, and specific location. For the states of California, Washington, New York, Washington, D.C., Illinois, and Maryland only, the starting pay range for this role is $90000- $100000Deadline to Apply: October 23, 2026QualificationsWhat is requiredPhysician Surveyor: Must have a degree of Doctor of Medicine (MD), or Doctor of Osteopathy (DO) and possess a current and valid state-issued medical licensure.Nurse Surveyor: Must have graduated from an approved school of nursing and possess a current and valid state-issued RN (BSN)license.Minimum five (5) years of experience within the healthcare environment or related field such as risk or quality management.Excellent customer service skills.Working efficiency in MS Office including creating accurate and timely reportsEthical standards.Willingness and ability to travel to customer sites up to 100% of the time, including mostly overnight stays and U.S.travel often outside of normal working hours and occasional weekends.Strong written and verbal English communication skills:(i.e. ability to speak comfortably in public, critical thinking, interpersonal, problem solving, interviewing, teamwork, organizational, analytical empathetic, able to communicate effectively, respond calmly, and make decisions when assessing practices and procedures against the DNV accreditation or certification requirements.)Affable style (nice)Valid driver's license and be able to rent and drive a car and travel on public conveyances, when required.We conduct a pre-employment background check and drug scree.What is PreferredNIAHO Standards applicationISO 9001 ExperienceAuditor experience and sta...",https://ecyq.fa.em2.oraclecloud.com/hcmUI/CandidateExperience/en/sites/CX_1/job/7635?utm_source=remotenurseconnection&utm_medium=jobboard,"Registered Nurse | RN, Risk Management",Remote Nurse Connection,2026-10-07T16:08:37.585732
RN Case Manager,Florida Blue,2026-10-01,United States,Remote,Regular | Perm Employee,Regular | Perm Employee,Remote,,"Get To Know Us!WebTPA, a GuideWell Company, is a healthcare third-party administrator with over 30+ years of experience building unique benefit solutions and managing customized health plans.What is your impact?The RN Case Manager primary responsibility is to create, implement, and monitor treatment plans to assist patients/members in meeting their healthcare goals. You would use knowledge of healthcare and social services to assess needs and provide interdisciplinary care options in treatment planning for the member. This would include understanding the member's healthcare benefits and healthcare best practices needed for effective treatment planning.Key Job Details:Hours Monday to Friday ability to work 9a-6p CST or 10a-7p CST shift requiredCalifornia RN state licenseWhat Will You Be Doing:Case Management process includes assessing the member's health status and care coordination needs. Can include inpatient review and discharge planning, as well as possible outpatient management.Contact with patient, family, physicians, additional health care providers, and community resources. Contact with provider business offices and with the employer/client may also be required.Identification of alternative treatment plans, which would have to be approved by all parties. These alternative care plans will be based on quality care within cost containment guidelines, allowing available claims dollars to be used in the most judicious manner possible.Assessment of the clinical status and resultant sequela to coordinate the most appropriate service to meet the individual's health care needs. The Case Manager will then monitor the health status and the impact of the treatment plan for each client. The Case Manager will be responsible for altering the care plan as deemed appropriate by the dynamic, ever-changing client needs.Identification of services, resources, providers, and facilities that could best serve members in a timely and cost-effective manner, to promote optimum value for the client and reimbursement source.Development and implementation of Case Management goals, both short and long term, with documented care plans.Utilize technology/resources to evaluate the cost-effectiveness of the elected treatment plan, pre-implementation and post-implementation. This outcome measurement will be used in determining the effective results and in establishing future patient-centered care plans.Accurate and timely reporting as deemed appropriate by each client member.Medical record review to determine medical necessity of requested services.Interpreting individual health plans and authorizing/coordinating care in accordance with plan provisions.What You Must Have:5+ years related work experience with a professional background in clinical nursing and patient assessment.Related Bachelor's degree or additional related equivalent work experienceGraduate of an accredited school of nursingRN - Registered Nurse - State LicensureKnowledgeable in medical terminology, reasonable and necessary treatment plans, delivery quality health care services and cost containment practices.Ability to collaborate with cross-operational areas within the organization.What We Prefer:(CCM) Certified Case ManagerCompact State Licensure in good standing.Prior experience in utilization management or case management preferred, preferably within the managed care environmentIntensive care or higher-acuity patient experience preferred.Knowledge of managed care in a self-funded employer population is preferred.Ability to identify problems such as underutilization or overutilization of servicesAbility to promote and maintain quality care through analysisWhat We Can Offer YOU!To support your wellbeing, comprehensive benefits are offered. As a WebTPA employee, you will have access to:Medical, dental, vision, life and global travel health insuranceIncome protection benefits: life insurance, Short- and long-term disability programsLeave programs to support personal circumstancesRetirement Savings Plan includes employer contribution and employer matchPaid time off, volunteer time off, and 11 holidaysAdditional voluntary benefits available and a comprehensive wellness programEmployee benefits are designed to align with federal and state employment laws. Benefits may vary based on the state in which work is performed. Benefits for interns and part-time employees may differ.General Physical Demands:Sedentary work: Exerting up to 10 pounds of force occasionally to move objects. Jobs are sedentary if traversing activities are required only occasionally.We are an Equal Employment Opportunity employer committed to cultivating a work experience where everyone feels like they belong and can perform at their best in pursuit of our mission. All qualified applicants will receive consideration for employment.",https://fa-etum-saasfaprod1.fa.ocs.oraclecloud.com/hcmUI/CandidateExperience/en/sites/floridablue/job/42163?utm_source=remotenurseconnection&utm_medium=jobboard,"Case Management | Care Management, Registered Nurse | RN",Remote Nurse Connection,2026-10-07T16:08:37.722678
"Clinical Nurse Liaison - Optum Infusion IG, BIO - Remote in Western US",UnitedHealth Group,2026-10-01,"Sacramento, California, United States",Remote,Regular | Perm Employee,Regular | Perm Employee,Remote with Travel,"$88,500 - $132,800","Optum is a global organization that delivers care, aided by technology to help millions of people live healthier lives. The work you do with our team will directly improve health outcomes by connecting people with the care, pharmacy benefits, data and resources they need to feel their best. Here, you will find a culture guided by inclusion, talented peers, comprehensive benefits and career development opportunities. Come make an impact on the communities we serve as you help us advance health optimization on a global scale. Join us to startCaring. Connecting. Growing together.The Clinical Nurse Liaison, RN is responsible for patient education and strategic oversight in support of our sales strategy. This RN will work directly with sales to process Optum infusion referrals within the hospital system, serve as a key resource and effectively anticipates the needs of the customers and patients to develop solutions for their needs. This position requires sales training as directed by the Regional Sales Director.If you are located in Western US, you will have the flexibility to work remotely* as you take on some tough challenges.Primary Responsibilities:Conduct welcome calls and provide patient education on therapy, monitoring, and side effects; ensure patient is provided with the updates and tools they need for successful infusions both during our intake process and once on serviceMaintain and grow provider relationships and provide responsive customer service with assigned accountsConduct initial clinical assessment based on clinical information provided.Assist in creating letters of medical necessity as well as provide assistance the office/patient with the necessary clinical evidence to overturn a denialAssist sales representatives in ensuring assigned referrals result in a start of careManage clinical and account liaison team providing leadership/mentorship through regular 1:1 check ins and development callsLead regular cadence of meetings to foster a positive team culture and learn from best practicesFacilitate, along with Sales RRVP, all hiring, training and onboarding of Clinical Liaisons and maintain ongoing competency checkoffs as requiredField training and coaching by working alongside liaisons as determined by sales leadership teamCollaborate with regional leadership on development of growth strategies and initiativesManage metrics associated with defined roles and responsibilityYou'll be rewarded and recognized for your performance in an environment that will challenge you and give you clear direction on what it takes to succeed in your role as well as provide development for other roles you may be interested in.Required Qualifications:Current, unrestricted RN license in the state of practice2+ years of experience working with laptops and/or tablets - including the ability to type and talk at the same time and toggle between multiple applications1+ years of experience in a Clinical Liaison role1+ years of leadership and/or management experience1+ years of clinical educator experienceAbility to travel within local assigned territory up to 50%25; minimal overnight travel to occurPreferred Qualifications:2+ years of home healthcare experience1+ years of sales and customer service experienceProven knowledge of the Infusion Nursing standards (INS) and nursing processMeets expectations on most recent Common ReviewDemonstrated effective communication and teaching skills with patients, family members, and other staff membersProven understanding of business goals and sales strategy to build uponDemonstrated ability to solve complex problems and develop innovative solutionsDemonstrated ability to work autonomously, managing own workload and seeking out opportunities to expand service opportunitiesPay is based on several factors including but not limited to local labor markets, education, work experience, certifications, etc. In addition to your salary, we offer benefits such as, a comprehensive benefits package, incentive and recognition programs, equity stock purchase and 401k contribution (all benefits are subject to eligibility requirements). No matter where or when you begin a career with us, you'll find a far-reaching choice of benefits and incentives. The salary for this role will range from $88,500 - $132,800 annually based on full-time employment. We comply with all minimum wage laws as applicable.Application Deadline:This will be posted for a minimum of 2 business days or until a sufficient candidate pool has been collected. Job posting may come down early due to volume of applicants.At UnitedHealth Group, our mission is to help people live healthier lives and make the health system work better for everyone. We believe everyone-of every race, gender, sexuality, age, location and income-deserves the opportunity to live their healthiest life. Today, however, there are still far too many barriers to good health which are disproportionately experienced by people of color, historically marginalized groups ...",https://uhg.taleo.net/careersection/10030/jobdetail.ftl?job=2389861&lang=en&utm_source=remotenurseconnection&utm_medium=jobboard,"Entry Level, Home Health, Registered Nurse | RN, Sales",Remote Nurse Connection,2026-10-07T16:08:37.899345
Clinical Care CCM LVN - Remote Contact Center,Nsight Health,2026-10-01,United States,Remote,Regular | Perm Employee,Regular | Perm Employee,Remote,$24-$26,"CCM-Clinical LVN/LPNClinical | RemoteEmployment Type:Full timeAbout Nsight HealthNsight Health is transforming how care is delivered through Remote Patient Monitoring (RPM), Chronic Care Management (CCM), and Behavioral Health Integration (BHI). We empower healthcare providers to manage chronic conditions using real-time data, AI-enabled technology, and 24/7 clinical support. Our HIPAA-compliant platform connects patients and care teams nationwide-improving outcomes, adherence, and peace of mind. Join a fast-growing, mission-driven team that blends healthcare and technology to make a measurable difference in people's lives.Nsight Health - Where Technology Meets Compassion.AI Fluency Requirement - Non NegotiableNsight is an AI-first organization. Every member of our team is expected to actively use AI tools in their day-to-day work - not as a novelty, but as a core productivity multiplier. This role requires genuine curiosity about AI, comfort experimenting with tools like Claude, ChatGPT, and workflow automation platforms to support clinical documentation and care coordination tasks, and the judgement to know when AI helps and when it doesn't. If AI makes you uncomfortable, this is not the right role.Position SummaryWe are seeking a motivated and detail-oriented LVN/LPN to join our Chronic Care Management team. In this role, you will play a critical role in patient care by conducting high-volume outbound patient calls in a call center environment, including comprehensive assessment calls, developing and educating patients on care plans, performing Behavioral Health Integration (BHI) assessments, and assisting patients with medical device troubleshooting.Key ResponsibilitiesOperate in a high-volume clinical call center environment, managing a combination of inbound and outbound telephonic patient interactions throughout each shiftConduct outbound phone calls to check in on patients and address health concerns, maintaining an expected call volume of 70 to 90 calls per dayHandle inbound phone calls with efficiency and professionalism, triaging and routing appropriately based on clinical urgency in a fast-based and queue-based environmentRoute non-clinical inbound calls to the appropriate departments across the company, ensuring minimal hold times and a positive caller experienceConduct and document monthly Chronic Care Management (CCM) care plan calls, ensuring patients receive timely outreach and comprehensive care coordination in line with program requirementsCollaborate with providers to coordinate timely and effective patient care via telephonic communicationAccurately document all patient interactions in our clinical platform in real time, ensuring documentation is completed during each callConsistently meet or exceed individual and team performance metrics related to care quality, patient engagement, call handle times, response times, and adherence to protocol standardsAdapt to fluctuating call volumes and shifting priorities throughout the day while maintaining a high standard of patient careAdapt to ongoing clinical process changes and updated workflows as the department evolves to meet operational and patient care needsPivot to different workflows as needed, including CCM adherence calls, patient onboarding calls, and comprehensive chart reviews, particularly toward the end of each month to support departmental goalsMaintain compliance with company policies and applicable regulationsPerform other duties as assignedQualificationsRequired:Active LPN/LVN Compact License requiredPassionate about patient care, possessing the ability to relate with empathy and compassion. A passion for patient teaching is a must.Strong communication and organizational skillsProficient with computers, EMRs, and telehealth toolsPreferred:At least 1 year of nursing experience preferred (RPM, telehealth, or chronic care experience is a plus)Previous call center, teleservice, or high-volume phone-based work experience preferred.Work From Home RequirementsMinimum fiber internet speed of 50 Mbps download / 10 Mbps uploadHardwired internet connection requiredSpeed test submission required during the offer processPrivate, HIPAA-compliant workspaceScheduleMonday through Friday, 11:00 AM - 8:00 PM Eastern TimeTraining RequirementsAll new hires must complete a comprehensive training program:Duration:Four weeksSchedule:Monday through Friday, 9:00 AM - 6:00 PM Eastern TimeAttendance is mandatory to ensure readiness prior to independently supporting patients.Compensation & BenefitsCompetitive base pay: $24-$26/hrShift Differentials:Evening Differential: +$1.50/hour for hours worked after 7:00 PMLate-Night Differential: +$2.00/hour for hours worked after 10:00 PMWeekend Differential: +$1.50/hour for all hours worked Saturday and SundayShift differentials are paid in addition to base hourly wages and reflected in the applicable payroll cycle.Additional Compensation (If Applicable):Sign-On Bonus: $1,500 paid after 120 days of continuous empl...",https://workforcenow.adp.com/mascsr/default/mdf/recruitment/recruitment.html?cid=b5d414f1-c678-40aa-b82a-dc850387ea22&jobId=574404&utm_source=remotenurseconnection&utm_medium=jobboard,"Biotech | Health Tech | Medical Device, Entry Level, Licensed Practical Nurse | LPN | LVN, RPM | Remote Patient Monitoring, Triage | Telehealth",Remote Nurse Connection,2026-10-07T16:08:38.081665
Lead APP - Virtual Health Assessment,Oscar Health,2026-10-01,"District of Columbia, United States, North Carolina, United States, Massachusetts, United States, New Hampshire, United States, Pennsylvania, United States, California, United States, New Jersey, United States, Arkansas, United States, Colorado, United States, Illinois, United States, Michigan, United States, New York, United States, Virginia, United States, Arizona, United States, Florida, United States, Georgia, United States, Nevada, United States, Texas, United States, Ohio, United States",Remote,Regular | Perm Employee,Regular | Perm Employee,"In Person Meetings, Remote","$135,000- $176,000","Hi, we're Oscar. We're hiring a Lead Advanced Practice Provider (Nurse Practitioner or Physician Assistant) to join our Virtual Health Assessment team.Oscar is the first health insurance company built around a full stack technology platform and a relentless focus on serving our members. We started Oscar in 2012 to create the kind of health insurance company we would want for ourselves-one that behaves like a doctor in the family.About the role:Oscar Medical Group runs a Virtual Health Assessment (VHA) program that outreaches and virtually engages Oscar Health Insurance members in an evaluation and management visit.The lead nurse practitioner or physician assistant will oversee care delivered to our patients. You'll be responsible for delivering care as part of a multidisciplinary team of Advanced Practice Providers (APPs), Registered Nurses (RNs), and Medical Assistants, delivering world-class care using a unique and innovative care model. With this team, you will manage a panel of patients primarily virtually while coordinating in-person care when required.Additionally, you may be responsible for supervising a team of APPs (NPs and PAs) delivering care to patients to their patient panels if needed.You will report to the Director of Virtual Health AssessmentWork Location:This is a remote position, open to candidates who reside in: Arizona; Arkansas; California; Colorado; District of Columbia; Florida; Georgia; Illinois; Massachusetts; Michigan; Nevada; New Hampshire; New Jersey; New York; North Carolina; Ohio; Pennsylvania; Texas, or Virginia. While your daily work will be completed from your home office, occasional travel may be required for team meetings and company events. #LI-RemotePay Transparency:The base pay for this role is: $135,000- $176,000 per year. You are also eligible for employee benefits including generous PTO, sick and floating holidays, 9 paid holidays, 401k with match and an annual bonus.Responsibilities:Provide direct patient care via telemedicine (video, phone, messaging) while working with a multidisciplinary teamProvide supervision to a group of APPs (NPs and PAs) who are delivering care in a virtual environment and provide professional & clinical growthClinical escalation point for the care delivery team as needed (APPs, RNs, MAs)Support development of clinical guidelines, continuous improvement of care model, and participate in collaborative projects with Operations and Product team members as a clinical leaderBe accountable for the quality of care of your patientsOther duties as assignedCompliance with all applicable laws and regulationsRequirements:Must have full practice licensure in good standing in Florida plus at least three of the following states: Arizona; Arkansas; California; Colorado; District of Columbia; Georgia; Illinois; Massachusetts; Michigan; Nevada; New Hampshire; New Jersey; New York; North Carolina; Ohio; Pennsylvania; Texas, or Virginia.DNP, FNP, ENP, or PA from accredited programBoard Certification (NCCPA or AANP or ANCC)5+ years of primary/urgent care experience 1+ year Experience delivering care in a community-based / in person settingBonus points:Spanish language fluencyPrior telehealth experience1+ years experience in supervising teams, including other clinical staff NP and PA supervisionExperience being metric driven in a practice setting as it relates to population health management and/or, quality benchmarks, and productivityPay Transparency:Final offer amounts, within the base pay set forth above, are determined by factors including your relevant skills, education, and experience.Full-time employees are eligible for benefits including: medical, dental, and vision benefits, 11 paid holidays, paid sick time, paid parental leave, 401(k) plan participation, life and disability insurance, and paid wellness time and reimbursements.Artificial Intelligence (AI):Our"" target=""_blank"">[email protected]) to make the need for an accommodation known.This is an authentic Oscar Health job opportunity.At Oscar, being an Equal Opportunity Employer means more than upholding discrimination-free hiring practices. It means that we cultivate an environment where people can be their most authentic selves and find both belonging and support. We're on a mission to change health care - an experience made whole by our unique backgrounds and perspectives.Pay Transparency:Final offer amounts, within the base pay set forth above, are determined by factors including your relevant skills, education, and experience.Full-time employees are eligible for benefits including: medical, dental, and vision benefits, 11 paid holidays, paid sick time, paid parental leave, 401(k) plan participation, life and disability insurance, and paid wellness time and reimbursements.Artificial Intelligence (AI):OurOscar applicants are considered solely based on their qualifications, without regard to applicant's disability or need for accommodation. Any Oscar applicant who requires reasonable accommodations...",https://job-boards.greenhouse.io/oscar/jobs/8245297?utm_source=remotenurseconnection&utm_medium=jobboard,"Advanced Practice Nurse, Emergency Medicine | Urgent Care, Triage | Telehealth",Remote Nurse Connection,2026-10-07T16:08:38.234755
Part-Time Concurrent Review RN - Every Saturday and Sunday,Florida Blue,2026-10-01,"Jacksonville, Florida, United States",Hybrid,Regular | Perm Employee,Regular | Perm Employee,Hybrid,"$71,200 - $89,000","This position is a part-time permanent role, 16 hours per week, every Saturday and Sunday.The CRN is responsible for performing medical reviews using established criteria to ensure the member is receiving care at the most appropriate level. The CRN builds relationships with facility case managers to facilitate appropriate care and discharge planning. The CRN is responsible for identifying appropriate care programs for members to ensure a smooth transition from facility to home and to decrease frequency of readmission.What You Will Be DoingServe as a point of contact for providers to assist in navigating members them through the continuum, educate regarding benefits, identify candidates for Care Programs and provide information pertaining to the network and network accessEvaluate members in the Hospital, Skilled Nursing Facility, LTAC, Acute Inpatient Rehab for benefit determination, medical necessity and appropriate level of care utilizing member benefits and InterQual or other medical necessity criteria.Participate in weekly case reviewDetermine member's discharge status and identify and coordinate any additional needs and services that require ongoing Care Coordination servicesCollaborate with Medical Directors, Managers, Co-workers and other departments including Case Management and Care PartnersWhat We Require2+ years related work experience.Experience Details: Recent (within the past 3-5 years) clinical experience in a hospital, LTAC, Rehab, SNF setting evaluating hospital benefit determination, medical necessity and appropriate level of careRelated Bachelor's degree or additional related equivalent work experienceUnrestricted US Registered Nurse licenseFlorida State Licensure and/or Compact State LicensureExperience in one or more of the following: home health care, rehab, SNF, utilization review, discharge planning or case management Referrals for possibleCase Management activities that focus on acute and non-acute services, outpatient services and/or community resourcesExperience with the Healthcare industry and Managed Care Experience in MS Word and Excel Moderate to heavy keying requiredOccasional travel within the State of FloridaWhat We PreferBachelor's degree Nursing, Healthcare or BusinessUtilization Review/ManagementGeneral Physical DemandsExerting up to 10 pounds of force occasionally to move objects.Jobs are sedentary if traversing activities are required only occasionally.This position offers a hybrid work arrangement which combines flexibility with in-office engagement. Team schedules are determined based on role requirements and business needs. Travel to and from our corporate or regional offices may be required.What We OfferBased on your job designation, as a Florida Blue employee, you will be at the heart of GuideWell's vision - to lead the nation in transforming health through compassionate, connected, and technology-enabled care that delivers personalized value and empowered living.To support your wellbeing, comprehensive benefits are offered. As an employee, you will have access to:Medical, dental, vision, life and global travel health insuranceIncome protection benefits: life insurance, short- and long-term disability programsLeave programs to support personal circumstancesRetirement Savings Plan including employer matchPaid time off, volunteer time off, 10 holidays and 2 well-being daysAdditional voluntary benefits available; and a comprehensive wellness programEmployee benefits are designed to align with federal and state employment laws. Benefits may vary based on the state in which work is performed. Benefits for intern, part-time and seasonal employees may differ.To support your financial wellbeing, we offer competitive pay as well as opportunities for incentive or commission compensation. We also conduct regular annual reviews with pay for performance considerations for base pay increases.Typical Annualized Offer/Hiring Range: $71,200 - $89,000Annualized Salary Range: $71,200 - $115,700Final pay will be determined with consideration of market competitiveness, internal equity, and the job-related knowledge, skills, training, and experience you bring.We are an Equal Employment Opportunity employer committed to cultivating a work experience where everyone feels like they belong and can perform at their best in pursuit of our mission. All qualified applicants will receive consideration for employment.",https://fa-etum-saasfaprod1.fa.ocs.oraclecloud.com/hcmUI/CandidateExperience/en/sites/floridablue/job/42167,"Long Term Care, Registered Nurse | RN, Utilization Management | Utilization Review",Remote Nurse Connection,2026-10-07T16:08:38.378522
Clinical Editor/Proofer Registered Nurse - 258905,Medix,2026-10-01,"New York, United States",Remote,Contract,Contract Employee,Remote,,"About the jobTITLE:Clinical Editor/Proofer (RN) **Must have NYS RN license active/unrestricted**TARGET BACKGROUND:Acute care/medical surgical experience + BSN + some background or experience with editing or clinical writingLOCATION:RemoteSCHEDULE:Tuesday - Saturday, 9am-5:30pm (40 hours a week)PAY:$48-53/hrGENERAL RESPONSIBILITIES:This individual will review all NYS Dispute Resolution and External Review determinations for accuracy of decisions, mathematical determinations, content, grammar, punctuation and state required conventions. They will utilize their clinical knowledge and editorial skills to produce a final, clean copy for each case determination. They will track errors and retrain clinical and administrative staff to mitigate production errors.DUTIES:Conduct thorough review of pre-final dispute determinations using checklist tools.Make clinical and mathematical edits to responses using provided case documentation, as necessary.Consult with team members and supervisors as necessary to improve final product.Complete edits check of content, references, grammar, spelling and punctuation before release of final product.Maintain tracking and trending of errors and use findings to analyze areas of concern and highlight areas of improvement.Will provide technical assistance and conduct/participate in staff huddles.Other activities as may be deemed necessary.QUALIFICATIONS:Licensed as a Registered Professional Nurse in New York State.Evidence of medical proofing, editing skills including professional writing and/or publishing.Knowledge and experience with electronic medical records including coding, quality, and clinical charting.Ability to oversee, problem solve and work collaboratively with peers, medical, analytical, and administrative support staff.Excellent communication and verbal skills.Ability to work independently with little supervision.Ability and desire to be flexible, innovative, and creative.Post graduate studies demonstrating proficiency in writing, editing and proofing skillsEDUCATION & EXPERIENCE:Baccalaureate degree in Nursing or graduate of an approved Registered Professional Nurses training program and licensed to practice in the State of New York.A minimum of two year's experience in an acute care facility preferably in medicine/surgery or special care units; and/or one to three year's experience in acute care utilization review.",https://www.linkedin.com/jobs/view/4472658010/,"Appeals | Denials, Auditing, Registered Nurse | RN, Utilization Management | Utilization Review",Remote Nurse Connection,2026-10-07T16:08:38.540440
Registered Nurse Director Professional Development,Ascension,2026-10-01,United States,Remote,Regular | Perm Employee,Regular | Perm Employee,Remote with Travel,,"Your future role at a glanceLocation:Remote (with onsite travel)Department:Clinical Professional DevelopmentSchedule:Full-timeHow you'll make an impact in this rolePotential travel: up to 50% to market locations (IL, IN, KS, TN, WI, TX, FL, MD, OK).Design and launch comprehensive professional development programs that standardize clinical excellence and directly advance the organizations strategic health goals.Nationally support system level education in partnership with the Sr. Director.Forge collaborative partnerships with internal leaders and external stakeholders to co-create learning pathways that reflect the evolving needs of modern patient care.Mentor and develop a high-performing team of educators, fostering a culture of continuous growth and ensuring every staff member is empowered to reach their full potential.What minimum requirements you'll needLicensure / Certification / Registration:Registered Nurse obtained prior to hire date or job transfer date required.Registered Nurse credentialed from the American Nurses Credentialing Center (ANCC) obtained within 18 Months (1 1/2 year) of hire date or job transfer date required.Education:High School diploma equivalency with 5 years of applicable cumulative job specific experience required, with 2 of those years being in leadership/management OR Associate's degree/Bachelor's degree with 3 years of applicable cumulative job specific experience required, with 2 of those years being in leadership/management.Additional Preferences:ANPD Certification.Master's Degree.Benefits that help you thriveComprehensive health coverage:medical, dental, vision, prescription coverage and HSA/FSA optionsFinancial security & retirement:employer-matched 403(b), planning and hardship resources, disability and life insuranceTime to recharge:pro-rated paid time off (PTO) and holidaysCareer growth:Ascension-paid tuition (Vocare), reimbursement, ongoing professional development and online learningEmotional well-being:Employee Assistance Program, counseling and peer support, spiritual care and stress management resourcesFamily support:parental leave, adoption assistance and family benefitsOther benefits:optional legal and pet insurance, transportation savings and moreLife at Ascension: Where purpose meets opportunityAscension is a leading nonprofit Catholic health system with a culture and associate experience grounded in service, growth, care and connection. We empower our 99,000+ associates to bring their skills and expertise every day to reimagining healthcare, together. Recognized as one of the Best 150+ Places to Work in Healthcare and a Military-Friendly Gold Employer, you'll find an inclusive and supportive environment where your contributions truly matter.Equal employment opportunity employerAscension provides Equal Employment Opportunities (EEO) to all associates and applicants for employment without regard to race, color, religion, sex/gender, sexual orientation, gender identity or expression, pregnancy, childbirth, and related medical conditions, lactation, breastfeeding, national origin, citizenship, age, disability, genetic information, veteran status, marital status, all as defined by applicable law, and any other legally protected status or characteristic in accordance with applicable federal, state and local laws. For further information, view theEEO Know Your Rights (English)poster orEEO Know Your Rights (Spanish)poster.Fraud prevention noticeProspective applicants should be vigilant against fraudulent job offers and interview requests. Scammers may use sophisticated tactics to impersonate Ascension employees. To ensure your safety, please remember: Ascension will never ask for payment or to provide banking or financial information as part of the job application or hiring process, our legitimate email communications will always come from an @ascension.org email address; do not trust other domains, and an official offer will only be extended to candidates who have completed a job application through our authorized applicant tracking system.E-Verify statementEmployer participates in the Electronic Employment Verification Program. Please clickherefor more information.",https://jobs.ascension.org/us/en/job/1283489,"Advanced Practice Nurse, Management | Leadership, Nurse Educator, Registered Nurse | RN",Remote Nurse Connection,2026-10-07T16:08:38.684993
Registered Nurse - Telehealth Case Manager,USAJobs,2026-10-01,"Cleveland, Ohio, United States",On-site,Regular | Perm Employee,Regular | Perm Employee,ON-SITE,,About the jobSummaryThe VA Northeast Ohio Healthcare System is recruiting for a Registered Nurse Telehealth Case Management within Community Outpatient Services. Responsible for providing competent - evidence-based care to assigned patients. Provides patient management - care coordination - and discharge/disposition planning for inpatient and outpatient settings. Assists Veterans - family members - and caregivers with receiving the most appropriate options and services to meet their complex health care needs.QualificationsBasic Requirements:English Language ProficiencyIn accordance with 38 U.S.C. 7403(f) - no person shall serve in direct patient care positions unless they are proficient in basic written and spoken EnglishGraduate of a school of professional nursing approved by the appropriate accrediting agency and accredited by one of the following accrediting bodies at the time the program was completed by the applicant: The Accreditation Commission for Education in Nursing (ACEN) or The Commission on Collegiate Nursing Education (CCNE)OR Individuals attending a master's level bridge program in nursing who have completed coursework equivalent to a bachelor's level degree in Nursing may have opportunity to become registered as a nurse with a state licensing board prior to completion of the bridge programUpon achievement of a State license - the individual may be appointed on temporary basis and later converted to a permanent appointment upon successful completion and graduation from the bridge program(Reference VA Handbook 5005 - Appendix G6)OR In cases of graduates of foreign schools of professional nursing - possession of a current - full - active - and unrestricted registration will meet the requirement for graduation from an approved school of professional nursing to warrant an appointment as a Nurse who has completed an associated degree/entry level Nursing education programCredit for foreign nursing education higher that associate degree/entry level requires a formal degree equivalency validation from a recognized equivalency evaluation accepted by VA such as International Consultants of Delaware (ICD)Current - full - active - and unrestricted registration as a graduate professional nurse in a State - Territory or Commonwealth (i.e. - Puerto Rico) of the United States - or the District of ColumbiaGraduate Nurse Technician (GNT) Exception: Candidates who otherwise meet the basic education requirements - but do not possess the required licensure - may be appointed at the entry step of the grade and level applicable to the completed nursing education as a GNT on a 120-day temporary appointment while actively pursuing licensure (may be extended up to two years on a case-by-case-basis.) Driver's License: Must possess a valid - unrestricted state driver's licenseMust have a safe driving recordMust be medically qualified to operate the appropriate motor vehicle safelyNOTE: Grandfathering Provision - All persons currently employed in VHA in 0610 series and performing the duties as described in the qualification standard on the effective date of the standard (1/29/2024) are considered to have met all qualification requirements for the grade held including positive education and licensure/certificationGrade Determinations: The following Scope - Education and Dimension criteria must be met in determining the grade assignment of candidates - and if appropriate - the level within a gradeThe Dimension requirements (Practice - Veteran/Patient Driven Care - Leadership - Professional Development and Evidence-Based Practice/Research) are detailed for each grade and level within the online assessment: https://apply.usastaffing.gov/ViewQuestionnaire/13078246Grade/Level Scope Education Nurse I - Level I Delivers fundamental - knowledge-based care to assigned clients while developing technical competenciesAn Associate Degree (ADN) or Diploma in Nursing - with no additional professional nursing requiredNurse I - Level II Demonstrates integration of biopsychosocial concepts - cognitive skills and technically competent practice in providing care to clients with basic or complexAn ADN or Diploma in Nursing AND 1 year of specialized nursing experience equivalent to Nurse I - Level 1 ;OR a Bachelor of Science in Nursing (BSN) with no additional professional nursing experience requiredNurse I - Level III Demonstrates proficiency in practice based on conscious and deliberate planningSelf-directed in goal setting for managing complex client situationsAn ADN or Diploma in Nursing AND 2 years of professional nursing experience in which one year is equivalent to Nurse I - Level 2OR a BSN and 1 year of professional nursing experience equivalent to the Nurse I - Level 2OR a Master's degree in nursing (MSN) and no additional professional nursing experienceOR a Master's degree in a _related field with a BSN and no additional professional nursing experienceNurse II Demonstrates leadership in delivering and improving holistic care through ...,https://www.usajobs.gov/job/887011700,"Case Management | Care Management, Entry Level, Registered Nurse | RN",Remote Nurse Connection,2026-10-07T16:08:38.816690
RN Nursing Coordinator,UNC Health,2026-10-01,"Holly Springs, North Carolina, United States",On-site,Regular | Perm Employee,Regular | Perm Employee,ON-SITE,$35.87 - $51,"Job DescriptionDescriptionYour passion belongs at UNC Health. Join more than 56,000 teammates working together to improve the health and well-being of the communities we serve across North Carolina.Summary:Provides clinical administrative nursing care coordination in support of a patient care area. Duties include one or more of the following care coordination, discharge planning, data analysis and performance metrics, and patient/staff education.Responsibilities:1. Assesses patient status of a specialized population. Rounds with an interdisciplinary health care team to determine patient care needs and coordinate ongoing acute care and long-term needs. Uses expertise and experience in specialty practice to facilitate patient care. Acts as a liaison between the patient, family and health care team to communicate patient care needs including coordination of patient/family care conferences.2. Collaborates with health care team to provide information and resources to facilitate patient care. Provides inservices and formal presentations to nursing, medical and ancillary staff on topics related to the specialized patient population. Assist staff in the development of patient education materials for the patient population. Perform patient teaching related to specific topics and patient needs. Documents patient teaching in the medical record in the appropriate sections3. Collects data related to specialized patient population and analyzes for trends. Enters data or coordinates its entry into databases and registries for benchmarking purposes. Participates in performance improvement activities to promote quality patient care. Analyzes data for trends and makes suggestions for revisions to patient care protocols for the patient population. Monitors outcomes of care for patient population and collaborates with the interdisciplinary health care team on evaluation of outcomes.4. Coordinates patient care for post-hospitalization care and discharge planning. Makes referrals to other care providers during acute care episode and for post-discharge care. Communicates discharge needs to interdisciplinary health care team, patient and family. Coordinates appointments with clinics, outside referral sources, home care, durable medical equipment providers and other providers to ensure continuity of care for the patient. Attends care conferences and interdisciplinary care rounds. Documents care planning and communication with health care providers in the medical record.5. Promotes own professional development through attending inservices and presentations. Keeps current in practice through conferences, reading current literature and research. Role models professional nursing practice to others through use of the nursing process and professional behaviorsOther InformationOther information:Education Requirements: Graduation from a state-accredited school of professional nursingLicensure/Certification Requirements: Licensed to practice as a Registered Nurse in the state of North Carolina.Professional Experience Requirements: Five (5) years of professional nursing experience.Knowledge/Skills/and Abilities Requirements:Job DetailsLegal Employer: NCHEALTHEntity: UNC Health Medical GroupOrganization Unit: NC ObGyn And Midwifery AdminWork Type: Full TimeStandard Hours Per Week: 40.00Salary Range: $35.87 - $51.57 per hour (Hiring Range)Pay offers are determined by experience and internal equityWork Assignment Type: OnsiteWork Schedule: Day JobLocation of Job: US:NC:Holly SpringsExempt From Overtime: Exempt: YesThis position is employed by NC Health (Rex Healthcare, Inc., d/b/a NC Health), a private, fully-owned subsidiary of UNC Heath Care System. This is not a State employed position.Qualified applicants will be considered without regard to race, color, religion, sex, sexual orientation, gender identity, national origin, age, genetic information, disability, status as a protected veteran or political affiliation.UNC Health makes reasonable accommodations for applicants' and employees' religious practices and beliefs, as well as applicants and employees with disabilities. All interested applicants are invited to apply for career opportunities. Please email[email protected]if you need a reasonable accommodation to search and/or to apply for a career opportunity.",https://jobs.unchealthcare.org/jobs/18296980-rn-nursing-coordinator,"Clinical Coordinator | Navigator, Entry Level, Registered Nurse | RN, Women's Health",Remote Nurse Connection,2026-10-07T16:08:38.947547
"Clinical Consultant, Accident & Health",Skyward Specialty Insurance,2026-10-01,United States,Remote,Regular | Perm Employee,Regular | Perm Employee,Remote,"$80,000 - $130000","locationsRemote - UStime typeFull timeposted onPosted Yesterdayjob requisition idJR313Principal Duties and ResponsibilitiesEnsure effective risk management. Perform reviews, assessment of new business, and renewal large claims/disclosure to identify known and potential risk.Assist underwriters in the evaluation and assessment of clinical and claims data to identify and quantify known and potential risk through the provision of concise, detailed, and accurate reporting of data analysis findings, observations and recommendations to underwriting.Effectively explain complex clinical conditions to team.Develop and maintain strong client, TPA and vendor relationships.Consult with clients and TPA's on case management issues, alternative levels of care, program development, quality improvement, claims issues and educational needs.Work with claim team to determine the need to impact, develop a cost mitigation strategy and work with internal as well as external stakeholders to produce an effective clinical and financial outcome.Assist with medical necessity determinations and claim audits.Perform as needed: transplant and other complex /catastrophic care reviews including review of treatment plan for medicalnecessity/experimentaltreatment, appropriateness of setting and coordination of any necessary additional review with outside medical expert.Consult with internal and external clients on high cost claims and successfully engaged effective clinical risk management strategies.Determine need for extra contractual agreements and /or engagement of specialty resources and acts as a liaison until the claim is complete.Serve as a resource for claims and underwriting related to the risk management of A&H claims.Establish reserve recommendations and adjusted as needed and reviewed on a monthly basis.Build strong relationships with internal and external clients and communicated risk factors, resolved complex inquires and developed recommendations for continuous improvement.Qualifications, Education and Experience Preferred5+ years of clinical and case management experienceRN license requiredCCM preferredBachelor's degree preferredStop loss and reinsurance experience preferredExcellent written and oral communication skillsAbility to multi-task and prioritizeTeam oriented yet able to work independentlyAbility to build and maintain strong professional relationshipsProficiency with Excel, Word and spreadsheet analysisCompensation & BenefitsThe applicable base salary for this opportunity is $80,000 - $130000. The base pay offered will be determined by factors such as experience, skills, training, location, certifications, education, and any applicable minimum wage requirements. In addition to the base salary, this opportunity may be eligible for performance-based incentives. We are excited to offer a competitive total rewards package which includes health and welfare benefits, tuition and professional certification assistance, 401k savings, elective participation in the Employee Stock Purchase Program, paid time off, paid holidays, and child bonding leave, as well as other employee assistance.",https://skywardinsurance.wd12.myworkdayjobs.com/en-US/SKY/job/Remote---US/Clinical-Consultant--Accident---Health_JR313,"Auditing, Case Management | Care Management, Entry Level, Featured, Registered Nurse | RN, Revenue Integrity, Risk Management",Remote Nurse Connection,2026-10-07T16:08:39.081855
Nurse - Clinical Review,WNS Global Services,2026-10-01,United States,Remote,Regular | Perm Employee,Regular | Perm Employee,Remote,,"Company DescriptionWNS, part of Capgemini, is an Agentic AI-powered leader in intelligent operations and transformation, serving more than 700 clients across 10 industries, including Banking and Financial Services, Healthcare, Insurance, Shipping and Logistics, and Travel and Hospitality. We bring together deep domain excellence - WNS' core differentiator - with AI-powered platforms and analytics to help businesses innovate, scale, adapt and build resilience in a world defined by disruption. Our purpose is clear: to enable lasting business value by designing intelligent, human-led solutions that deliver sustainable outcomes and a differentiated impact. With three global headquarters across four continents, operations in 13 countries, 65 delivery centers and more than 66,000 employees, WNS combines scale, expertise and execution to create meaningful, measurable impact.Job Description* Performs utilization review of cases to determine if the request meets medical necessity criteria in accordance with medical policies agreed upon with the Client and any applicable governing body.* Facilitates resolution of escalated cases that may require special handling.* Performs clinical reviews according to the policies and procedures of HealthHelp within the identified State and Federal or Client agreed upon timeframes.* Collaborates with client personnel to resolve customer concerns.* Appropriately identifies and refers quality issues to UM Leadership.* Assists Physician Reviewers and Medical Directors, as necessary, to ensure compliance with review timeframes.* Maintains written documentation according to HealthHelp's documentation policy.* Ensures consistency in implementation of policy, procedure, and regulatory requirements in collaboration with Nursing Management.* Keeps current with regulation changes as provided by Compliance Department and Nursing Management.* Adheres to all HIPAA, state, and federal regulations pertaining to the clinical programs.* Provides quality customer service through interaction with providers, administrative staff, and others.* Creates, encourages, and supports an environment that fosters teamwork, respect, diversity, and cooperation with others.* Engages in phone conversations with ordering providers, members, internal staff, primary care physicians (PCPs), and rendering providers as necessary to facilitate the clinical review process and ensure appropriate care decisions.* Effectively utilizes various computer systems and software to manage cases and document reviews.* Promotes business focus which demonstrates an understanding of the company's vision, mission, and strategy.* Participates in the HealthHelp Quality Management Program, as required.* Adheres to both URAC & NCQA standards pertinent to their job description.* Ability to prioritize projects, work independently under pressure, and meet critical deadlines.* Capable of communicating clinical concepts to providers and staff based on guidelines.* Performs other related duties and projects as assigned to meet business needs.Qualifications* RN, LPN/LVN graduate from an accredited school of nursing* Current, active unrestricted RN, LPN/LVN license in the state or territory of the U.S.* Minimum of two (2) years experience in utilization review, case management, or clinical quality improvement* Proficient technical skills in Microsoft Office (Word, Excel, and PowerPoint) and ability to adapt to new healthcare specific software and systems, required* Experience working with state and federal regulatory and compliance standards, preferred* Working knowledge of National Coverage Determination (NCD) and Local Coverage Determination (LCD)* Knowledge of insurance terminology* Good organizational and time management skills* Excellent written and verbal communication skills* Ability to utilize critical thinking skills* Highly motivated, self-starter who can work efficiently and independently, or as a team memberAdditional InformationTraining Schedule (First 6 Weeks): Monday to Friday, 8:00 AM - 4:30 PM (CST)Regular Schedule After Training: 10:30am CST - 7:00pm CSTLocation: RemoteCompensation DisclosureThe base salary for this position is $65,000 [LVN/LPN], $75,000 [RN] annually. This represents the base pay range that we reasonably expect to offer for this position.In addition to base pay, this role may be eligible for performance-based bonuses, incentive pay, or commissions, which are not included in the listed base salary range.WNS complies with all applicable federal, state, and local pay transparency laws, including those in California, Colorado, New York, Washington, and Illinois.Equal Opportunity Employer StatementWNS is an Equal Opportunity Employer. We celebrate diversity and are committed to creating an inclusive environment for all employees.All qualified applicants will receive consideration for employment without regard to race, color, religion, sex (including pregnancy, childbirth, or related medical conditions), sexual orientati...",https://jobs.smartrecruiters.com/WNSGlobalServices144/744000152790519-nurse-clinical-review?utm_source=remotenurseconnection&utm_medium=jobboard,"Licensed Practical Nurse | LPN | LVN, Registered Nurse | RN, Utilization Management | Utilization Review",Remote Nurse Connection,2026-10-07T16:08:39.218517
