job_title,company,date_posted,location,remote_status,employment_type,schedule,license_requirements,salary_range,job_description,apply_link,specialties,source_site,scraped_at
RN INFORMATICIST,,2026-06-17,Remote,On-site,Full-time,Days,Must Be Licensed In: Texas,,"Under general supervision of the Director, the Clinical Informaticist provides technical information systems knowledge with implementing and maintaining clinical information systems. Participates in development (database/application), training, troubleshooting, testing, and researching of clinical information systems. Cross trains for all applications to maintain and support system. Participates in clinical systems implementation cycle (planning, design, testing, validation, documentation, and ongoing support.). Works collaboratively with users of clinical information systems in both clinical and non-clinical areas as well as with Information Systems. Collaborates with appropriate departments to develop and maintain a technology plan that supports organization's needs. Participates in assessment, documentation, training, testing, and optimization of workflow/clinical systems. ESSENTIAL JOB FUNCTIONS Every effort has been made to make this job description as complete as possible. However, it in no way states or implies that these are the only duties the incumbent will be required to perform. The omission of specific statements of duties does not exclude them from the position if the work is similar, related or is a logical assignment to the position. Serves as liaison between the clinical departments and Information Systems while collaborating with Nurse Informaticist. Participates in design, build, validation/testing, and implementation of clinical systems. Directs and prioritizes workload depending on project timelines and organization/departmental needs. Participates in broader IT functions as required. Primarily responsible for outpatient EMR systems managed by HMH. Assists, develops, and provides ongoing education/training for clinical information system applications and workflow process changes. Collaborates to problem solve, appropriately troubleshooting clinical systems. Maintain ongoing knowledge and understanding of regulatory requirements. Participa",https://app.nursefern.com,Nursing Informatics,NurseFern,2026-06-18T12:27:54.684718
"QUALITY UTILIZATION SPECIALIST FULL-TIME, DAYS, HYBRID ($4,000 SIGN-ON BONUS)",Northwestern Medicine,2026-06-17,Remote,Hybrid,Full-time,Days,Must Be Licensed In: Illinois,$38.5 - $61.6 Hourly,"The salary range for this position is $38.50 - $61.60 (Hourly Rate) Placement within the salary range is dependent on several factors such as relevant work experience and internal equity. For positions represented by a labor union, placement within the salary range is guided by the rules outlined in the collective bargaining agreement. We offer a wide range of benefits that provide employees with tools and resources to improve their physical, emotional, and financial well-being while providing protection for unexpected life events. Please visit our Benefits(opens in new window) section located at jobs.nm.org/benefits to learn more. Northwestern Medicine is powered by a community of colleagues who are purpose-driven and committed to our mission to deliver world-class care. Here, you'll work alongside some of the best clinical talent in the nation leading the way in medical innovation and breakthrough research with Northwestern University Feinberg School of Medicine. We recognize where you've been, and we support where you're headed. We celebrate diverse perspectives and experiences, which fuel our commitment to equity and culture of service. Grow your career with comprehensive training and development opportunities, mentorship programs, educational support and student loan repayment. Create the life you envision for yourself with flexible work options, a Reimbursable Well-Being Fund and a Total Rewards package that support your physical, mental, emotional, and financial well-being. Make a difference through volunteer opportunities we offer in local communities and drive inclusive change through our workforce-led resource groups. From discovery to delivery, come help us shape the future of medicine. Benefits: $10,000 Tuition Reimbursement per year ($5,700 part-time) $10,000 Student Loan Repayment ($5,000 part-time) $1,000 Professional Development per year ($500 part-time) $250 Wellbeing Fund per year ($125 for part-time) Matching 401(k) Excellent medical, d",https://app.nursefern.com,"Utilization Review & Management (UR/UM), Quality",NurseFern,2026-06-18T12:27:56.813583
"CASE MANAGER, RN - CASE MANAGEMENT - PER DIEM 8 HOUR DAYS (NON-EXEMPT) (UNION)",USC,2026-06-17,Remote,On-site,PRN/Per Diem,"Days, 8hr shifts",Must Be Licensed In: California,$47.31 - $100 Hourly,"In collaboration with the interdisciplinary team, provides care coordination services evaluating options and services required to meet an individual's health care needs to promote cost-effective, quality outcomes. Serves as a consultant to members of the health care team in the management of specific patient populations. The RN case manager role integrates the functions of utilization management, quality management, discharge planning assessment, and coordination of post-hospital care services, including transfers to an alternative level of care. Essential Duties: Clinical Care Coordination * Able to effectively manage a case load of 18-20 patients * Utilizes the on line Work list to manage daily assigned caseload. * Assess physical and biopsychosocial needs of the patient through clinical assessment and utilizing data from multiple sources. * Analyze and interpret data in collaboration with patient, family, physician, health care team to develop a plan of care. * Ensures that a physician specific plan of care is in place for all patients. * Actively participates in interdisciplinary meetings. * Initiates a discharge planning assessment within 24 business hours of admission and documents in computer system. * Assesses ongoing discharge planning needs and documents is computer system as changes to the plan occur. * Demonstrates collaborative working relationship with social workers to ensure patient psychosocial needs are met. * Participates in physician and unit rounds. * Completes Medicare One Day Stay forms timely. * Completes disposition form for medicare patients timely. Consultant * Demonstrates sound clinical knowledge base. * Serves as a consultant to the health care team to identify financial issues that may affect care. * Participates in the education of health care team members on current healthcare issues impacting practice patterns and reimbursement. * Educates physicians and health care team on observation status, as appropriate. Leadership * Represen",https://app.nursefern.com,Case Management (CM),NurseFern,2026-06-18T12:27:58.914325
"TEAM LEAD, RN QUALITY ASSURANCE",Thyme Care,2026-06-17,Remote,Remote,Full-time,Days,Must Be Licensed In: State Of Residency,"$105,000 - $105,000 Salary","This role sits within the nursing vertical of Thyme Care's Quality, Training and Development org. As Team Lead, RN Quality Assurance, you will serve as a frontline people manager and operational partner to the Quality Manager, helping the team run with consistency, surface the right data, and continuously improve the quality of care delivered by Thyme Care's nursing team. You manage the nurses who conduct quality reviews; you do not manage the nurses who deliver direct care. Manage and support a team of RN quality reviewers: Provide day-to-day people management for a team of nurses conducting quality audits and chart reviews, including workload oversight, performance feedback, onboarding, and ongoing coaching. Serve as the first point of escalation for team questions and operational issues. Identify and report on clinical quality trends: Analyze chart audit findings, documentation reviews, and quality data to identify patterns and trends across the nursing team. Synthesize findings into clear, actionable summaries and present them to the Quality Manager on a regular cadence to inform improvement priorities. Collect, organize, and maintain quality data: Own the collection and management of quality audit data, ensuring records are accurate, complete, and consistently documented. Maintain dashboards and trackers that give the Quality Manager and org leadership real-time visibility into team performance and quality indicators. Support the Quality Manager in executing the quality program: Act as an operational extension of the Quality Manager, taking on delegated workstreams, preparing materials for quality reviews and team meetings, tracking follow-through on identified issues, and keeping the team's work moving between leadership touchpoints. Conduct and coordinate chart audits and peer reviews: Participate in and help coordinate structured chart audit and peer review cycles, applying clinical documentation standards and medical necessity criteria consistently acr",https://app.nursefern.com,Quality,NurseFern,2026-06-18T12:28:01.017065
TRIAGE NURSE-VASCULAR SURGERY HUNTLEY FULL TIME DAYS,Northwestern Medicine,2026-06-17,Remote,On-site,Full-time,Days,Must Be Licensed In: Illinois,$34.5 - $55.2 Hourly,"The salary range for this position is $34.50 - $55.20 (Hourly Rate) Placement within the salary range is dependent on several factors such as relevant work experience and internal equity. For positions represented by a labor union, placement within the salary range is guided by the rules outlined in the collective bargaining agreement. We offer a wide range of benefits that provide employees with tools and resources to improve their physical, emotional, and financial well-being while providing protection for unexpected life events. Please visit our Benefits(opens in new window) section located at jobs.nm.org/benefits to learn more. Northwestern Medicine is powered by a community of colleagues who are purpose-driven and committed to our mission to deliver world-class care. Here, you'll work alongside some of the best clinical talent in the nation leading the way in medical innovation and breakthrough research with Northwestern University Feinberg School of Medicine. We recognize where you've been, and we support where you're headed. We celebrate diverse perspectives and experiences, which fuel our commitment to equity and culture of service. Grow your career with comprehensive training and development opportunities, mentorship programs, educational support and student loan repayment. Create the life you envision for yourself with flexible work options, a Reimbursable Well-Being Fund and a Total Rewards package that support your physical, mental, emotional, and financial well-being. Make a difference through volunteer opportunities we offer in local communities and drive inclusive change through our workforce-led resource groups. From discovery to delivery, come help us shape the future of medicine. Benefits: $10,000 Tuition Reimbursement per year ($5,700 part-time) $10,000 Student Loan Repayment ($5,000 part-time) $1,000 Professional Development per year ($500 part-time) $250 Wellbeing Fund per year ($125 for part-time) Matching 401(k) Excellent medical, d",https://app.nursefern.com,Triage,NurseFern,2026-06-18T12:28:03.111800
"REGISTERED NURSE, TRANSFER CENTER",,2026-06-17,Remote,On-site,Full-time,"Days, Evenings, Nights",Must Be Licensed In: Mississippi,$0 - $0 Salary,"Job ID: 000FLR Tupelo Nursing - TRANSFER CENTER Full Time - Variable Posting Description We believe a career is more than just a career - it's a calling. Our teammates' ""True North"" is what calls them to health care; it's their passion. At North Mississippi Health Services, we believe in helping you leverage and connect that passion with a much greater purpose that impacts people you know and love. Job Description Job Summary: In an effort to provide complete customer satisfaction, this position should accurately listen and respond appropriately to requests made by transferring physicians, hospitals, and peers. To ensure patients are assigned rooms in an expedient manner, this position will utilize all critical resources within the organization to expedite this process. This position should give high priority to customer service and complete customer satisfaction. This position must ensure all paperwork and computer entry is checked for accuracy and continually enhances their knowledge regarding processes. This position will coordinate the successful transfer and placement of patients entering via the Patient Logistics Command Center access. This position will effectively communicate with the surgery department, emergency department, nursing units, physician offices, and outlying facilities to ensure appropriate placement of patients in a timely manner. This position must be able to adjust through a rapidly changing environment. This position will participate in personal and professional growth, development, and continuous improvement in all critical success factors of people, service, quality, financial, and growth. This position will be required to work weekends, and holidays. Customer Relations: This position is responsible for demonstrating the delivery of the CARES concept (compassion, accountability, respect, excellence, smile) in all interactions between the Patient Logistics Command Center and all physicians, internal customers, and external customers. Bu",https://app.nursefern.com,,NurseFern,2026-06-18T12:28:05.213581
COORDINATOR-RN UTILIZATION (NE),,2026-06-17,Remote,On-site,Full-time,Days,Must Be Licensed In: Mississippi,$0 - $0 Salary,"Job ID: 000FWI Tupelo Professionals - UTILIZATION MANAGEMENT Full Time - Day Posting Description We believe a career is more than just a career - it's a calling. Our teammates' ""True North"" is what calls them to health care; it's their passion. At North Mississippi Health Services, we believe in helping you leverage and connect that passion with a much greater purpose that impacts people you know and love. Coordinates: Consults with physician services Utilizes clinical diagnostics, physician documentation and non-physician clinical guidelines to facilitate status determination of inpatient, outpatient or outpatient observation. Coordinates final status with admitting and attending physicians Performs initial and concurrent clinical reviews as indicated by payer and patient clinical needs Inpatient and/or outpatient notification and precertification of services to payers Facilitates peer to peer, written reconsiderations or appeals throughout all denial cycle as appropriate Facilitates appropriate observation utilization Consults with patient financial services Educations: Provides education and literature to physician services regarding IPPS and OPPS Educates physicians and other care team member on level of care criteria and other third party payer requirements Reporting/Recordkeeping: Updates patient's medical records as required Shares medical necessity documentation with payers to facilitate reimbursement Regulation: Adheres to NMHS/NMMC Policies/Procedures/Guidelines Complies with applicable Local/State/Federal policies/procedures/guideline/regulations/laws/statues Associates Degree in Nursing, required; Bachelor's Degree preferred Licensed as a Registered Nurse by the Mississippi Board of Nursing; required Minimum of 5 years clinical and/or healthcare experience; required Excellent organizational and communication (written and verbal) skills; required Knowledge of various payer sources, federal/state laws/regulations, and cost containment; required Certifie",https://app.nursefern.com,Utilization Review & Management (UR/UM),NurseFern,2026-06-18T12:28:07.301551
"NURSE PRACTITIONER - REMOTE WITHIN MN, CO, MA, ME, RI, OR VT (TELEHEALTH) PART TIME",Planned Parenthood North Central States,2026-06-17,Remote,Remote,Part-time,Days,"Must Be Licensed In: Colorado, Maine, Massachusetts, Minnesota, Rhode Island, Vermont",$48 - $60 Hourly,"Nurse Practitioner - Remote within MN, CO, MA, ME, RI, or VT (Telehealth) (Nurse Practitioner, Advanced Practice Registered Nurse, Physician Assistant, Clinician) Pay: The anticipated salary range for this position is $48-$60 per hour, depending on experience and qualifications. Compensation is determined based on a variety of factors, including relevant work experience, the skills required for the role, internal equity, market competitiveness, and budget considerations. We are committed to ensuring fair and competitive pay for all employees Schedule: Part-time, 24 hours per week. Eligible for full benefits! Clinic hours: Varied 4-8 hour shifts. Monday-Friday between 7:45am-8:15pm CST. Saturday and Sunday between 9:45am-6:30pm CST. Evenings and weekends assigned on rotation. Location: Remote within MN, CO, MA, ME, RI, or VT Job type: Hourly/Non-Exempt Union Membership: This position is represented by SEIU. Questions? Contact Jobs@ppncs.org. Job Summary: Under general administrative supervision of the Telehealth Advanced Practice Clinician (APC) Manager & Telehealth Manager, clinical supervision of and collaboration with the Telehealth APC Manager, Associate Medical Director of Family Planning, the Chief Medical Officer and Program Directors, the Telehealth Clinician provides virtual clinical services, including reproductive and sexual health care, to patients of the PPNCS Virtual Clinics through a direct-to consumer telehealth model of care, site-to-site telehealth support for health centers, and an asynchronous, text-based Telehealth delivery model. Clinicians are advocates in implementing our mission of ""Advancing and protecting sexual and reproductive healthcare for all."" They may perform other related duties to support Telehealth operations as assigned. Benefits and Perks: We offer a comprehensive benefits package, including: Medical, Dental & Vision Insurance with equity-based premium tiers Free, virtual primary care for all employees enrolled i",https://app.nursefern.com,Telehealth,NurseFern,2026-06-18T12:28:09.403618
ADVICE LINE RN - OBGYN JEFFERSON STREET,,2026-06-17,Remote,Hybrid,Full-time,Days,Must Be Licensed In: Virginia,$0 - $0 Salary,"Employment Status: Full time Shift: Day (United States of America) Facility: 902 S Jefferson St - Roanoke Requisition Number: R160789 Advice Line RN - OBGYN Jefferson Street (Open) How You'll Help Transform Healthcare: The RN Advice Line provides triage support for incoming calls, coordinates patient care needs, and supports clinical decision making through assessment and communication. The RN Advice Line Triages incoming clinical calls and provides nursing coordination for patients of all ages. Assesses caller needs, gathers clinical information, and determines appropriate care actions. Provides patient education and guidance, determining urgency of care and appropriate level of service. Documents all encounters accurately and timely in the electronic medical record. Coordinates communication of physician orders to clinical staff and updates scheduling as needed. Monitors laboratory orders and results, ensuring timely collection, reporting, and follow-up actions. Communicates lab results and treatment changes to providers and patients. Collaborates with administrative and billing staff to ensure completion of orders and care plans. Serves as a resource for referrals, clinical review, and coordination of patient services. Addresses customer concerns, resolves issues, and escalates when necessary to leadership. Collaborates with clinical leaders to support staff competency and development. Participates in performance improvement activities, including chart review and data collection. Supports home visits or clinical care delivery as needed based on operational demand. Uses critical thinking and multitasking skills to manage multiple calls and priorities simultaneously. Schedules appointments, processes referrals, and collects patient demographic and insurance information. Provides medication refill support and answers patient clinical questions. Utilizes electronic systems to document care and support communication across teams. Serves as a patient advocate and pr",https://app.nursefern.com,Triage,NurseFern,2026-06-18T12:28:11.497171
"UM CLINICAL SPECIALIST RN-PHYSICAL HEALTH (FULL-TIME REMOTE, NC BASED)",,2026-06-17,Remote,Remote,Full-time,Days,Must Be Licensed In: North Carolina,"$68,227 - $86,990 Salary","The Utilization Management (UM) Clinical Specialist RN for physical health (PH) independently assesses the medical necessity of inpatient admissions, outpatient services, surgical and diagnostic procedures, and out of network services, monitors consumer treatment through ongoing and continuous review to ensure that services are delivered based on consumer need and established clinical guidelines, and identifies and follows-up on clinical cases of concern and high-risk/special needs consumers to ensure enrollees are linked to appropriate treatment resources. The UM Clinical Specialist RN - PH may represent the unit in cross agency collaborative needs. This position is full-time remote. Selected candidate must reside in North Carolina and be willing to travel to one of the offices for onsite team meetings as needed. Responsibilities & Duties Assesses the medical necessity of services Independently conduct medical necessity reviews of service requests submitted by service providers against developed clinical guidelines within contractually mandated turn-around times Ensure authorized services address appropriate service needs, intensity of service outcomes, and alternatives for consumers Provide a consistent application of medical necessity criteria for physical health services that promotes a holistic review of the member's needs Conduct pre-certification, concurrent, and retrospective reviews to ensure compliance with medical policy, member eligibility, benefits, and contracts Conduct utilization reviews to monitor adherence to clinical practice guidelines and best practice standards Notify members of adverse benefit determinations while preserving members' Due Process rights Ensure compliance with performance measures outlined within all accrediting body standards Perform other related duties as required by the immediate supervisor or other designated Alliance Health administrators Compliance Comply with utilization management and quality improvement policie",https://app.nursefern.com,Utilization Review & Management (UR/UM),NurseFern,2026-06-18T12:28:13.593036
RN CALL ASSIST OVERNIGHT - REMOTE IN PST,UnitedHealth Group,2026-06-17,Remote,Remote,Full-time,"Days, Evenings","Must Be Licensed In: Compact, Washington",$29 - $52 Hourly,"Optum WA, is seeking a RN Call Assist to join our team in Everett, WA. Optum is a clinician-led care organization that is changing the way clinicians work and live. As a member of the Optum Care Delivery team, you'll be an integral part of our vision to make healthcare better for everyone. At Optum, you'll have the clinical resources, data and support of a global organization behind you so you can help your patients live healthier lives. We believe you deserve an exceptional career, and will empower you to live your best life at work and at home. Experience the fulfillment of advancing the health of your community with the excitement of contributing new practice ideas and initiatives that could help improve care for millions of patients across the country. Because together, we have the power to make health care better for everyone. Join us and discover how rewarding medicine can be while Caring. Connecting. Growing together. Position in this function is under general supervision the Staff RN/Consulting Nurse is responsible for providing telephone triage assessment to Primary Care patients by using state of the art telecommunications, information technology and approved protocols; to clients ensuring the efficient use of medical and nursing, facilities and equipment and to provide excellent customer service. Schedule: Week 1: Sun: 6pm-7am, Mon: Off, Tues: Off, Wed: Off, Thurs: Off, Fri: 6pm-7am, Sat: 6pm-7am = 36 hours Week 2: Sun: 6pm-7am, Mon: Off, Tues: Off, Wed: Off, Thurs: Off, Fri: 6pm-7am, Sat: 6pm-7am = 36 hours If you have the ability to work PST hours, you'll enjoy the flexibility to work remotely* from anywhere within the U.S. as you take on some tough challenges. Position Highlights & Primary Responsibilities: Utilizes clinical expertise and approved protocols to provide health advice to consumers with clinical questions and makes referrals for health services as appropriate via telephone Be able to document calls in applicable system in a ti",https://app.nursefern.com,Triage,NurseFern,2026-06-18T12:28:15.693603
CASE MANAGER LPN - REMOTE,UnitedHealth Group,2026-06-17,Remote,Remote,Full-time,Days,"Must Be Licensed In: Compact, California",$20 - $36 Hourly,"Optum is a global organization that delivers care, aided by technology to help millions of people live healthier lives. The work you do with our team will directly improve health outcomes by connecting people with the care, pharmacy benefits, data and resources they need to feel their best. Here, you will find a culture guided by inclusion, talented peers, comprehensive benefits and career development opportunities. Come make an impact on the communities we serve as you help us advance health optimization on a global scale. Join us to start Caring. Connecting. Growing together. Optum's Pacific West region is redefining health care with a focus on health equity, affordability, quality, and convenience. From California to Oregon and Washington, we are focused on helping more than 2.5 million patients live healthier lives and helping the health system work better for everyone. At Optum Pacific West, we care. We care for our team members, our patients, and our communities. Join our culture of caring and make a positive and lasting impact on health care for millions. Position in this function is under the direction of a Registered Nurse, this position is responsible for ensuring the continuity of care in both the inpatient and outpatient settings utilizing the appropriate resources within the parameters of established contracts and patients' health plan benefits. Facilitates a continuum of patient care utilizing basic nursing knowledge, experience, and skills to ensure appropriate utilization of resources and patient quality outcomes. Performs care management functions on-site or telephonically as the need arises. Reports findings to the Care Management department Supervisor / Manager / Director in a timely manner. You'll enjoy the flexibility to work remotely * from anywhere within the U.S. as you take on some tough challenges. Primary Responsibilities: Consistently exhibits behavior and communication skills demonstrating Optum's commitment to superior customer",https://app.nursefern.com,Case Management (CM),NurseFern,2026-06-18T12:28:17.789158
RN CARE GUIDE,Castlight,2026-06-17,Remote,Remote,Full-time,"Days, Evenings",Must Be Licensed In: Compact,$35.43 - $53.15 Hourly,"Position Title: RN Care Guide Employment Type: Full-Time, Fully Remote Schedule Requirement: 12:30 PM-9:00 PM EST Start Date: July 20, 2026 Training Requirement: 7 weeks, 100% attendance required Job Summary apree health - the combined entity of Castlight and Vera Whole Health - is dedicated to improving healthcare engagement, simplifying care navigation, and reducing overall healthcare costs. We are seeking a full-time, fully remote RN Care Guide to join our Shared Services team, with a strong focus on Complex Case Management and telephonic clinical support. This role supports patients through RN triage, disease education, care planning, care coordination, transition of care management, medication education, ED diversion, and barrier resolution. You will be a key clinical voice helping patients access the right care at the right time.  How will you make an impact & Requirements  Responsibilities Gap Closure & Care Coordination - Identify patients needing follow-up, care coordination, or intervention using provided systems and tools. ED Overutilization Reduction - Provide education and steerage to appropriate levels of care. Telephonic RN Triage - Use standardized protocols (e.g., Schmitt-Thompson) to guide patients to safe, appropriate care. Proactive Outreach - Complete Health Risk Assessments, assess for safety concerns, and connect patients to clinical/community resources. Caseload Management - Manage a high-volume panel and triage queue while maintaining clinical quality and compassion. Care Team Collaboration - Participate in care team meetings to ensure coordinated, appropriate care. Patient Education - Provide disease, medication, and lifestyle education to support patient success. Empathy & Ownership - Deliver compassionate, patient-centered care with a focus on outcomes. Confidentiality Compliance - Adhere to all confidentiality laws and protocols. Cost of Care Awareness - Understand the impact of rising-risk populations on total cost of",https://app.nursefern.com,Triage,NurseFern,2026-06-18T12:28:19.873437
REGISTERED NURSE - PRN - ACCREDO - WORK AT HOME,Cigna,2026-06-17,Remote,Remote,PRN/Per Diem,,Must Be Licensed In: State Of Residency,$31 - $52 Hourly,"Registered Nurse is responsible for reviewing escalated clinical criteria reviews for providers, members and patient client advocates within the Prior Authorization/Utilization Management department. Identify and track trends for analytics reporting to ensure clinical criteria program integrity. Maintain a professional and ethical behavior at all times as outlined by the Nurse Practice Act and applicable company policies. ESSENTIAL FUNCTIONS Adheres to principles as stipulated by program specific contractual agreements and company practices which may include: Interact and build relationships with assigned patients throughout duration of program. Provide patient centric education regarding treatment and disease states for assigned products. Complete monthly appeals across both reimbursement and prior authorization processes, leveraging strong knowledge of payer guidelines, denial resolution strategies, clinical documentation review, and cross-functional collaboration. Deliver customized interactions based on patient's needs. Participates in program specific customer meetings and training sessions. Participates in program specific orientation meetings and demonstrates clinical and systems competency on tests. Performs special projects and performs other duties as it pertains to specific contract performance Hours: Minimum of 16 hours/week; hours to be determined to meet business needs. QUALIFICATIONS Registered Nurse (RN) license in state of primary residence. BSN preferred. Compact nursing license preferred. Minimum 2 years of nursing experience in prior authorizations or case management. Proficiency with Microsoft Office; basic database navigation. Knowledge of pharmacy, pharmaceuticals, life sciences, or healthcare business required. Ability to multitask in PC/Phone tasks. Teamwork and communication skills required. If you will be working at home occasionally or permanently, the internet connection must be obtained through a cable broadband or f",https://app.nursefern.com,"Utilization Review & Management (UR/UM), Prior Authorization (PA)",NurseFern,2026-06-18T12:28:21.975218
"TRIAGE REGISTERED NURSE MANAGER - REMOTE WITHIN MN, IA, NE",Planned Parenthood North Central States,2026-06-17,Remote,Remote,Full-time,Days,Must Be Licensed In: Minnesota,"$72,000 - $85,000 Salary","Minnesota, Iowa, Nebraska, North Dakota, South Dakota Triage Registered Nurse Manager - Remote within MN, IA, NE Pay: The anticipated salary range for this position is $72,000-$85,000 per year, depending on experience and qualifications. Compensation is determined based on a variety of factors, including relevant work experience, the skills required for the role, internal equity, market competitiveness, and budget considerations. We are committed to ensuring fair and competitive pay for all employees. Schedule: Full-time, 40 hours per week Clinic Hours: Monday-Friday, 8:00AM-8:00PM, Some evenings and weekends occasionally Location: Remote Job type: Salaried/Exempt Questions? Contact Jobs@ppncs.org. We are unable to hire remote employees working from the following states: Alabama, California, Delaware, Indiana, Kentucky, Maryland, Michigan, Missouri, New Jersey, New Mexico, Nevada, New York, Ohio, Oklahoma, Pennsylvania, Texas, Washington, or West Virginia. Job Summary: Under immediate supervision of the Director of Patient Engagement, the Triage Manager provides leadership and operational oversight for the remote RN Triage team and is responsible for quality oversight, employee development, and coordination of patient-centered triage and follow up services. This position works collaboratively with the APC Managers and Health Center Managers with the objective of providing excellent reproductive care to our patients and supporting our clinical partners. This position is a leader in advancing all clinical services of the organization, including family planning, abortion, and any new or expanding clinical services. The Triage Manager is an advocate in implementing our mission of ""Advancing and protecting sexual and reproductive health care for all"". They may perform other related duties as assigned. Benefits and Perks: We offer a comprehensive benefits package, including: Medical, Dental & Vision Insurance with equity-based premium tiers Free, virtual p",https://app.nursefern.com,Triage,NurseFern,2026-06-18T12:28:24.074893
MEDICAL REVIEW NURSE ANALYST,WPS Health Solutions,2026-06-17,Remote,Remote,Full-time,,"Must Be Licensed In: Compact, State Of Residency","$70,000 - $85,000 Salary","Our Medical Review Nurse Analyst - Registered Nurse (RN) is responsible for reviewing medical records to determine whether services are payable based on TRICARE policy, reference materials, and evidence-based research. This analyst evaluates clinical documentation across a variety of workloads, including but not limited to authorizations, appeals, and medical review claims. This Medical Review Nurse Analyst collaborates closely with internal teams, providers, and external partners to ensure accurate, timely, and compliant review outcomes. Salary Range $70,000 ~ $85,000 The base pay offered for this position may vary within the posted range based on your job-related knowledge, skills, and experience. Work Location We are open to remote work in the following approved states: Colorado, Florida, Georgia, Illinois, Indiana, Iowa, Michigan, Minnesota, Missouri, Nebraska, New Jersey, North Carolina, Ohio, South Carolina, Texas, Virginia, Wisconsin How do I know this opportunity is right for me? If you: Enjoy reviewing authorization requests by evaluating submitted medical records to determine service eligibility and compliance with TRICARE policy and evidence-based guidelines. Have analyzed clinical documentation for disputed appeals, ensuring accurate interpretation of medical information and appropriate application of policy and criteria. Like to review supporting medical documentation for medical review claims, verifying clinical necessity, completeness, and adherence to regulatory requirements. Can gather, assess, and summarize clinical information needed to support second-level appeal reviews, collaborating with internal stakeholders as required. Enjoy reviewing escalated or high-risk cases requiring specialized clinical knowledge or interpretation. Minimum Qualifications U.S. Citizenship is required for this position due to Department of Defense restrictions. Bachelor's Degree in Nursing (BSN) or equivalent combination of education and experience. Active Regis",https://app.nursefern.com,Utilization Review & Management (UR/UM),NurseFern,2026-06-18T12:28:26.174255
RN VIRTUAL CARE (PART TIME),AdventHealth,2026-06-17,Remote,On-site,Full-time,,Must Be Licensed In: Florida,$31.53 - $52.24 Hourly,"Joining AdventHealth is about being part of something bigger. It's about belonging to a community that believes in the wholeness of each person, and serves to uplift others in body, mind and spirit. AdventHealth is a place where you can thrive professionally, and grow spiritually, by Extending the Healing Ministry of Christ. Where you will be valued for who you are and the unique experiences you bring to our purpose-minded team. All while understanding that together we are even better. All the benefits and perks you need for you and your family: Benefits from Day One: Medical, Dental, Vision Insurance, Life Insurance, Disability Insurance Paid Time Off from Day One 403-B Retirement Plan 4 Weeks 100% Paid Parental Leave Career Development Whole Person Well-being Resources Mental Health Resources and Support Pet Benefits Schedule: Part time Shift: Night-Weekend (United States of America) Address: 602 COURTLAND ST City: ORLANDO State: Florida Postal Code: 32804 Job Description: Shift: Variable shift based on need Address: 600 Courtland Street Orlando 32804 work from home flexible based on good performance Provides courteous responses and excellent customer service when fielding inquiries from consumers, clinic staff, physicians, colleagues, and leaders. Actively works with staff and supervisors to achieve established performance metric standards. Maintains knowledge of services and AdventHealth offerings to properly direct inquiries when outside of service's scope. Demonstrates excellent customer-care skills and provides virtual clinical care within the nursing scope of practice. Utilizes critical thinking skills and decisive judgment to provide triage to symptomatic consumers in accordance with scope of practice. Elicits questions, concerns, and information from callers to assess symptoms, determine acuity, identify appropriate algorithm/protocol, and develop patient care plans and follow-up. Provides professional advice, education, and opt",https://app.nursefern.com,Virtual Care,NurseFern,2026-06-18T12:28:28.273795
UTILIZATION MANAGEMENT NURSE (SUN-THURS OR TUES-SATURDAY),Curana,2026-06-17,Remote,Remote,Full-time,Days,Must Be Licensed In: State Of Residency,$0 - $0 Salary,"Utilization Management Nurse open to either a Sun-Thursday or Tuesday-Saturday shift The primary role of the Utilization Management Nurse is to review and monitor members' utilization of health care services with the goal of maintaining high quality cost-effective care. The role includes providing the medical and utilization expertise necessary to evaluate the appropriateness and efficiency of medical services and procedures. This includes providing prior authorizations, concurrent review, proactive discharge/transition planning, and high dollar claims review. There is a heavy emphasis on concurrent review and proactive transition planning, and high dollar claims review. There is a heavy emphasis on concurrent review and proactive transition planning for members in the hospital and skilled nursing facility. This is primarily a remote telephonic position with normal business day hours, with one weekend day per month coverage. This position serves as a liaison to the Plan Medical Director working closely with appeals and medical decisions. Essential Duties & Responsibilities Performs concurrent and retrospective reviews on all facility and appropriate home health services. Monitors level and quality of care. Responsible for the proactive management of acutely and chronically ill patients with the objective of improving quality outcomes and decreasing costs. Evaluates and provides feedback to member's providers regarding a member's discharge plans and available covered services, including identifying alternative levels of care that may be more appropriate. As part of the hospital prior authorization process, responsible for determining ""observational"" vs ""acute inpatient"" status. Integral to the concurrent review process, actively and proactively engages with member's providers in proactive discharge/transition planning. Actively participates in the notification processes that result from the clinical utilization reviews with the facilities. Prepares CMS-compli",https://app.nursefern.com,Utilization Review & Management (UR/UM),NurseFern,2026-06-18T12:28:32.477792
REGISTERED NURSE NICU PROGRAM COORDINATOR,,2026-06-17,Remote,On-site,Full-time,Days,Must Be Licensed In: Texas,$0 - $0,"Ready for a role that supports your unique calling in patient care and fits your life? At Del Sol Medical Center, you'll find clear pathways to advance backed by our unmatched nationwide transfer policy that lets you grow your career when the time is right for you. With mentorship opportunities, clinical education courses, professional certification support, and educational assistance, you will have all the resources you need to build the career of a lifetime. Job Summary and Qualifications POSITION SUMMARY: The Coordinator Neonatal Program provides leadership and promotes excellence on patient care for neonatal conditions. This position's responsibilities include Performance Improvement activities, chart review, gap identification, change implementation, daily patient rounds, policy and protocol review, and nursing education. In addition, ability to abstract information from identified high risk patient medical records as needed. This position is responsible for maintaining the integrity and confidentiality of the registry, verification and updating of information compiled and preparing reports as requested. In addition, the program manager will serve as the primary key contact for the facilities Neonatal Level III program. What qualifications you will need: EDUCATION AND EXPERIENCE REQUIRED AND/OR PREFERRED: Required: Associate Degree in Nursing & a minimum of three years of experience in NICU nurse. Preferred: Bachelor or Master of Science in Nursing, previous experience as NICU Clinical Nurse Coordinator LICENSES AND CERTIFICATES: Required: Currently licensed as a registered professional nurse in the state(s) of practice and/or has an active compact license, in accordance with law and regulation. FT/PT/PRN colleagues with a compact license from a state other than Texas must: BLS Certification NRP certification REQUIRED Be a clinically active and practicing registered nurse participating in neonatal care Have t",https://app.nursefern.com,Quality,NurseFern,2026-06-18T12:28:34.581267
RN - BED CONTROL / TRANSFER CENTER,Piedmont,2026-06-17,Remote,On-site,Full-time,Days,Must Be Licensed In: Georgia,$0 - $0,"Overview: The Bed Control/Transfer Center Registered Nurse (BCTC RN) coordinates and assigns all beds at Piedmont Atlanta Hospital (PAH). They are also responsible for evaluating, coordinating, processing, screening, and documentation of patient transfers into PAH. The BCTC RN collaborates with physician offices, emergency department, inpatient units, surgical services and procedural areas to facilitate patient flow and provide optimum service to all patients and physicians. At times the BCTC RN must assess patients for the most appropriate level of immediate care and optimal bed placement. BCTC RN utilizes problem solving and customer service skills to determine the best course of action for the patient, the physician, and the hospital by working closely with facility House Supervisors, referring physicians, ED/inpatient staff and administration. Responsibilities: The Bed Control/Transfer Center Registered Nurse (BCTC RN) coordinates and assigns all beds at Piedmont Atlanta Hospital (PAH). They are also responsible for evaluating, coordinating, processing, screening, and documentation of patient transfers into PAH. The BCTC RN collaborates with physician offices, emergency department, inpatient units, surgical services and procedural areas to facilitate patient flow and provide optimum service to all patients and physicians. At times the BCTC RN must assess patients for the most appropriate level of immediate care and optimal bed placement. BCTC RN utilizes problem solving and customer service skills to determine the best course of action for the patient, the physician, and the hospital by working closely with facility House Supervisors, referring physicians, ED/inpatient staff and administration. Qualifications: Education Bachelors Degree of Science in Nursing (BSN) Required Work Experience 3 years to 5 years of experience working as a Registered Nurse in an acute care setting Required Experience in critical care or emergency/trauma Preferred Proficient with EPIC",https://app.nursefern.com,,NurseFern,2026-06-18T12:28:36.669589
RN - QUALITY PROCESS,,2026-06-17,Remote,On-site,Full-time,Days,Must Be Licensed In: New Mexico,$27.92 - $42.63 Hourly,"Location Address: 1202 Highway 60 Socorro, NM 87801-3914 Compensation Pay Range: Minimum Offer $27.92 Maximum Offer $42.63 Summary: Responsible for Socorro General Hospitals Quality Program including Clinical Quality, Patient Safety and Regulatory/Accreditation compliance. Performs analysis, planning, implementation, and evaluation of program-level focused initiatives that promote SGH quality strategies and priorities. Leads and participates in cross functional teams; facilitates process redesign, performs project audits and completes them, and presents results to various leaders and stakeholder groups. How you grow, learn and thrive matters here. * Educational and career development options, including tuition and certification reimbursement, scholarship opportunities * Staff Safety (a wearable badge that allows nurses to quickly and discreetly call for help when safety is a concern) * Differentials for night/weekend shifts, higher education, certifications and various lead roles (for eligible positions) * Malpractice liability insurance * Loan forgiveness through the New Mexico Higher Education Department * EPIC electronic charting system Type of Opportunity: PRN FTE: 0.00 Job Exempt: No Work Shift: Varied Days and Hours (United States of America) Responsibilities: Plans, develops, coordinates, implements and evaluates quality management processes. Lead the development of facility measures (Performance Measurement scorecards and dashboards). Uses appropriate data display and statistical tools to interpret data for decision making. Interfaces with various SGH departments and PHS entities to gather, measure, analyze, and interpret data from multiple sources in support of clinical programs in patient safety and clinical quality. Prepares and presents data interpretation and recommendations to clinical programs and to appropriate committees and groups at a level understood by the intended audience. Leads or directs in identifying, designing and documenting app",https://app.nursefern.com,Quality,NurseFern,2026-06-18T12:28:40.836619
INTEGRATED CARE MANAGER (MATERNAL HEALTH) - REMOTE,Blue Cross Blue Shield of Arizona,2026-06-17,Remote,Remote,Full-time,Days,Must Be Licensed In: Arizona,$0 - $0 Salary,"Responsible for promoting continuity of care through a collaborative process that assesses, plans, implements, coordinates, monitors, and evaluates care options and services available to members through their benefit plan that meet the individuals' health care needs while promoting quality, cost effective outcomes. This job description is primary for case management functions but can assist with utilization management if a business need arises. REQUIRED QUALIFICATIONS Required Work Experience 2 year(s) of experience in full-time equivalent of direct clinical care to the consumer Required Education Associate's Degree in general field of study or Post High School Nursing Diploma or Master's Degree in a behavioral health field of study (i.e., MSW, MA, MS, M.Ed.), Ph.D. or Psy.D Required Licenses Active, current, and unrestricted license to practice in the State of Arizona (or an endorsement to work in Arizona) as a behavioral health professional such as LCSW, LPC, LISAC LMFT, or licensed psychologist (Psy.D. or Ph.D.), OR an active, current, and unrestricted license to practice nursing in either the State of Arizona or another state in the United States recognized by the Nursing Licensure Compact (NLC) as an RN. Required Certifications Within 4 years of hire as a Care Manager employee must hold a certification in case management from the following certifications; Certified Case Manager (CCM), Certified Disability Management Specialist (CDMS), Case Management Administrator, Certified (CMAC), Case Management Certified (CMC), Certified Rehabilitation Counselor (CRC), Certified Registered Rehabilitation Counselor (CRRC), Certified Occupational Health Nurse (COHN), Registered Nurse Case Manager (RN, C), or Registered Nurse Case Manager (RN,BC). PREFERRED QUALIFICATIONS Preferred Work Experience 3 year(s) of experience in full-time equivalent of direct clinical care to the consumer (managed care CM experience preferred) 1-2 year (s) of experience working in a manage",https://app.nursefern.com,Case Management (CM),NurseFern,2026-06-18T12:28:51.351899
HEALTH MANAGER - RN REQUIRED - REMOTE - AZ,Blue Cross Blue Shield of Arizona,2026-06-17,Remote,Remote,Full-time,Days,Must Be Licensed In: Arizona,$0 - $0 Salary,"Responsible for supporting members in achieving self-efficacy in managing their health condition(s) through a collaborative process that assesses, plans, implements, coordinates, monitors, and evaluates self-management strategies and care services available to members through their benefit plan that meet the individuals' health care needs while promoting quality, cost effective outcomes. QUALIFICATIONS REQUIRED QUALIFICATIONS Required Work Experience 2 years of experience in full-time equivalent of direct clinical care to the consumer Required Education Associate's Degree in general field of study or Post High School Nursing Diploma Required Licenses Active, current, and unrestricted license to practice nursing in either the State of Arizona or another state in the United States recognized by the Nursing Licensure Compact (NLC) as an RN, or active registration as a Registered Dietician (RD) or Registered Dietitian Nutritionist (RDN), or active registration as a Respiratory Therapist/Respiratory Care Practitioner. Required Certifications N/A PREFERRED QUALIFICATIONS Preferred Work Experience 3 years of experience in full-time equivalent of direct clinical care to the consumer 1-2 years (s) of experience working in a managed care organization Experience working with individuals living with chronic conditions such as: Diabetes, CHF, COPD, CAD, CKD, and asthma Preferred Education Bachelor's Degree in Nursing or Health and Human Services-related field of study Preferred Licenses N/A Preferred Certifications Diabetes Care and Education Specialist (DCES) (formerly Certified Diabetes Educator (CDE)) Certified Lifestyle Medicine Professional Certified Health Coach Case Management Certification ESSENTIAL JOB FUNCTIONS AND RESPONSIBILITIES Perform assessments, condition management education, training, and other clinically based activities to coordinate care among providers, members, and family to implement the care plan. Conduct member-centered planning, including s",https://app.nursefern.com,"Case Management (CM), Health Coach",NurseFern,2026-06-18T12:28:53.487726
"RN Clinical Documentation Integrity - Putnam, CT",Ensemble Health Partners,2026-06-16,"Putnam, CT, United States",On-site,Regular | Perm Employee,Regular | Perm Employee,ON-SITE,,"CAREER OPPORTUNITY OFFERING:Bonus IncentivesPaid CertificationsTuition ReimbursementComprehensive BenefitsCareer AdvancementThe base pay for this position is $80,000***Must be able to work Full-time on-site at DKH - Day Kimball Healthcare in Putnam, CT***The CDI Specialist facilitates and obtains appropriate physician documentation for any patient clinical condition or procedure to support the appropriate severity of illness, expected risk of mortality, and complexity of care as documented in patient medical records. Extensive medical record review and interaction with physicians, nursing staff, other patient care givers and HIM coding professionals is done to ensure the documentation is complete and accurate.Job Responsibilities:Completes initial patient medical record review within 24-48 hours of patient's admission; completes subsequent reviews of patient's medical record reviews every 24-48 hours and enters review findings in CDE software systemAssigns Principal diagnosis, CC/MCC (complication and comorbidity/major complication and comorbidity), evaluate for Severity of Illness (SOI) and Risk of Mortality (ROM) on all patients while in-house. Assigns working ICD-10-CM and PCS codes and DRG (Diagnosis Related Group) using encoder in CDE software.Clarifies with physicians regarding missing, unclear, unsupported or conflicting health record documentation by requesting and obtaining additional documentation from physicians when needed. Face to face physician interaction and written clarifications are used.Educates key healthcare providers such as physicians, nurse practitioners, allied health professionals, nursing and care coordination regarding clinical documentation improvement, documentation guidelines and the need for accurate and complete documentation in the health record.Partners with coding professionals to ensure accuracy of diagnostic and procedural data and completeness of supporting documentation to determine the working and final DRG assignment. Reviews DRG denial letters and writes denial appeal letters.Collaborates with care coordination, nursing staff and other ancillary staff regarding interaction with physicians on documentation and to resolve physician clarifications prior to patient discharge.Maintains and upholds all clinical documentation regulatory guidelinesFormulates and submits timely, well prepared appeals for reconsideration by third party administrators (payors). Including supporting documented clinical evidence, Coding/CDE Guidelines and other regulatory standards/guidelines as appropriate. Works collaboratively with co-works and management to effectively resolve root cause issues that impact payor contracts, hospital operations, or departmental to maintain reimbursement and minimize appeal requests and/or denials.Experience We Love:Minimum of five years acute care nursing experience with specific medical/surgical, Intensive Care, or Emergency Department experienceExcellent interpersonal skills including excellent verbal and written communication skills; proficient in and demonstrate excellent physician relationsAbility to organize and present information clearly and concisely; excellent computer and keyboarding skills; high degree of prioritization skillsMust be inquisitive and demonstrate openness to innovation including AI to explore better processes and ways to alleviate friction and improve patient and client experiences.Minimum EducationCurrent RN LicensureCertifications:CRCR Required within 9 months of hire#LI-LL1#LI-REMOTE",https://click.appcast.io/t/V-m_g3hdeKYIPbwMaKlE04khzomKm2UK9eHMYBqPsyjpzQBeaJo_1_35XDVAUXYH,"CDI | Clinical Documentation Integrity Specialist, Critical Care, Emergency Medicine | Urgent Care, Entry Level, Registered Nurse | RN, Sponsored",Remote Nurse Connection,2026-06-18T12:27:29.071360
QI Nurse Specialist (RN) (PQI),CalOptima,2026-06-12,,Remote,Regular | Perm Employee,Regular | Perm Employee,Remote,"$90,820 - $145,312","QI Nurse Specialist (RN) (PQI)CalOptimaJoin Us in this Amazing OpportunityThe Team You'll JoinWe are a mission driven community-based organization that serves member health with excellence and dignity, respecting the value and needs of each person. If you are ready to advance your career while making a difference, we encourage you to review and apply today and help us build healthier communities for all.More About The OpportunityWe are hoping you will join us as aQI Nurse Specialist (RN) (PQI)and help shape the future of healthcare where you'll be an integral part of ourQuality Improvementteam, helping to strive for excellence while we serve our member health with dignity, respecting the value and needs of each of our members through collaboration with our providers, community partners and local stakeholders. This position has been approved to beFull Telework.If telework is approved, you are required to work within the State of California only and if Partial Telework, also come in to the Main Office in Orange, CA, at least two (2) days per week minimum.The QI Nurse Specialist for Potential Quality Issue (PQI) will be responsible for participating in handling the organization's quality of care grievance review process and investigations for potential quality of care issues. You'll be involved with the collection of appropriate data and closing cases by preparing and submitting the cases to the Medical Director and committees for action and closure. Additionally, you'll will ensure grievances/complaints and PQIs are processed in accordance with regulations, compliance standards and policies and procedures.Together, we are building a stronger, more equitable health system.Your Contributions To The Team90% - Clinical AssessmentParticipates in a mission driven culture of high-quality performance, with a member focus on customer service, consistency, dignity and accountability.Assists the team in carrying out department responsibilities and collaborates with others to support short- and long-term goals/priorities for the department.Develops a thorough clinical review and written report for cases referred for PQI investigations for review.Performs clinical assessments of member complaints and intervenes as needed for urgent clinical issues.Reviews clinical cases to identify those that are quality of care and assists with the intake of cases in the department.Performs clinical investigations of potential quality issues received from sources (members, providers, staff, hotline, etc.) and assesses the criticality of events.Ensures integrity of departmental database by thorough, timely and accurate entry of cases.Participates in departmental meetings, trainings and audits as requested.Reviews productivity and timeliness for quality of care grievance reviews and PQIs through the use of reports.Fosters and supports a culture of compliance, ethics and integrity.Maintains knowledge of policies and procedures and performs in accordance with applicable regulatory requirements, external laws and accreditation standards as they relate to business and clinical risk management.10% - OtherCompletes other projects and duties as assigned.Do You Have What the Role Requires?Bachelor's degree in nursing PLUS 5 years of experience in patient care required, including 2 years of experience in an acute care hospital; an equivalent combination of education and experience sufficient to successfully perform the essential duties of the position such as those listed above may also be qualifying.Have access to means of transportation for work away from the primary office approximately 5% of the time required.You'll Stand Out More If You Possess The FollowingCertification in Case Management (CCM) or Certified Professional in Healthcare Quality (CPHQ).2 years of experience in a managed care setting.Project management experience.What the Regulatory Agencies Need You to Possess?Current unrestricted Registered Nurse (RN) license to practice in the state of California required.Your Knowledge & Abilities To Bring To This RoleDevelop rapport and establish and maintain effective working relationships with CalOptima Health's leadership and staff and external contacts at all levels and with diverse backgrounds.Work independently and exercise sound judgment.Communicate clearly and concisely, both orally and in writing.Work a flexible schedule; available to participate in evening and weekend events.Organize, be analytical, problem-solve and possess project management skills.Work in a fast-paced environment and in an efficient manner.Manage multiple projects and identify opportunities for internal and external collaboration.Motivate and lead multi-program teams and external committees/coalitions.Utilize computer and appropriate software (e.g., Microsoft Office: Word, Outlook, Excel, PowerPoint) and job specific applications/systems to produce correspondence, charts, spreadsheets, and/or other information applicable to the position assignment.Your Physical R...",https://jobs.caloptima.org/jobs/qi-nurse-specialist-rn-pqi-505-city-parkway-west-california-united-states,"Case Management | Care Management, Entry Level, Quality, Registered Nurse | RN",Remote Nurse Connection,2026-06-18T12:27:29.474209
Medical Office Nurse Coordinator,Olympic Medical Center,2026-06-12,"Port Angeles, WA",On-site,Regular | Perm Employee,Regular | Perm Employee,ON-SITE,$37.09 - $58,"About Olympic Medical CenterImagine working on Washington State's beautiful North Olympic Peninsula where recreational opportunities abound. Whether you enjoy hiking, camping, fishing, kayaking or cycling, the Olympic Peninsula is home to numerous adventures for outdoor enthusiasts. It's a great place to live, work, play and raise a family.Bordered by the scenic Olympic National Park, the Strait of Juan de Fuca and the Pacific Coast - with Seattle and Victoria, BC just a ferry ride away - you won't find a better location. You'll receive a competitive salary, excellent benefits plus an amazing PNW lifestyle - a perfect combination!Fte100%WORK SHIFTDaysPay Range$37.09 - $58.02UnionSHIFT DIFFERENTIALS/PREMIUMS:Weekends & Holiday Shifts:NoOn Call Shifts:NoJob DescriptionWorks under the direction of Physician and/or Advanced Registered Nurse Practitioner (ARNP) or Physician Assistant-Certified (PA-C) in outpatient practice. Assesses, plans, implements and evaluates the nursing care of patients in the clinic. Provides coordination of care for patients. Possesses the ability to assess data reflecting the patient's status. Interprets the appropriate information needed to identify each patient's requirements concerning his or her age-specific needs. Advocates for patient centered care. Provides the care needed in accordance with the department policies and procedures. Participates in patient and family teaching. Maintains standards for professional nursing practice in the outpatient clinical setting. Demonstrates the values contained in the Olympic Medical Center mission and philosophy statements. Supports and promotes a positive image of professional nursing.EDUCATIONExperienceRN required. BSN or equivalent preferred.Minimum of one year experience in an ambulatory medical clinic preferred. Experience working with specific clinic patients is preferred, e. g, oncology experience for oncology clinic, urology experience for urology clinic, OB-GYN experience for women's clinic.LICENSURE/CREDENTIALSCurrent Washington State Registered Nurse licensure and CPR certification.Benefits InformationClick here for information about our benefits.Equal Employment Opportunity (EEO) StatementOlympic Medical Center is an Equal Opportunity Employer that values workplace diversity. All qualified applicants will receive consideration for employment without regard to race, color, religion, sex, national origin, or protected veteran status and will not be discriminated against on the basis of disability. For more information, please visit www.eeoc.gov.",https://olympicmedical.wd5.myworkdayjobs.com/OMC_Careers/job/Port-Angeles/Medical-Office-Nurse-Coordinator_JR-11726,"Clinical Coordinator | Navigator, Entry Level, Registered Nurse | RN",Remote Nurse Connection,2026-06-18T12:27:29.575723
Care Coord Chronic Care,Children's Health,2026-06-12,"Dallas, TX,",Remote,Regular | Perm Employee,Regular | Perm Employee,"Remote, Training On-Site",,"Job Title & Specialty Area: Care Coordinator Chronic CareDepartment: ECM Disease ManagementLocation: Children's Health- DallasShift: Monday through Friday 8:00a to 5:00pJob Type: Remote, but will be required to go onsite twice a month at Trinity TowersWhy Children's Health?At Children's Health, our mission is to Make Life Better for Children, and we recognize that their health plays a crucial role in achieving this goal.Through our cutting-edge treatments and affiliation with UT Southwestern, we strive to deliver an extraordinary patient and family experience, ensuring that every moment, big or small, contributes to their overall well-being.Our dedication to promoting children's health extends beyond our organization and encompasses the broader community. Together, we can make a significant difference in the lives of children and contribute to a brighter and healthier future for all.SummaryProvide family centered disease-specific education and care coordination for program participants from enrollment into the program until completion, through established process. Responsibilities include coordinating telephone contacts to provide developmentally appropriate education. Collaborates among the health care team internally and externally to provide care, referrals and support as necessary. responsible for the collection of clinical data for research used to evaluate quality of care, resource utilization and patient outcomes of the program. Assist with and participate in outreach and advocacy opportunities to increase awareness of disease state.ResponsibilitiesCare Coordination and Telephonic patient Contact: Dependent upon area, but this scope may include limited clinical activities not to exceed six hours per week. Telephonic interactions with patients, physicians, and payers. Care Coordination with regard to managing, referring physicians, payer issues, equipment and medication issues. Coordination of efforts with community agencies, school nurse, day care worker.Data Collection and Monitoring: Responsible for outcome trending, data collection, data input, and basic calculation (mean).Community Involvement and Advocacy: health fairs, workshops, speaking engagements and appropriate professional organization involvement.Work ExperienceHow You'll Be Successful:At least 4 years related experience RequiredAt least 5 years Clinical Expertise, 2 years in sub-specialty areas PreferredTelephone Triage experience PreferredEDUCATIONFour-year Bachelor's degree or equivalent experience BSN RequiredLICENSES AND CERTIFICATIONSCurrent license to practice professional nursing in the State of Texas RequiredSpecialty area certification (AE-C or CDCES) 1 Year RequiredBasic Life Support for Healthcare Providers as required by CP 1.20 Life Support Course Requirements PreferredA Place Where You BelongWe put our people first. We welcome, value, and respect the beliefs, identities and experiences of our patients and colleagues. We are committed to delivering culturally effective care, creating meaningful partnerships in the communities we serve, and equipping and developing our team members to make Children's Health a place where everyone can contribute.Holistic Benefits - How We'll Care For YouEmployee portion of medical plan premiums are covered after 3 years.4%-10% employee savings plan match based on tenurePaid Parental Leave (up to 12 weeks)Caregiver LeaveAdoption and surrogacy reimbursementAs an equal opportunity employer, Children's Health does not discriminate against employees or applicants because of race, color, religion, sex, gender identity and expression, sexual orientation, age, national origin, veteran or military status, disability, or genetic information or any other Federal or State legally protected status or class. This applies to all aspects of the employer-employee relationship including but not limited to recruitment, hiring, promotion, transfer pay, training, discipline, workforce adjustments, termination, employee benefits, and any other employment-related activity.",https://jobsearch.childrens.com/job/CHHEUS31979EXTERNALENUS/Care-Coord-Chronic-Care,"Clinical Coordinator | Navigator, Entry Level, Pediatrics, Registered Nurse | RN",Remote Nurse Connection,2026-06-18T12:27:29.706947
"Clinical Specialist, Quality Management I",Personify Health,2026-06-12,,Remote,Regular | Perm Employee,Regular | Perm Employee,Remote,"$60,600 - $91,000","OverviewWho We AreBecause health is personal.That's why Personify Health created the first and only personalized health platform-bringing health plan administration, holistic wellbeing solutions, and comprehensive care navigation together in one place. We serve employers, health plans, and health systems with data-driven solutions that reduce costs while actually improving health outcomes. Together, our team is on a mission to empower people to lead healthier lives.Learn even more about the work that drives us at personifyhealth.com.ResponsibilitiesReady ToEssential Duties And ResponsibilitiesThe Clinical Specialist, Quality Management & Training is a licensed clinical professional responsible for regulatory compliance, quality oversight, and workforce education across Utilization Management (UM), Case Management (CM), and Chronic Disease Management (CDM) programs. The role applies independent judgment and discretion to evaluate clinical systems, conduct internal and external audits, support accreditation readiness (e.g., NCQA/URAC), and implement quality and training improvements that strengthen documentation integrity, timeliness, and member protections.What You'll Actually DoLevel I - Clinical Specialist I (Foundational) Regulatory Compliance & Quality OversightEnsure compliance with state, federal, and accreditation requirements (e.g., HIPAA, CMS, NCQA, URAC, ERISA, as applicable).Conduct internal and external audits of UM/CM/CDM processes and documentation; prepare audit files, findings, and corrective action recommendations.Identify quality and compliance risks and collaborate with cross-functional partners on mitigation and resolution.Review and support SOPs and workflows to ensure regulatory alignment and operational clarity.Support external audit readiness activities, including NCQA and URAC evidence preparation and maintenance.Training & Curriculum DeliveryDevelop, maintain, and deliver role-based training curriculum aligned to compliance standards, quality goals, and operational workflows.Conduct onboarding and orientation to prepare staff for assigned UM/CM/CDM functions.Deliver training using multiple modalities (virtual, self-paced, and one-on-one coaching) tailored to adult learners.Ensure training covers applicable processes such as case initiation and closure, documentation standards, high-dollar case monitoring, stop-loss notification, administrative support, customer service, and productivity expectations.Training Effectiveness & Corrective Action SupportEvaluate training effectiveness through feedback, observation, and performance data; identify improvement opportunities.Maintain training records and competency documentation; track trends and escalate performance concerns as needed.Conduct assigned quality audits to identify adherence gaps, documentation issues, and training needs.Provide coaching and training support aligned to corrective action plans (CAPs); document outcomes and communicate status to leadership.Professional Standards & ProductivityMaintain current knowledge of regulatory, accreditation, and evidence-based practice standards.Maintain HIPAA compliance and complete all required training within established timeframes.Demonstrate proficiency in Microsoft Office and Smartsheet; meet productivity, quality, and turnaround time expectations.Participate in required meetings and maintain professional, collaborative working relationships.Level II - Clinical Specialist II (Experienced / Advanced Individual Contributor)Advanced Audit Leadership & Program OwnershipServe as coordinator for at least one audit engagement; lead readiness activities and respond to auditor requests in collaboration with leadership.Conduct higher-complexity audits requiring advanced interpretation of regulations, accreditation standards, and clinical documentation requirements.Translate complex regulatory and accreditation requirements into actionable SOP updates, workflow clarifications, and training enhancements.Training Leadership & InnovationLeverage 3-5 years of experience leading, mentoring, and/or training staff; adapt teaching methods to varied learning styles and staff experience levels.Complete advanced teaching and/or mentoring coursework (or equivalent) and apply innovative approaches to deliver best-in-class managed care education.Lead innovation efforts and promote continuous learning initiatives that improve UM/CM/CDM performance and documentation quality.Data Analysis, Reporting & Cross-Functional CollaborationAnalyze audit results and training metrics to identify trends; recommend system-level improvements and targeted retraining plans.Demonstrate expert-level proficiency in Microsoft Office Suite and Smartsheet; use data tools (e.g., Excel and/or Power BI where available) to support reporting and visualization.Represent the department in cross-functional compliance initiatives and process improvement work, ensuring alignment with organizational goals.Senior - Senior Clinical Specialist (L...",https://www.linkedin.com/jobs/view/clinical-specialist-quality-management-i-at-personify-health-4427653239,"Case Management | Care Management, Quality, Registered Nurse | RN, Utilization Management | Utilization Review",Remote Nurse Connection,2026-06-18T12:27:29.825306
IBR Clinical Review RN,UnitedHealth Group,2026-06-12,,Remote,Regular | Perm Employee,Regular | Perm Employee,Remote,,"Optum is a global organization that delivers care, aided by technology, to help millions of people live healthier lives. The work you do with our team will directly improve health outcomes by connecting people with the care, pharmacy benefits, data and resources they need to feel their best.Here, you will find a culture guided by inclusion, talented peers, comprehensive benefits and career development opportunities. Come make an impact on the communities we serve as you help us advance health optimization on a global scale.Join us to startCaring. Connecting. Growing together.TheClinical Review Clinicianserves as a subject matter expert for itemized bill reviews and analyzing hospital facility bills. The clinical reviewer is responsible for documenting, researching and identifying adjustments for payment as part of a team that contributes to the preparation of Forensic Reviews for specific clients.Employees in this position receive limited supervision within a broad framework of policies and procedures. Employees in this position possess a comprehensive understanding of the claim review process including clinical claim review, medical record review, and a broad knowledge of applicable processes, procedures and billing guidelines.You will enjoy the flexibility to telecommute* from anywhere within the U.S. as you take on some tough challenges.Primary Responsibilities:Claim Review:Conduct Forensic Reviews using independent clinical knowledge to compare and analyze charge details of various amounts of total billed charges to determine benefit of full clinical review and estimation of adjustments for the purpose of meeting Optum's core business operationsComplete analysis of billing and departmental guidelinesParticipate as needed in the achievement and completion of department goalsComplete focused review of medical records to evaluate clinical course of care as applicableAssists with resolution of claims as needed to support negotiations and appeals processInteracts with internal business partners as requestedMaintains appropriate documentation on all claims according to departmental guidelines and proceduresUnderstand and maintain HIPAA confidentiality and privacy standards when completing assigned workOther: Research and Special Projects:Perform research to support audit adjustments and resolve issuesResearch reference materials for clinical standards as appropriatePerform research to identify new adjustments and business rules for the goal of meeting core business operationsReview and respond to research inquiries from team members and complete special research projectsParticipate in department and company meetings as requestedWhat are the reasons to consider working for UnitedHealth Group? Put it all together - competitive base pay, a full and comprehensive benefit program, performance rewards, and a management team who demonstrates their commitment to your success. Some of our offerings include:Paid Time Off which you start to accrue with your first pay period plus 8 Paid HolidaysMedical Plan options along with participation in a Health Spending Account or a Health Saving accountDental, Vision, Life& AD&D Insurance along with Short-term disability and Long-Term Disability coverage401(k) Savings Plan, Employee Stock Purchase PlanEducation ReimbursementEmployee DiscountsEmployee Assistance ProgramEmployee Referral Bonus ProgramVoluntary Benefits (pet insurance, legal insurance, LTC Insurance, etc.)You'll be rewarded and recognized for your performance in an environment that will challenge you and give you clear directions on what it takes to succeed in your role as well as provide development for other roles you may be interested in.Required Qualifications:Associate's degree (or higher)Active and unrestricted RN license OR LPN in the state of residence2+ years of clinical experience within an acute care setting1+ years of experience working with bill reviewPreferred Qualifications:Auditing and coding certificationsExperience working with medical terminology and codingExperience working with billing, charge master and complianceExperience working with plan benefit language, CMS (Medicaid and Medicare) and UB 04 billing guidelinesExperience with Microsoft Excel (create, data entry, save)Strong written and verbal communication skillsStrong organizational and critical thinking skills*All Telecommuters will be required to adhere to UnitedHealth Group's Telecommuter Policy.Pay is based on several factors including but not limited to local labor markets, education, work experience, certifications, etc. In addition to your salary, we offer benefits such as, a comprehensive benefits package, incentive and recognition programs, equity stock purchase and 401k contribution (all benefits are subject to eligibility requirements). No matter where or when you begin a career with us, you'll find a far-reaching choice of benefits and incentives. The hourly pay for this role will range from $28.94 to $51.83 per hour based on f...",https://uhg.taleo.net/careersection/10000/jobdetail.ftl?job=2346833&lang=en&utm_source=remotenurseconnection&utm_medium=jobboard,"Auditing, Coding, Licensed Practical Nurse | LPN | LVN, Registered Nurse | RN, Revenue Integrity",Remote Nurse Connection,2026-06-18T12:27:29.942860
Clinical Research Associate I (Canada),Premier Research,2026-06-12,,Remote,Regular | Perm Employee,Regular | Perm Employee,Remote with Travel,,"Premier Research is looking for a Clinical Research Associate I (Canada) to join our Global Clinical Monitoring and Site Management team.You will help biotech, medtech, and specialty pharma companies transform life-changing ideas and breakthrough science into new medicines, devices, and diagnostics. What we do is profoundly connected to saving and improving lives, and we recognize our team members are the most valuable asset in delivering success.We are here to help you grow, to give you the skills and opportunities to excel at work with the flexibility and balance your life requires.Your ideas influence the way we work, and your voice matters here.As an essential part of our team, you help us deliver the medical innovation that patients are desperate for.Join us and build your future here.What You'll Be Doing:Delivers quality, timely monitoring reports for sponsor approval per the Clinical Monitoring Plan(CMP)timelinesResponsible for the validity, correctness, and completeness of the clinical data reviewed and collected at assigned sites as dictated by ICH GCP/ISO14155, protocol and client requirementsMonitors (remote, onsite or other approved mode of monitoring) with a focus on data integrity andsubjectsafety in accordance withlocal/regional laws andcountryspecificregulationsPlans day-to-day activities for monitoring of a clinical study and sets priorities per sitePrepares for and conducts onsiteand/or remotequalification, study initiation, interim monitoring,dosing observation,and closeout monitoring visitsasdirected per CMPWorks with the Clinical Lead or equivalent to enhance and proactively manage site visits and trial issues during the monitoring phaseWhat We Are Searching For:Undergraduate degree or its international equivalent in clinical, science, or health-related field from an accredited institution; a licensed health-care professional (i.e., registered nurse); or equivalent work experience requiredPatient facing, study coordinating experience preferredKnowledge of ICH-GCP/ISO14155, FDA Guidance Documents, EU Directives, local/regional regulations, and drug/device development and clinical monitoring proceduresKnowledge of clinical/health systems as well as knowledge ofcultural/professionalpracticesappropriate tothe country/region where site monitoring activities will be conductedAbility to multitask and work effectivelywith technology and peoplein a fast-paced environment with changing priorities, self-starterTravel up to 70-85%Fluency in French is requiredPlease note this position has a tentative start date of July 6, 2026",https://premierresearch.wd12.myworkdayjobs.com/PremierResearch/job/Canada/Clinical-Research-Associate-I--Canada-_R6210?utm_source=remotenurseconnection&utm_medium=jobboard,"Biotech | Health Tech | Medical Device, Clinical Research, Entry Level, Registered Nurse | RN",Remote Nurse Connection,2026-06-18T12:27:30.053036
Clinical Financial Case Management RN,The Ohio State University,2026-06-12,,Remote,Regular | Perm Employee,Regular | Perm Employee,Remote,,"Screen reader users may encounter difficulty with this site. For assistance with applying, please contact[email protected]. If you have questions while submitting an application, please review theseCurrent Employees and Students:If you are currently employed or enrolled as a student at The Ohio State University, please log in toWelcome to The Ohio State University's career site. We invite you to apply to positions of interest. In order to ensure your application is complete, you must complete the following:Ensure you have all necessary documents available when starting the application process. You can review the additional job description section on postings for documents that may be required.Prior to submitting your application, please review and update (if necessary) the information in your candidate profile as it will transfer to your application.Job Title:Clinical Financial Case Management RNDepartment:Health System Shared Services | Revenue Cycle Clinical SupportScope of PositionRevenue Cycle Clinical Support Office (RCCS) is an area within Access and Revenue Cycle Management Shared Services responsible for Clinical Pre-Certification, Case Reviews, Pre-billing edits, in-patient account validations, supporting Utilization Management, Peer to Peer processes, complex billing scenarios, audits (governmental, commercial, compliance, and internal), clinical appeals and denial management. RCCS is integral to the Revenue Cycle and supports cash collection through preventing and appealing denials.Position SummaryResponsible for daily operational management of Revenue Cycle Clinical Support Staff, primarily involving the oversite of Clinical Pre-Certification, Peer to Peer, Clinical Appeals, Denial Analysis and Prevention for The Ohio State University Health System.Implements and supports the philosophy, mission, values, standards, policies, and procedures of The Ohio State University Wexner Medical Center. Functions within multidisciplinary teams leading staff to secure complex pre-authorizations and prevent/appeal clinical denials. The job duties require the utilization of clinical knowledge to interpret and apply medical necessity guidelines to determine appropriateness for services provided. Makes determinations on the appropriate level of care (Inpatient or Observation) based on the ability to read, understand, and interpret documented clinical information. Is a Subject Matter Experts (SME) for commercial and governmental payer requirements and audits such as RAC, MAC, QIO, etc. Maintains an awareness of State and National Health care trends, JCAHO, CMS, and third-party payer Utilization Management guidelines. Manages escalation processes to administration regarding the need to cancel or reschedule elective surgery when authorization is not secured along with escalations to Managed Care on payer denials.Is a SME and leads team members in understanding critical components of Managed Care, Scheduling, Financial Counseling, Pre-Certification,Admissions/Discharges/Transfers,Clinical workflows and documentation, Revenue Management, Charge Description Master, Coding (Diagnosis, HCPCS, Revenue Codes, Procedure Codes, Modifiers, etc.), Medical Information Management, Release of Information, Case Management, Utilization Management, Clinical Documentation Improvement, Compliance, Legal, Finance, Transplant workflows, Billing, Follow Up, Cash Posting, and any other areas that maybe needed to understand how to secure authorizations and appeal/prevent denials. Guides staff on how to read, understand and interpret a payer remit, denial/remark codes, and expected reimbursement to determine the cost effectiveness of completing an appeal.Is versatile, flexible, and very adaptable to change because the payer rules change constantly.Troubleshoots, problem solves, continuously learns, is highly independent, self-motivated and has an elevated level of interpretive skills with the ability to work closely with departments such as Legal, Medical Information Management, Physician groups and the Business Office.Develops and implements policies, procedures, workflows, and auditing procedures. Serves as a resource on governmental regulatoryinterpretation.Significant involvement with physicians, physician leaders, and administrators.Minimum QualificationsFor Hire Required: Bachelor's degree in nursing with current license required.2 years of relevant experience required. 2-4 years of relevant experience preferred. Experience collaborating with physicians and their designees. Strong, proven analytical skills. Ability to make educated decisions. Extensive knowledge of clinical operations and patient flow. Skilled at synthesizing large volumes of information and concisely communicating either verbally or in writing. Proficient in Microsoft Office Products such as: Word, Power Point, Excel, SharePoint, Teams, OneNote, etc. Proficient in Adobe Professional Proficient in using email, fax machines, copy machines, internet browsers. P...",https://osu.wd1.myworkdayjobs.com/OSUCareers/job/Remote-Location/Clinical-Financial-Case-Manager-RN_R150312-2?utm_source=remotenurseconnection&utm_medium=jobboard,"Case Management | Care Management, Registered Nurse | RN, Utilization Management | Utilization Review",Remote Nurse Connection,2026-06-18T12:27:30.156418
Case Manager,Premera Blue Cross,2026-06-12,,Remote,Regular | Perm Employee,Regular | Perm Employee,Remote,"$80,200.00 - $125,600","Workforce Classification:TelecommuterJoin Our Team: Do Meaningful Work and Improve People's LivesOur purpose, to improve customers' lives by making healthcare work better, is far from ordinary. And so are our employees. Working at Premera means you have the opportunity to drive real change by transforming healthcare.Premera is committed to being a workplace where people feel empowered to grow, innovate, and lead with purpose. By investing in our employees and fostering a culture of collaboration and continuousdevelopment, we're ableto better serve ourcustomers. It's thiscommitment that has earned us recognition as one of the best companies to work for."" target=""_blank"" rel=""noopener noreferrer"">.OurCase Managersare a compassionate team of behavioral health clinicians, nurses, and wellness specialists who support members through a wholeperson care model. We partner with individuals to understand their unique behavioral health needs, remove barriers, and empower meaningful progress toward emotional wellbeing and healthier daily living.Who we serve:Premera Blue Cross, a nationally recognized leader in the practice of integrated case management, is looking to expand our growing team of Case Managers. Our comprehensive, whole-person health assessment helps to identify member actionable barriers and develop obtainable goals that will eventually lead to self-care. In the interim, case managers employ an integrated case management approach that recognizes making lifestyle changes is not simple and meets members where they are. We also monitor progress toward goals and facilitate the coordination of providers as needed. Ourmarket-differentiatedapproach has helped thousands of members make meaningful improvements to their daily habits, health, and overall well-being.What you will get in this role:The opportunity to help members in a meaningful and impactful way. We know that helping people is important to you.The opportunity to learn and grow. You will be working with folks who literally wrote the book on integrated case management.The opportunity to have an impact. Your work improves the lives of our members and enables us to operate more impactfully.The opportunity to thrive in a career. We offer a supportive and safe environment where clinicians can work to the top of their licensure.The opportunity to take pride. We know your work is important just as you do.What you will do:Engage target members (those who are facing medical, mental health and/or substance utilization disorders) and build a relationship that will support open and constructive dialog on sensitive topics.Conduct initial holistic health assessments that help build an understanding of a member's specific situation and needs and identify any social determinants of health (SDOH) and cultural influences that may impact potential lifestyle changes.Create a space where a case manager and member can collaborate, along with relevant caregivers and providers, to develop a member-centric case management plan that sets goals, addresses potential barriers, and leads to improved health outcomes.Monitor, evaluate, and update the effectiveness of the member's case management plan to ensure progress toward goals is being made and that current goals remain pertinent.Facilitate communication and coordination among the health care team to maximize delivery of appropriate care.Provide interventions focused on removing barriers, promoting positive behavior change using motivational interviewing techniques, and stabilizing the members' natural support systems by ensuring that caregiver needs are identified and being met.Maintain concise, accurate, and timely documentation that meets accreditation, contractual, and legal requirements.What you will bring:Required:Active WA State or Compact Licensein one of the following:Nursing:Current registration as a nurse (e.g., RN, ARNP)Behavioral Health:Valid licensure (e.g., LMFT, LICSW, LMHC)Psychology:Board certification3 years' experience with direct patient/clinical carepost-licensure.Internet access through any Internet Service Provider (ISP) with a minimum connection speed of 75 Mbps (megabits per second) download speedPreferred:1+ years prior experience as a Case ManagerCertified Case Manager (CCM) certificationChemical Dependency Professional (CDP)Chronic Care Professional certification (CCP)LEAN trainingAdvanced Motivational Interviewing skillsLicensing and Certification Expectations:All Case Managers are required to have a valid WA state or MSL/ Compact license and meet WA state credentialingrequirements.Any Case Manager not holding an active Certified Case Manager (CCM) certification will have 24 months to obtain one.Training and Perks:Premera provides extensive training including initial and ongoing motivational interviewing skill development.Support in earning your Chronic Care Professional (CCP) certificate, Integrated Case Manager (ICM) certificate, as well as your Certified Case Manager (CCM) credential.Since 2012...",https://premera.wd5.myworkdayjobs.com/Premera/job/Telecommuter/Case-Manager_R28755?utm_source=remotenurseconnection&utm_medium=jobboard,"Advanced Practice Nurse, Case Management | Care Management, Entry Level, Psych | Behavioral Health | Mental Health, Registered Nurse | RN",Remote Nurse Connection,2026-06-18T12:27:30.273008
Case Management Specialist,CVS Health,2026-06-12,,Remote,Regular | Perm Employee,Regular | Perm Employee,Remote,$21.10 - $40,"We're building a world of health around every individual - shaping a more connected, convenient and compassionate health experience. At CVS Health, you'll be surrounded by passionate colleagues who care deeply, innovate with purpose, holdourselves accountableand prioritize safety and quality in everything we do. Join us and be part of something bigger - helping to simplify health care one person, one family and one community at a time.Job Purpose and SummaryAs an essential member of our Special Needs Plan (SNP) care team, the telephonic Care Manager Specialist (CMS) plays a key role in coordinating the care of our members, particularly those with social determinants of health (SDoH) needs and stable health conditions. The CMS collaborates closely with the Registered Nurse Care Manager, Care Coordinator, Social Worker, and other interdisciplinary care team participants to support the member in maintaining optimal health. This is achieved by evaluating the members' needs through the completion of the annual Health Risk Assessment Survey, addressing SDoH needs, and closing gaps in preventative and health maintenance care.Key ResponsibilitiesTelephonic Engagement:Dedicate 50-75% of the day to engaging with members and coordinating their care.Member Outreach:Utilize all available resources to connect with and engage ""hard-to-reach"" members.Care Planning:Partner with members to develop individualized care plans that encompass goals and interventions to meet their identified needs.Documentation:Maintain meticulous documentation of care management activities in the member's electronic health record.Collaboration:Work with the Interdisciplinary Care Team to address barriers to care and develop strategies for maintaining the member's stable health condition.Resource Connection:Identify and connect members with health plan benefits and community resources.Regulatory Compliance:Meet regulatory requirements within specified timelines.Consultswith the Care Manager RN within the Care Team for clinical knowledge, medication regimes, and supportive clinical decision makingCollaborates and leveragesthe Care Manager RN clinical expertise to ensure members' needs are adequately addressed.Additional Responsibilities:Support team objectives, enhance operational efficiency, and ensure delivery of high-quality care to members. This may include participating in special projects, contributing to process improvement initiatives, or assisting with mentoring new team members.Essential Competencies and FunctionsPerformance Metrics:Ability to meet performance and productivity metrics, including call volume, successful member engagement, and state/federal regulatory requirements.Professional Conduct:Conduct oneself with integrity, professionalism, and self-direction.Care Management Knowledge:Experience or willingness to thoroughly learn the role of care management within Medicare and Medicaid managed care.Community Resources:Familiarity with community resources and services.Healthcare Technology:Ability to navigate and utilize various healthcare technology tools to enhance member care, streamline workflows, and maintain accurate records.Collaboration:Maintain strong collaborative and professional relationships with members and colleagues.Communication Skills:Communicate effectively, both verbally and in writing.Customer Service:Excellent customer service and engagement skills.Required Qualifications2+ years of experience in a health-related field2+ years of customer service experienceProficient in Microsoft Office Suite (Word, Excel, Outlook, OneNote, Teams) and ability to effectively utilize these tools within the Case ManagementSpecialist (CMS)roleAccess to a private, dedicated space to conduct work effectively to meet the requirements of the positionPreferred QualificationsExperience providing care management for Medicare and/or Medicaid membersExperience working with individuals with SDoH needs, chronic medical conditions, and/or behavioral healthExperience conducting health-related assessments and facilitating the care planning processesBilingual skills, especially English-SpanishEducationAssociate's Degree AND relevant experience in a health care-related field OR Practical Nurse Degree/Certificate with active licensure that meets state requirements (REQUIRED)Bachelor's Degree in health care or a related field (PREFERRED)Anticipated Weekly Hours40Time TypeFull timePay RangeThe typical pay range for this role is:$21.10 - $40.90This pay range represents the base hourly rate or base annual full-time salary for all positions in the job grade within which this position falls. The actual base salary offer will depend on a variety of factors including experience, education, geography and other relevant factors. This position is eligible for a CVS Health bonus, commission or short-term incentive program in addition to the base pay range listed above.Our people fuel our future. Our teams reflect the customers, patients, members and communiti...",https://cvshealth.wd1.myworkdayjobs.com/CVS_Health_Careers/job/PA---Work-from-home/Case-Management-Specialist_R0936092?utm_source=remotenurseconnection&utm_medium=jobboard,"Case Management | Care Management, Entry Level, Licensed Practical Nurse | LPN | LVN",Remote Nurse Connection,2026-06-18T12:27:30.486332
Psychiatric Mental Health Nurse Practitioner,NATIVE AMERICAN MENTAL HEALTH SERVICES CORPORATION,2026-06-12,,Remote,Regular | Perm Employee,Regular | Perm Employee,Remote,,"Under the direction of the Director of Psychiatric Services, Medical Director, and in collaboration with a supervising or consulting psychiatrist (as required), the Psychiatric Mental Health Nurse Practitioner (PMHNP) provides compassionate, evidence-based psychiatric care to a diverse patient population. This includes psychiatric evaluations, diagnosis, treatment planning, medication management, brief therapeutic interventions, and patient education. The PMHNP works collaboratively with therapists, medical providers, and other interdisciplinary team members to ensure holistic care that addresses medical, mental health, and social needs. Care is delivered with attention to age, culture, trauma history, and individual circumstances.Essential Duties & ResponsibilitiesConduct psychiatric evaluations, assessments, and diagnoses based on diagnostic and statistical criteria.Develop and implement individualized treatment plans, including medication management and psychotherapy when appropriate.Collaborate with therapists, case managers, and other healthcare professionals to provide integrated care.Document patient interactions and treatment plans accurately and timely in the Electronic Health Record (EHR) system. Complete all required documentation accurately, timely, and thoroughly in accordance with company/contract and legal standards/requirements as well as comply with EHR requirements, including medication refills, responding to patient requests, finalizing notes.Educate patients and families about mental health conditions, treatment options, and medication adherence.Ensure compliance with state and federal regulations, including HIPAA, OSHA, and Medi-Cal requirements.Participate in clinical meetings, case conferences, and continuing education activities to maintain licensure and stay updated on best practices.Conduct comprehensive psychiatric evaluations and diagnostic assessments.Develop and implement individualized treatment plans focused on psychiatric care.Prescribe and manage psychotropic medications in accordance with state and federal regulations.Collaborate with therapists, medical providers, and consulting psychiatrists to ensure continuity and coordination of care.Educate patients and families about diagnoses, treatment options, medication use, and potential side effects.Maintain thorough, timely documentation in the Electronic Health Record (EHR) in accordance with company policies, legal standards, and contractual requirements.Ensure compliance with federal and state regulations, including HIPAA, OSHA, and Medi-Cal requirements.Respond promptly to patient messages, medication refill requests, and provider communications.Participate in clinical case conferences, team meetings, supervision, and continuing education required for licensure and practice development.Provide crisis intervention, safety planning, and support during psychiatric emergencies.Offer consultation to other clinics or providers as appropriate.Utilize standardized procedures and/or protocols per organizational policy and applicable state laws.Perform other duties as assigned by leadership.Prior or current credentialing with Medi-Cal, Medicare, Partnership HealthPlan, CCAH, and Carelon strongly preferred.",https://www.paycomonline.net/v4/ats/web.php/portal/41AB677C56179653F075B56B2282C0F4/jobs/307028?utm_source=remotenurseconnection&utm_medium=jobboard,"Advanced Practice Nurse, Entry Level, Psych | Behavioral Health | Mental Health",Remote Nurse Connection,2026-06-18T12:27:32.530383
